Time-Optimization,train-MaxReturn,Time-Sampling,n_timesteps,LossAfter,Time,train-NumTrajs,train-PolicyExecTime,train-AverageReturn,train-EnvExecTime,train-AverageDiscountedReturn,LossBefore,Itr,Time-SampleProc,ItrTime,train-MinReturn,train-StdReturn
0.28499627113342285,22.04248374060987,15.903923988342285,10000,0.0022437535,16.22592067718506,100,13.318381071090698,1.8539361446988374,2.337754487991333,0.7971010204681102,-1.4184808e-05,0,0.031000852584838867,16.22592067718506,-12.402385017666132,6.4244949908215725
0.2709999084472656,16.60951786929261,16.51595425605774,20000,0.026075158,33.049840211868286,100,13.80467176437378,1.3149102912822679,2.4660065174102783,0.2668352051519695,-1.4220903e-05,1,0.021997451782226562,16.809920072555542,-7.617246409333658,5.354142742577355
0.24599766731262207,25.294820371246264,16.64992117881775,30000,0.00027124857,49.9767587184906,100,13.859954595565796,4.117808708475807,2.518298864364624,1.9197162436334898,-1.4246233e-05,2,0.017000198364257812,16.91291904449463,-10.100556506114447,7.2955033886270915
0.25299763679504395,29.35706552527986,16.733951568603516,40000,-0.0037837243,66.99667716026306,100,13.974117040634155,10.946918220741324,2.4938063621520996,6.144199679497961,-1.424033e-05,3,0.017995595932006836,17.006917715072632,-5.4755930288489,7.682681421474061
0.2629966735839844,31.375628791002747,16.4729220867157,50000,-0.005748059,83.7695963382721,100,13.693254947662354,15.890787483087347,2.5007975101470947,9.812126487788284,-1.4195323e-05,4,0.021967649459838867,16.7599196434021,-3.6201009242257736,7.7675541747693435
0.2909975051879883,30.2312332369082,16.93091917037964,60000,-0.008173831,101.0265142917633,100,14.089426517486572,22.24352778485664,2.540968179702759,14.259519488540402,-1.4137761e-05,5,0.022001028060913086,17.24391770362854,-1.462909296751333,6.297583642886433
0.2669987678527832,31.99117427120682,17.080919981002808,70000,-0.0075717093,118.41443037986755,100,14.16706371307373,25.325616544949295,2.6388044357299805,17.439678873686894,-1.4080059e-05,6,0.02599811553955078,17.37491464614868,7.710116195562639,4.541615379580962
0.2709970474243164,30.98690121041607,17.418917417526245,80000,-0.0046823574,136.13634634017944,100,14.403390884399414,26.429810268999777,2.7278947830200195,18.850501219159646,-1.3989868e-05,7,0.018001317977905273,17.707915782928467,11.003893892701115,3.216508201937858
0.26199865341186523,31.4180296294544,17.96394443511963,90000,-0.004282135,154.4022581577301,100,14.792405605316162,27.369494710526702,2.911569833755493,19.936296837118782,-1.3903653e-05,8,0.02400040626525879,18.251912593841553,20.2829597958,2.1883126993760134
0.2649972438812256,30.427968293959474,17.384915828704834,100000,-0.0028423439,172.09817218780518,100,14.365689754486084,27.33943134898262,2.7479488849639893,20.366051610202167,-1.3821454e-05,9,0.026000499725341797,17.67691469192505,22.11734849893406,1.6277225916428166
0.25299739837646484,30.851962633691123,16.97991943359375,110000,-0.0029240663,189.36208987236023,100,14.065524339675903,27.614143376052297,2.630814552307129,20.98818018973204,-1.3712357e-05,10,0.018000125885009766,17.250916957855225,22.098340389013924,1.5164270926302708
0.25496721267700195,31.847442731653903,16.63092017173767,120000,-0.0048803743,206.28200912475586,100,13.798317670822144,27.579563378472677,2.5678677558898926,21.068255964398485,-1.3633151e-05,11,0.020003318786621094,16.906919717788696,20.849722235776095,1.9092812321256318
0.2649669647216797,31.445163884785014,17.028918981552124,130000,-0.0043628872,223.61392521858215,100,14.137730836868286,28.21208293290722,2.6300652027130127,21.85137892877333,-1.3542094e-05,12,0.02503061294555664,17.31891655921936,25.28897819692439,1.3682979427980153
0.2609982490539551,31.549048839968833,17.50491690635681,140000,-0.0023184486,241.41084122657776,100,14.490984439849854,28.1379246708117,2.7348978519439697,22.068401269114293,-1.3445261e-05,13,0.018000364303588867,17.783915519714355,23.654568321137624,1.3965076492630113
0.25699710845947266,31.643590095424436,16.612924098968506,150000,-0.004382824,258.32376194000244,100,13.755402565002441,28.042630455196807,2.586543560028076,21.950581583217026,-1.33719595e-05,14,0.024000167846679688,16.894922494888306,17.75288204779368,1.8733083545451008
0.26300048828125,31.936325162098147,16.918264627456665,160000,-0.0027276485,275.54499983787537,100,14.005086421966553,28.039356306065358,2.673114061355591,21.99817944343743,-1.3286525e-05,15,0.026972532272338867,17.208237648010254,21.266879788306042,1.6181356717741426
0.2590007781982422,32.23938065268466,17.175921201705933,170000,-0.0035278478,293.0179195404053,100,14.089057207107544,28.66690872210251,2.779629945755005,22.70052870197498,-1.3210637e-05,16,0.02199840545654297,17.458921194076538,16.92635012008862,1.8175277069264075
0.2559993267059326,32.72378169409211,17.012980699539185,180000,-0.004934946,310.32586097717285,100,14.071677207946777,28.682035403778073,2.6619911193847656,22.734126888274435,-1.3146828e-05,17,0.01899433135986328,17.28894329071045,24.543201844048074,1.3817984769957063
0.26399993896484375,32.01024366953915,17.1829514503479,190000,-0.0022847003,327.80678272247314,100,14.201687335968018,28.788207378204824,2.695343494415283,22.88627571955523,-1.3061125e-05,18,0.020968914031982422,17.467920303344727,25.574772918286566,1.1877291703507429
0.2629671096801758,31.233825299940705,17.234954833984375,200000,-0.0037341458,345.34470081329346,100,14.277690649032593,28.819465973707743,2.6883156299591064,22.885027869338828,-1.2962678e-05,19,0.020998001098632812,17.518919944763184,26.786801525483675,1.0213986863367652
0.25099658966064453,32.24045288246757,16.721220016479492,210000,-0.004249701,362.3549177646637,100,13.833456039428711,29.04538188503763,2.629753351211548,23.141909957073516,-1.2838454e-05,20,0.02399921417236328,16.997215032577515,25.91230214908129,1.3597895714640276
0.25899839401245117,32.39138771306225,16.56792664527893,220000,-0.0049831104,379.2258417606354,100,13.689801216125488,29.363533084914994,2.610318183898926,23.433882941112817,-1.27226585e-05,21,0.024997711181640625,16.853924036026,26.655786270430657,1.3026143706414368
0.25999951362609863,32.714129978012025,16.680953979492188,230000,-0.004123209,396.1977639198303,100,13.797081708908081,29.32284241373842,2.6134393215179443,23.436496692964802,-1.26085e-05,22,0.016969680786132812,16.959924697875977,26.228682587078243,1.255371156082584
0.25499486923217773,33.24067124863689,16.806506395339966,240000,-0.004416663,413.291268825531,100,13.955479383468628,29.692068470001104,2.583500623703003,23.737004918864272,-1.2516369e-05,23,0.017003774642944336,17.080504655838013,26.554054299960715,1.2263999320984251
0.26800036430358887,32.84814039194695,16.9006290435791,250000,0.0050456254,430.4968650341034,100,13.963990926742554,29.77999088582616,2.7032761573791504,23.788884947486096,-1.2425813e-05,24,0.017966270446777344,17.18759560585022,26.764875204582363,1.2182028432005647
0.2669970989227295,33.90410629178401,16.758923768997192,260000,0.010456029,447.55978536605835,100,13.889522790908813,30.135984623036002,2.609124183654785,24.02560235637169,-1.2324132e-05,25,0.023000001907348633,17.049920558929443,26.385751379319853,1.3641714043793816
0.27500057220458984,34.482844988908056,16.795949935913086,270000,0.007971361,464.6697075366974,100,13.851914644241333,30.478938467198528,2.670597791671753,24.264046521547957,-1.220008e-05,26,0.0239713191986084,17.095921277999878,25.521307253454648,1.7913368022385996
0.2539975643157959,35.174551419936975,17.06458878517151,280000,-0.0061739488,482.02629017829895,100,14.146119117736816,30.45334317390054,2.6164586544036865,24.16980344004112,-1.2077144e-05,27,0.02499675750732422,17.34358310699463,25.57855562801547,1.947643234031693
0.26199769973754883,34.96421442673184,16.50895643234253,290000,-0.0059242514,498.83321380615234,100,13.63984227180481,30.942218612103815,2.625953197479248,24.45165636425085,-1.1936737e-05,28,0.02099895477294922,16.792922973632812,24.79271043152939,1.6838745811120812
0.257997989654541,34.792583227137634,16.666926860809326,300000,-0.0031671873,515.7991359233856,100,13.87939167022705,31.49391820431108,2.5182600021362305,24.862687119297664,-1.1799928e-05,29,0.026997804641723633,16.95292353630066,27.038819581127594,1.596886841570978
0.2590005397796631,35.01185750852207,16.837954998016357,310000,-0.0038299111,532.9290573596954,100,13.967908143997192,31.59181365502288,2.593820333480835,24.904986473170965,-1.1677401e-05,30,0.018965959548950195,17.116922855377197,27.759430923375056,1.666852418143388
0.2579994201660156,35.10412019542439,16.760967016220093,320000,0.004550945,549.9819791316986,100,13.961722135543823,31.94586706454222,2.5415194034576416,25.21550930226657,-1.153503e-05,31,0.02095627784729004,17.0399227142334,28.14327269750987,1.460772439545426
0.26799654960632324,35.35528455087289,16.571927547454834,330000,-0.0024825407,566.8559024333954,100,13.794351816177368,31.6281540755862,2.54072642326355,24.997338693209294,-1.1389967e-05,32,0.01900005340576172,16.859923362731934,28.317175602846383,1.5732498040054184
0.2559990882873535,35.50401375808386,17.003926038742065,340000,-0.0027952192,584.1558244228363,100,14.076467752456665,31.726565844756728,2.662328004837036,25.06489247325943,-1.1278252e-05,33,0.024996280670166016,17.286919593811035,27.524538801721825,1.3234067333176502
0.26600050926208496,35.9041427671942,16.583288192749023,350000,-0.0060819285,601.0401124954224,100,13.723343133926392,31.730894313397435,2.601036548614502,25.029795284513824,-1.1184462e-05,34,0.02099776268005371,16.871286153793335,28.90745847208677,1.4807724705731942
0.2649965286254883,36.0412722700562,17.167428255081177,360000,-0.0053657796,618.5135362148285,100,14.195021390914917,32.001531417010646,2.7160096168518066,25.22429286305412,-1.10787605e-05,35,0.026000261306762695,17.45942497253418,27.118905068486598,1.576420437490721
0.25499939918518066,35.491752023254605,16.691484689712524,370000,-0.002180401,635.4910209178925,100,13.817041635513306,32.32236038749978,2.6226913928985596,25.482335799319998,-1.0973186e-05,36,0.01699995994567871,16.964484214782715,27.03380008886966,1.384414098845466
0.25699615478515625,35.210576989683595,16.97792148590088,380000,-0.0066485726,652.7639420032501,100,14.098235368728638,32.35142077426702,2.6052372455596924,25.466377436637252,-1.0862071e-05,37,0.0240020751953125,17.258919715881348,29.520965523024245,1.3952445400534939
0.2539963722229004,35.83817534553388,16.857924699783325,390000,-0.0022312687,669.9148643016815,100,13.88247561454773,32.23432164580221,2.640047073364258,25.314662954830887,-1.0750803e-05,38,0.024999618530273438,17.137921810150146,27.694909502406244,1.4145649678077978
0.25300002098083496,35.464850404153935,16.74995517730713,400000,-0.0011141123,686.9547884464264,100,13.929202556610107,32.228548110011516,2.577458381652832,25.292751903582033,-1.0627065e-05,39,0.016997814178466797,17.0219247341156,27.791226465403593,1.5596256649397786
0.24900007247924805,36.31477034876845,16.829925775527954,410000,-0.0040078084,704.0777113437653,100,13.935386657714844,32.473379136615534,2.6240170001983643,25.503022029140038,-1.0505559e-05,40,0.025997161865234375,17.104923009872437,29.10973779076072,1.3442405255697516
0.2559952735900879,36.299556578037695,16.7059268951416,420000,-0.002702039,721.0746338367462,100,13.821090698242188,32.52156558179618,2.6119582653045654,25.505480911384694,-1.0380456e-05,41,0.017000675201416016,16.978922843933105,27.942396114710206,1.7347574507117567
0.25299572944641113,36.44837853134293,16.817925691604614,430000,-0.0018926205,738.1765577793121,100,13.952094793319702,32.79534716317246,2.6169209480285645,25.766034614090977,-1.0281918e-05,42,0.018001079559326172,17.08892250061035,29.387181488753516,1.617469032927276
0.2559971809387207,36.22145886810025,16.707914113998413,440000,-0.0027625859,755.1754267215729,100,13.858498096466064,32.88891107084851,2.5723564624786377,25.823298649054127,-1.0158047e-05,43,0.0219576358795166,16.986868858337402,29.535159504130842,1.55476611152914
0.25,36.32417185811377,16.49293327331543,450000,-0.0025068908,771.9573514461517,100,13.590857028961182,32.751041407453904,2.6295249462127686,25.74313574134451,-1.0052554e-05,44,0.025991439819335938,16.768924713134766,28.936528090181692,1.4282749781705768
0.2499990463256836,36.07500346468603,16.817925691604614,460000,-0.0020699303,789.0662744045258,100,13.889976024627686,32.85505479115535,2.6672255992889404,25.792093671332623,-9.909611e-06,45,0.026998043060302734,17.095921993255615,29.603696961235745,1.4761789184653988
0.26300048828125,36.83518642810913,17.051993131637573,470000,0.00019248878,806.4232647418976,100,14.099124193191528,32.80778577220487,2.7199270725250244,25.762537203893896,-9.755409e-06,46,0.019997596740722656,17.33699107170105,28.54577386542349,1.6232968498905271
0.2669973373413086,35.717968904705515,16.550926208496094,480000,-0.0031489972,823.2741885185242,100,13.7566978931427,32.797259368955494,2.530508041381836,25.776744655041522,-9.645923e-06,47,0.020000696182250977,16.837924242019653,28.985492327569133,1.466545151335821
0.2579984664916992,36.06250812691778,17.0439236164093,490000,-0.0034102448,840.6151118278503,100,14.171372890472412,32.98611994143873,2.6050288677215576,25.87928027452231,-9.510062e-06,48,0.025000572204589844,17.32692265510559,30.16034222008726,1.338620312648132
0.2599968910217285,36.903138338849985,16.630929946899414,500000,-0.0018503593,857.538037776947,100,13.787028074264526,33.26566776511516,2.540320634841919,26.111473465903142,-9.400214e-06,49,0.017999887466430664,16.909927129745483,30.27820145827061,1.5308276773797815
0.2609984874725342,36.24160456751266,16.69084405899048,510000,-0.0020286182,874.5288777351379,100,13.82191514968872,33.178054392447415,2.618823766708374,25.981171373117267,-9.305446e-06,50,0.02399730682373047,16.97783923149109,29.624626072105908,1.517781651803799
0.2579996585845947,36.354891284759425,16.69232416152954,520000,-0.0011521986,891.5162024497986,100,13.824983596801758,33.39636023479984,2.5984482765197754,26.189598906824514,-9.197431e-06,51,0.024001359939575195,16.97432518005371,30.176907543392918,1.4253858310900434
0.2519965171813965,36.16084119081656,16.462369441986084,530000,-0.0030065372,908.274570941925,100,13.603028059005737,33.00268694726287,2.602428436279297,25.8011725421802,-9.081982e-06,52,0.02500319480895996,16.740369081497192,29.743411243681464,1.4404311009475466
0.2559659481048584,36.469778673992884,16.5849289894104,540000,-0.002996242,925.1544985771179,100,13.724518537521362,33.267289195891706,2.59481143951416,26.041255307703754,-8.960141e-06,53,0.02503228187561035,16.8669273853302,29.98278642198988,1.4002643717107908
0.24799561500549316,36.72658454970305,16.532929182052612,550000,-0.0028399986,941.9704258441925,100,13.73441457748413,33.343450119065544,2.549643039703369,26.054419965880548,-8.852207e-06,54,0.018975496292114258,16.800926685333252,29.742060360457906,1.5970357285212111
0.25499820709228516,37.56019171519099,16.571930646896362,560000,0.00011838833,958.8303542137146,100,13.725812673568726,33.486670116956645,2.5819473266601562,26.234119301468144,-8.763756e-06,55,0.01699995994567871,16.8449285030365,30.24693840950932,1.582597749552472
0.25499606132507324,36.38404167095003,16.77496838569641,570000,-0.002831077,975.8922762870789,100,13.87442660331726,33.12458341368452,2.6719894409179688,25.87477680778018,-8.647196e-06,56,0.017958641052246094,17.04892349243164,29.230410318524445,1.495749736596948
0.25699663162231445,36.98712329810207,16.34396266937256,580000,-0.0032021021,992.5272057056427,100,13.435200929641724,33.55583762749009,2.634340286254883,26.25486578593625,-8.551309e-06,57,0.018969297409057617,16.62092924118042,30.488584163899468,1.343446251095096
0.2519998550415039,37.24756087108778,16.593470573425293,590000,-0.0016183779,1009.4106740951538,100,13.800007820129395,33.3977367399217,2.542750358581543,26.114673351222677,-8.459404e-06,58,0.02499842643737793,16.870468854904175,28.99435522577719,1.5937360182035116
0.2760004997253418,36.20742504911514,16.781941652297974,600000,0.0012195471,1026.510601758957,100,13.866180181503296,33.38586402258196,2.660290002822876,26.09889454083062,-8.368501e-06,59,0.02798604965209961,17.086926698684692,30.08843974821196,1.491070172375073
0.25499749183654785,36.9565174278721,16.679972648620605,610000,0.00032647533,1043.479569196701,100,13.802927017211914,33.49197925714241,2.589810609817505,26.2239515453834,-8.24827e-06,60,0.016998291015625,16.95296812057495,30.739264577004253,1.47669324745808
0.25696492195129395,36.704374235531866,16.508967399597168,620000,0.00077731337,1060.283497095108,100,13.686535358428955,33.74432597393837,2.555340051651001,26.448088231949964,-8.1651515e-06,61,0.01799631118774414,16.788926124572754,30.1981988527628,1.3455228713147378
0.25499749183654785,36.62717848329325,16.67795491218567,630000,-0.0005413119,1077.2524235248566,100,13.79637336730957,33.29001984494154,2.6286561489105225,26.02346753090301,-8.075564e-06,62,0.02297496795654297,16.95592737197876,29.83561933602322,1.3773476540371288
0.27599668502807617,36.0897115471482,16.7386577129364,640000,0.0015258183,1094.3070528507233,100,13.927851438522339,33.44808902038051,2.589216470718384,26.189645499277,-7.9863485e-06,63,0.02499985694885254,17.041629791259766,30.058589479014238,1.3458924319735082
0.268970251083374,36.38339645126129,17.653578281402588,650000,-0.0020142363,1112.270631313324,100,14.57180905342102,33.58442191297136,2.760629892349243,26.301477308161594,-7.916075e-06,64,0.02598738670349121,17.94957661628723,30.258256056831353,1.3147258380652451
0.2579982280731201,37.06282523144831,17.429928064346313,660000,-0.0023132425,1129.9995546340942,100,14.412489652633667,33.56828044282963,2.723106622695923,26.225441494650102,-7.844055e-06,65,0.02599787712097168,17.71492290496826,29.958397121705495,1.477110099180623
0.2599983215332031,36.84981025237426,17.141125917434692,670000,-0.002417925,1147.4316477775574,100,14.201685905456543,33.774825748874534,2.6744296550750732,26.420619835982116,-7.7752575e-06,66,0.016998767852783203,17.419092893600464,30.828448575271555,1.4203623900107987
0.28099942207336426,37.47568928565593,16.679669618606567,680000,-0.0024214857,1164.4243187904358,100,13.836089849472046,33.67177208758004,2.5856595039367676,26.317090285515054,-7.683297e-06,67,0.0169980525970459,16.979669332504272,29.318047278127462,1.3538197252886979
0.25696706771850586,37.64188198214341,16.603387594223022,690000,0.0029026032,1181.3237028121948,100,13.758218765258789,33.69193386798613,2.5815987586975098,26.317421733818374,-7.6200054e-06,68,0.02503061294555664,16.886385679244995,29.95282568120254,1.534859324525631
0.25499796867370605,36.78894307671984,16.73992943763733,700000,-0.0009971415,1198.3506307601929,100,13.836893796920776,33.71852972590332,2.6385059356689453,26.31750612966202,-7.5355297e-06,69,0.019001245498657227,17.013928651809692,30.65863157812429,1.4771565260432558
0.25899744033813477,37.896434504370696,16.657726764678955,710000,0.0023678506,1215.2993550300598,100,13.776963710784912,34.02959336780773,2.623615264892578,26.589567245573317,-7.452999e-06,70,0.018000125885009766,16.935723543167114,30.870959725434215,1.4299371367379223
0.2579536437988281,37.17153425520391,16.859930276870728,720000,-0.0032812776,1232.4572842121124,100,13.980886459350586,33.86592157330996,2.5740606784820557,26.451650866539268,-7.386675e-06,71,0.020031452178955078,17.139930248260498,30.4182128948104,1.6152743270100096
0.2649972438812256,37.33579693236191,16.62393069267273,730000,0.0014523265,1249.3792123794556,100,13.785335302352905,34.23139931695845,2.5821332931518555,26.837171475460018,-7.303588e-06,72,0.01799941062927246,16.908928632736206,30.61688662577354,1.383218715976388
0.2599978446960449,37.18511189776545,16.497932195663452,740000,0.0019393145,1266.1761417388916,100,13.633075475692749,33.996480029442175,2.6090240478515625,26.56172851573738,-7.248341e-06,73,0.02500009536743164,16.783929586410522,30.490679932945252,1.36340577919454
0.2559971809387207,36.92288770044047,16.625929832458496,750000,-0.0016701183,1283.0950694084167,100,13.754364490509033,34.32193082048391,2.6052982807159424,26.845643004661625,-7.204261e-06,74,0.022030353546142578,16.905927419662476,30.582433018446068,1.4538842174138773
0.27100133895874023,37.3284408791453,16.910930633544922,760000,-0.0036950975,1300.3259994983673,100,14.062566041946411,33.9702218424773,2.60016131401062,26.482782499228097,-7.1513487e-06,75,0.02899789810180664,17.21293020248413,30.897908372184585,1.4671911205683923
0.26199841499328613,37.496990102643906,16.642345905303955,770000,-0.0018658508,1317.2633039951324,100,13.805411577224731,34.16306121464028,2.578739643096924,26.675913233741145,-7.0955316e-06,76,0.018961668014526367,16.92430543899536,29.990156084590392,1.5044989380028362
0.2519948482513428,37.70657901752939,16.703009366989136,780000,-0.0016088845,1334.2563099861145,100,13.817116022109985,34.185825043214884,2.614293336868286,26.669176909147723,-7.051701e-06,77,0.023000717163085938,16.98000407218933,31.082627157987485,1.367464579264941
0.2560005187988281,37.430749282762605,16.669304132461548,790000,0.0030659381,1351.2156121730804,100,13.82527780532837,34.206606170895064,2.5874457359313965,26.701166084002292,-7.005709e-06,78,0.019997358322143555,16.946302890777588,29.995308921645595,1.453018622860845
0.25499820709228516,36.98959805756581,16.43496084213257,800000,-0.00046844946,1367.9475407600403,100,13.657891035079956,34.20034013431732,2.5050508975982666,26.66424279072893,-6.9873104e-06,79,0.023000001907348633,16.714930295944214,31.427653623147712,1.3450031121623234
0.25299978256225586,37.420649612211875,16.679932594299316,810000,0.006153938,1384.9234704971313,100,13.843417644500732,34.30147549723509,2.560959577560425,26.746840478866037,-6.9611115e-06,80,0.024997949600219727,16.957930326461792,30.429995767698095,1.4622070284277846
0.2559993267059326,36.82765504991908,16.688931703567505,820000,-0.0012677436,1401.9013984203339,100,13.863545656204224,33.94602394813006,2.574146032333374,26.45723792693459,-6.9126468e-06,81,0.01799917221069336,16.964928150177002,30.773599590031758,1.4847698275118764
0.25999927520751953,37.652247527868575,16.88995623588562,830000,-0.0016225525,1419.0863268375397,100,13.951318740844727,34.180914266629216,2.6486451625823975,26.68203887514465,-6.8649088e-06,82,0.01896810531616211,17.171927452087402,30.374904410742634,1.5235522795458374
0.2539973258972168,37.81707380100624,16.36896300315857,840000,-0.00067639,1435.7492554187775,100,13.61434006690979,34.31503096483005,2.5097358226776123,26.767847979605623,-6.790505e-06,83,0.02497696876525879,16.64992880821228,30.67022436398398,1.410384592508946
0.25299978256225586,37.90623961832025,16.755964517593384,850000,0.0031639668,1452.8001871109009,100,13.941911220550537,34.15647657799842,2.5447099208831787,26.61405160481199,-6.746628e-06,84,0.026996850967407227,17.037930965423584,30.606417529491612,1.5190615117639208
0.24699950218200684,37.28207470705498,16.887935876846313,860000,-0.0013179419,1469.9721193313599,100,13.967617273330688,34.52239480078045,2.648489236831665,26.947790255953596,-6.703284e-06,85,0.016972780227661133,17.15293312072754,31.41321876686378,1.4436410922283895
0.25299882888793945,36.90163556058694,16.69596552848816,870000,-0.0014028999,1486.957052230835,100,13.832377433776855,34.168015036114795,2.6169075965881348,26.596499439091232,-6.632981e-06,86,0.02296900749206543,16.971933364868164,30.8019925019707,1.3991313000133083
0.2560005187988281,38.29916031646769,16.596115589141846,880000,0.0043905536,1503.8541650772095,100,13.704251766204834,34.30915122869748,2.6276047229766846,26.738810125379278,-6.5405993e-06,87,0.02399921417236328,16.879114151000977,31.23309805316127,1.4783676873773168
0.2539975643157959,36.99921518831764,16.789288759231567,890000,0.00073906186,1520.9394145011902,100,13.903695583343506,34.5359607753509,2.626499891281128,26.987254302609735,-6.453819e-06,88,0.026999473571777344,17.072250604629517,30.942165857669316,1.3704285300674721
0.25699901580810547,36.946549517796534,16.436933279037476,900000,-0.00083445746,1537.673347711563,100,13.572548866271973,34.19980521473145,2.6194040775299072,26.65791797192656,-6.3777206e-06,89,0.025000810623168945,16.720932722091675,31.272606446554843,1.371969856482969
0.2579655647277832,36.96054796466419,16.651935815811157,910000,0.00018705247,1554.621279001236,100,13.801037788391113,34.30541890681815,2.5778143405914307,26.765515186154236,-6.298885e-06,90,0.02402949333190918,16.934931993484497,30.95522558811507,1.3601689927157259
0.2579977512359619,38.12194684137285,16.87093448638916,920000,-0.0015489837,1571.7832119464874,100,13.997856378555298,34.29596296291864,2.6179897785186768,26.79186297297674,-6.2504414e-06,91,0.019999980926513672,17.149932384490967,29.944671389510336,1.5651252619158433
0.2579994201660156,37.431386882188,16.63298797607422,930000,0.00042178307,1588.7081441879272,100,13.778980016708374,34.19948828800042,2.5929548740386963,26.70422877722949,-6.18057e-06,92,0.01894402503967285,16.91093397140503,31.105588266892806,1.4473577605561077
0.2559957504272461,37.963563832519384,16.891934156417847,940000,0.002482178,1605.8930740356445,100,13.933655500411987,34.37659191399085,2.656163215637207,26.844640735065937,-6.098549e-06,93,0.02300095558166504,17.171931266784668,31.076850844073338,1.341804516884081
0.2519969940185547,37.85990138993912,16.78544330596924,950000,-0.0001696399,1622.9665167331696,100,13.86883020401001,34.60955440840471,2.655512571334839,27.092814814955048,-6.022561e-06,94,0.020002365112304688,17.061441659927368,30.366416179727807,1.3747053628365533
0.2630007266998291,38.565751478000344,16.467936038970947,960000,-0.0026586163,1639.72945022583,100,13.64517617225647,34.41489465986343,2.5560524463653564,26.900578039414203,-5.9542904e-06,95,0.017997026443481445,16.748933792114258,30.927951386165674,1.4751102836078165
0.25896573066711426,38.062803621578674,16.85096311569214,970000,4.857207e-05,1656.8723804950714,100,13.977099180221558,34.6632114556699,2.613786458969116,27.109055972690452,-5.9184813e-06,96,0.020001888275146484,17.1299307346344,30.54529058421,1.647029008322485
0.24896907806396484,37.791197958757294,16.70531702041626,980000,0.0053369803,1673.8576955795288,100,13.830051183700562,34.37544238083094,2.6046102046966553,26.830829696746918,-5.9308e-06,97,0.018027067184448242,16.972313165664673,30.9287305184438,1.4831114322332595
0.25696563720703125,38.50231652716569,16.84993314743042,990000,-0.0014696311,1690.9966251850128,100,13.920449018478394,34.34532967698512,2.6874215602874756,26.831387294199512,-5.873792e-06,98,0.018030881881713867,17.125929832458496,30.726227467178553,1.5227837421981718
0.2609977722167969,37.768921391346645,16.732808351516724,1000000,0.0064974814,1708.0233981609344,100,13.926764488220215,34.21171963542915,2.568477153778076,26.673600595792553,-5.7975567e-06,99,0.017969131469726562,17.013773918151855,30.326283711413172,1.5768907321813883
0.2559671401977539,38.03718870798927,16.774422645568848,1010000,0.006391783,1725.0847873687744,100,13.92098879814148,34.4244770708719,2.612245559692383,26.83495613929881,-5.7641023e-06,100,0.017998695373535156,17.048388481140137,31.37612766531609,1.448410568538338
0.2579953670501709,37.7668973836152,16.257935285568237,1020000,0.0025147016,1741.6327214241028,100,13.37941598892212,34.170835903005624,2.6425981521606445,26.57269838111176,-5.6892322e-06,101,0.018001556396484375,16.53593349456787,30.32861762367997,1.6566458732544476
0.2669949531555176,38.331617152259284,16.86396884918213,1030000,0.0063320333,1758.79665517807,100,14.02549147605896,34.37115443072248,2.586699962615967,26.79687451999284,-5.633678e-06,102,0.01896953582763672,17.149933338165283,31.094986404842206,1.4064158073320019
0.25899720191955566,37.54810928771719,16.752511978149414,1040000,0.0059808553,1775.8391354084015,100,13.868421792984009,34.372224000394006,2.576399803161621,26.791152205052825,-5.595823e-06,103,0.017971038818359375,17.02948021888733,31.193610675996705,1.4146914937347765
0.2579994201660156,38.06728862882151,16.758935928344727,1050000,0.00026197507,1792.8940687179565,100,13.93970799446106,34.44989467738389,2.5449376106262207,26.883158933386166,-5.5556025e-06,104,0.023000240325927734,17.04193377494812,31.02389457377506,1.4494972250286668
0.2590010166168213,37.80500194574145,16.63493776321411,1060000,0.00090808235,1809.8230035305023,100,13.728838443756104,34.4406620473005,2.6284639835357666,26.865473974448474,-5.506147e-06,105,0.0209958553314209,16.915934801101685,30.12274610719257,1.3690544361434076
0.2759993076324463,37.26142690341725,16.616935968399048,1070000,0.0017956292,1826.7519369125366,100,13.763108253479004,34.309630737819944,2.5843427181243896,26.77404941307071,-5.4667057e-06,106,0.022999048233032227,16.915934324264526,31.171360814521282,1.4262065827643338
0.25499558448791504,37.80881371182628,16.855966806411743,1080000,-0.0017763509,1843.895869731903,100,13.947969675064087,34.66620981251498,2.646843194961548,27.117320117758545,-5.414102e-06,107,0.017968416213989258,17.13093328475952,31.36760067536904,1.4649227535534022
0.2629992961883545,37.199321694229745,16.69397211074829,1090000,0.0015890476,1860.8858041763306,100,13.82505178451538,34.25048993511844,2.6102559566497803,26.72158115441853,-5.3343892e-06,108,0.018961668014526367,16.976933479309082,31.309988902057007,1.4137728673359458
0.26000022888183594,37.863776938303886,16.76069688796997,1100000,-0.000120633755,1877.940497636795,100,13.889770984649658,34.38553231891229,2.616807222366333,26.840578013857463,-5.265391e-06,109,0.020997285842895508,17.042693376541138,30.55555487960152,1.6502927722067469
0.25499916076660156,38.12015575897256,16.692431449890137,1110000,-0.001154785,1894.9219262599945,100,13.87055778503418,34.35248101888513,2.572678804397583,26.839538089008997,-5.2063565e-06,110,0.020998239517211914,16.96842885017395,30.6840522603162,1.3713697673468412
0.262998104095459,38.15205877171628,16.918967247009277,1120000,-0.001004734,1912.136859178543,100,14.055923700332642,34.27032970717151,2.5848803520202637,26.732590788907075,-5.1634165e-06,111,0.018999099731445312,17.201932668685913,31.055170591412576,1.4320151320499088
0.2559981346130371,37.424432139141196,16.90293598175049,1130000,-0.0027117736,1929.3347926139832,100,14.032498836517334,34.437711646724075,2.610567092895508,26.85333969929784,-5.11239e-06,112,0.025998830795288086,17.185933589935303,30.48751272941294,1.4188014670314812
0.25699758529663086,38.02524875344251,16.74693751335144,1140000,-0.0016592992,1946.3797256946564,100,13.90395474433899,34.49726336106688,2.5811820030212402,26.881091905987805,-5.0963126e-06,113,0.02597808837890625,17.03193426132202,30.472158235243548,1.5675228101805792
0.2579970359802246,38.512289170689485,16.965935230255127,1150000,0.000842951,1963.6386580467224,100,14.01900053024292,34.361844918814995,2.646121025085449,26.743807224968872,-5.0443077e-06,114,0.020999670028686523,17.24593186378479,31.411924237702017,1.5199740499638303
0.26196813583374023,37.42356961977064,16.602039098739624,1160000,0.0010877752,1980.5356967449188,100,13.795767068862915,34.44117700931298,2.563354969024658,26.783285662863975,-5.0092613e-06,115,0.020031213760375977,16.88503861427307,31.051365698797877,1.4843987956758902
0.25899648666381836,37.90017397261555,16.18993830680847,1170000,-3.437203e-05,1997.016630411148,100,13.315486907958984,34.48318342411903,2.6297731399536133,26.825916311993357,-4.9840464e-06,116,0.017999887466430664,16.46793484687805,30.8666116639552,1.6183866405102771
0.26399803161621094,38.3859374312304,16.31293797492981,1180000,-0.00061817816,2013.6325674057007,100,13.485583305358887,34.579286185616645,2.55322003364563,26.932250584807694,-4.9164646e-06,117,0.02500009536743164,16.602936267852783,30.87184156158718,1.5659383259387953
0.25499963760375977,37.632537515071824,16.48103952407837,1190000,0.0032628123,2030.404572725296,100,13.60940957069397,34.66632015763813,2.6058859825134277,26.990311697594965,-4.878985e-06,118,0.022967100143432617,16.760005474090576,31.367514301764704,1.4644423808082023
0.25699758529663086,38.14579998709895,16.595793962478638,1200000,0.00046029413,2047.2963633537292,100,13.715644836425781,34.446281925444524,2.6187682151794434,26.786720591512356,-4.830682e-06,119,0.025999069213867188,16.878790616989136,30.781999420181418,1.6375262639317056
0.2630016803741455,37.944904822067926,16.757039308547974,1210000,0.012435875,2064.348372220993,100,13.927265644073486,34.5388487502212,2.588747262954712,26.87968437477221,-4.793758e-06,120,0.0169675350189209,17.039008378982544,31.335572871895977,1.5583278419713975
0.2929956912994385,38.2688412012308,16.87816095352173,1220000,0.004987258,2081.578532934189,100,14.004170894622803,34.683818750672195,2.6121866703033447,27.055659887147723,-4.7464023e-06,121,0.04300260543823242,17.216161012649536,31.13085404041682,1.3766227021003383
0.288999080657959,38.16596987648989,16.7501220703125,1230000,0.0010661447,2098.658652305603,100,13.918835878372192,34.844690990219675,2.5646636486053467,27.237780236002788,-4.718344e-06,122,0.02799820899963379,17.067119359970093,30.632921490756612,1.467342330493313
0.24999594688415527,38.931937624747164,16.474968671798706,1240000,-0.0011063829,2115.415587902069,100,13.562910318374634,34.564134189277915,2.644406318664551,26.922268585971516,-4.636254e-06,123,0.01700115203857422,16.742936611175537,31.46381023727168,1.5272920226080944
0.2579982280731201,37.52346339517768,16.832951307296753,1250000,-0.000186121,2132.5374989509583,100,13.962157011032104,34.62397821271714,2.6290552616119385,26.98392241705899,-4.5801066e-06,124,0.016960859298706055,17.108911275863647,31.494015564062398,1.468999597301315
0.25999879837036133,38.169771470191854,16.770970106124878,1260000,0.00078966527,2149.6084322929382,100,13.902389526367188,34.51459709249766,2.556333541870117,26.874796268181868,-4.5383626e-06,125,0.02496623992919922,17.05693531036377,30.91108553767127,1.6077424844370918
0.25899839401245117,37.38392504419784,16.64693570137024,1270000,0.0005359426,2166.54633641243,100,13.807099342346191,34.73192299613827,2.584481954574585,27.0689410953191,-4.5083652e-06,126,0.018968820571899414,16.92490291595459,31.347756998438577,1.4489326147222366
0.26599931716918945,38.25066607882856,16.800969123840332,1280000,-0.0009948711,2183.6502723693848,100,13.922035932540894,34.544767517407315,2.617621898651123,26.895705878167377,-4.4695366e-06,127,0.023967742919921875,17.090936183929443,31.660436110311966,1.4900514244377099
0.26200199127197266,38.18942655300591,16.730353355407715,1290000,0.0066444976,2200.6726248264313,100,13.92603325843811,34.99097641809449,2.553217887878418,27.331592114078685,-4.4414533e-06,128,0.016998291015625,17.009353637695312,30.028695568326786,1.6101294048610033
0.25696778297424316,38.10642315015595,16.730594396591187,1300000,0.0012669081,2217.695213317871,100,13.904812335968018,34.61793174638723,2.598294258117676,26.979840456199458,-4.402882e-06,129,0.022028446197509766,17.00959062576294,31.075242403588263,1.5850654029461566
0.26099514961242676,38.04489109100466,16.881938457489014,1310000,0.0008562558,2234.8721482753754,100,14.041388750076294,34.83508455318516,2.565912961959839,27.191494669195333,-4.383539e-06,130,0.020999908447265625,17.163933515548706,31.599368339599856,1.4003143588398905
0.25899720191955566,37.82198236198322,16.71294069290161,1320000,-0.00063436624,2251.8780839443207,100,13.945172786712646,34.46250474388789,2.511166572570801,26.84033679991705,-4.365778e-06,131,0.01900029182434082,16.99393630027771,31.473183878305168,1.5004345743284255
0.2579994201660156,37.86448700093898,16.72796940803528,1330000,-0.00058831513,2268.9010202884674,100,13.878222465515137,34.365804374764714,2.5916528701782227,26.697879456279438,-4.3041223e-06,132,0.022966861724853516,17.009937047958374,30.65761305880309,1.411738801092732
0.2589998245239258,37.48464568392531,16.637937307357788,1340000,-0.00020582558,2285.8289546966553,100,13.793230533599854,34.82215821406408,2.5727710723876953,27.15650203666524,-4.2651545e-06,133,0.01799774169921875,16.914934873580933,31.289400246675196,1.2776877926986008
0.26000165939331055,38.92474574266752,16.872938871383667,1350000,-0.0028206336,2302.9928917884827,100,13.988175392150879,34.771719558829794,2.6434948444366455,27.105468982899712,-4.2615607e-06,134,0.017995834350585938,17.150936365127563,31.531030989810034,1.6659152860498876
0.25496649742126465,38.00958358420526,16.6529381275177,1360000,0.0018861215,2319.9388241767883,100,13.753390550613403,34.52073047652399,2.636455774307251,26.83091663261215,-4.2032334e-06,135,0.025029420852661133,16.932934045791626,30.647186371155964,1.573703329011934
0.25499939918518066,38.25263769141679,16.73697018623352,1370000,0.00024882465,2336.9627957344055,100,13.882100105285645,34.471161661206935,2.5589983463287354,26.82297718055343,-4.1792796e-06,136,0.018000125885009766,17.010969638824463,31.401701144388678,1.5215777291130503
0.2579982280731201,37.9735323518136,16.59194254875183,1380000,-0.00018954197,2353.843734025955,100,13.698700428009033,34.71714245211551,2.6390304565429688,27.03826997275873,-4.1527223e-06,137,0.01699686050415039,16.867938995361328,31.11513166249522,1.5507682751387655
0.253997802734375,37.564787158535125,17.088246822357178,1390000,-0.0023542875,2371.221934556961,100,14.194153308868408,34.78222551952327,2.606689691543579,27.108702612762567,-4.1373823e-06,138,0.022956132888793945,17.366199731826782,31.328185570343063,1.27248552257506
0.26799917221069336,37.65643144109701,16.893938779830933,1400000,0.00029507236,2388.4138720035553,100,13.942607641220093,34.6575107629678,2.664299249649048,26.9484180720622,-4.089143e-06,139,0.017999649047851562,17.179937601089478,31.545745001015614,1.3578179683656983
0.25996828079223633,38.36516493857785,16.895795106887817,1410000,-0.0009049183,2405.6096675395966,100,14.048294305801392,34.77129494994953,2.5904831886291504,27.07020422076253,-4.0727687e-06,140,0.02703118324279785,17.18279457092285,31.54916503426508,1.62603310805127
0.2579638957977295,37.101810953916825,16.647194623947144,1420000,-0.0017239576,2422.551820039749,100,13.773101806640625,34.715676713271506,2.602160692214966,27.014336904247806,-4.021059e-06,141,0.023001909255981445,16.929153442382812,31.182293441837164,1.403088552213066
0.2589988708496094,37.39595810219042,16.92194128036499,1430000,0.0005519497,2439.76975941658,100,14.054750204086304,34.85204317421944,2.602199077606201,27.105567979319602,-3.98604e-06,142,0.021964311599731445,17.204938173294067,30.858997926578613,1.5102257617631254
0.2649984359741211,37.98246854223805,16.789970874786377,1440000,-0.00019478712,2456.864696741104,100,13.917586326599121,34.62059496713978,2.601039409637451,26.91332487832904,-3.8859857e-06,143,0.02696847915649414,17.082937955856323,30.8756734142389,1.454559343423123
0.27100086212158203,38.16293325716081,16.841941833496094,1450000,0.015179237,2474.011637687683,100,13.982657432556152,34.874949705620175,2.594043493270874,27.130506638751655,-3.829855e-06,144,0.021996736526489258,17.134939432144165,31.409647947254147,1.4561182195795657
0.2539985179901123,38.23298802118689,16.851967334747314,1460000,0.0005525125,2491.153573989868,100,13.938095331192017,34.8390717736233,2.654510021209717,27.072874248967942,-3.8135347e-06,145,0.02197122573852539,17.128936767578125,31.200436404874925,1.5461383802456918
0.253997802734375,38.25360870116752,16.779456853866577,1470000,9.7948774e-05,2508.222030878067,100,13.954560041427612,34.744819037532054,2.5639774799346924,26.972614513131358,-3.7993573e-06,146,0.022001981735229492,17.05545663833618,31.28344263985377,1.3868788502968599
0.2539985179901123,37.85138341594244,16.68094038963318,1480000,-0.0010796784,2525.195969104767,100,13.745586633682251,34.732956414874366,2.6370766162872314,26.962177364739173,-3.735033e-06,147,0.0260012149810791,16.96094012260437,31.142909103941054,1.4270431389391542
0.2570006847381592,37.735510878766355,16.70513415336609,1490000,-0.00065322564,2542.193100452423,100,13.841394901275635,34.94262121715017,2.5885260105133057,27.155204840834518,-3.7307846e-06,148,0.0209958553314209,16.984131336212158,30.430826431510237,1.373600018154962
0.2639963626861572,38.512924302094866,16.68083429336548,1500000,0.0050627715,2559.1709320545197,100,13.871155023574829,34.70424363817969,2.5784459114074707,26.953068092549497,-3.6925373e-06,149,0.020000696182250977,16.965831756591797,31.254723497353528,1.621687673060905
0.26000070571899414,37.623542555667896,16.601942539215088,1510000,0.0003544478,2576.0718717575073,100,13.784306526184082,34.509919983918444,2.552339553833008,26.78916294535086,-3.6843358e-06,150,0.02599620819091797,16.887939453125,32.14792567672501,1.2813997212563868
0.26200008392333984,38.66010960592725,16.505943536758423,1520000,0.0014827546,2592.8728108406067,100,13.731126546859741,34.64972177211645,2.50923490524292,26.91471923332796,-3.6599529e-06,151,0.019994258880615234,16.787937879562378,30.4927749833581,1.483053085056613
0.2579972743988037,38.4193037766023,16.771939039230347,1530000,-0.0026530295,2609.9367513656616,100,13.931313037872314,35.10578002681298,2.5908262729644775,27.376588163990892,-3.6346446e-06,152,0.02000260353088379,17.050938844680786,30.600777964463795,1.5962473761113551
0.2609992027282715,37.91371730782975,16.898964643478394,1540000,0.0017442817,2627.127688407898,100,14.001128196716309,34.751462367487655,2.6415421962738037,27.050366080126633,-3.603239e-06,153,0.016974925994873047,17.177937746047974,30.895030912140548,1.563178199137597
0.25899839401245117,38.05214152790381,16.539942979812622,1550000,0.011904856,2643.9646282196045,100,13.685425996780396,34.7700210868672,2.5959115028381348,27.057290821977876,-3.5873936e-06,154,0.024001359939575195,16.823940753936768,32.02401992781903,1.3921529951542537
0.2839846611022949,38.47070786745925,16.75794267654419,1560000,0.0056676753,2661.046567440033,100,13.842381477355957,34.87713834415717,2.6694629192352295,27.15408246057872,-3.5224841e-06,155,0.026012659072875977,17.06793999671936,31.189179042809606,1.4537500195168018
0.274965763092041,38.61363731776494,16.41694474220276,1570000,-0.0011787864,2677.774509191513,100,13.608461380004883,34.963115855152644,2.561769485473633,27.21674657916818,-3.5045443e-06,156,0.022030353546142578,16.714940071105957,31.44507335850211,1.4893169151971617
0.25799989700317383,38.85074775397694,16.4958713054657,1580000,-0.001536898,2694.5653536319733,100,13.654479503631592,34.819890587354095,2.571690320968628,27.098237896306255,-3.4858965e-06,157,0.022972583770751953,16.77784490585327,31.625531567353786,1.5822253784725047
0.35199904441833496,39.1532582407097,16.765591859817505,1590000,-0.001371547,2711.721911907196,100,13.905969142913818,34.83131016715482,2.551286458969116,27.079018283602064,-3.4614193e-06,158,0.024999380111694336,17.143558740615845,30.67764023246059,1.6821080155294008
0.2569999694824219,38.041681718320476,16.870943546295166,1600000,-0.0012985136,2728.8908517360687,100,14.06698727607727,35.02754141979793,2.5382020473480225,27.266761744947548,-3.3948265e-06,159,0.026997089385986328,17.154940605163574,30.585584047297242,1.6720976780162315
0.2560007572174072,38.00222490469794,16.614038467407227,1610000,0.000994874,2745.792891263962,100,13.836300134658813,34.82365905618645,2.5221481323242188,27.055550234477984,-3.3513438e-06,160,0.017997264862060547,16.889038562774658,31.595431318692913,1.4267563532939476
0.266998291015625,39.55863002328617,16.4299418926239,1620000,-0.0009973553,2762.5228321552277,100,13.533802270889282,34.795576811280064,2.6368467807769775,27.05668270667369,-3.3133028e-06,161,0.02000141143798828,16.716941595077515,30.961438823295268,1.5662587014472449
0.2519948482513428,38.43203857848713,16.603702306747437,1630000,0.0104322815,2779.418503522873,100,13.782063007354736,34.890227503782924,2.5679972171783447,27.113183975550882,-3.294767e-06,162,0.02697443962097168,16.883671283721924,31.5256665728223,1.4572477656279303
0.6339974403381348,38.18015971233722,16.87094283103943,1640000,0.002700584,2797.001442670822,100,13.966614484786987,34.77103754729911,2.6547248363494873,26.97774397235069,-3.2615005e-06,163,0.06099653244018555,17.56993794441223,31.565441006170598,1.5235187066025866
0.25299954414367676,38.47483783937816,16.863943099975586,1650000,0.015692854,2814.154382944107,100,13.91159987449646,34.98788376618473,2.675163745880127,27.203396253262834,-3.2116936e-06,164,0.021999597549438477,17.13994073867798,31.630011264967397,1.5392122264033201
0.257997989654541,37.91343513521106,16.758973360061646,1660000,0.013718845,2831.205322265625,100,13.878750324249268,34.718223937133914,2.5781021118164062,26.965043709179344,-3.2234714e-06,165,0.01996755599975586,17.037939310073853,30.659954934469834,1.2810251112309687
0.2609992027282715,38.82081166242789,16.593975067138672,1670000,0.017647797,2848.099264383316,100,13.746220827102661,34.51105339076916,2.585623025894165,26.771968297419576,-3.1563245e-06,166,0.025967121124267578,16.88194227218628,30.8156655626777,1.6507396613393988
0.2579987049102783,38.26187705425272,16.8619225025177,1680000,0.019859891,2865.2501854896545,100,13.971582412719727,34.883874299010685,2.6147048473358154,27.140521769586876,-3.174075e-06,167,0.018000125885009766,17.13792133331299,31.201649525322022,1.4349975205820402
0.25296735763549805,38.36554562114347,16.838630437850952,1690000,0.037545655,2882.385778903961,100,13.996718168258667,34.691770606757345,2.5860934257507324,26.98910753046601,-3.1428062e-06,168,0.025998592376708984,17.121593475341797,31.058610255664707,1.591324178437095
0.2540004253387451,38.588935828059476,16.70797348022461,1700000,-0.0013637241,2899.3847219944,100,13.804968118667603,34.87078801287377,2.5873255729675293,27.093017730150706,-3.160429e-06,169,0.02396869659423828,16.985942602157593,31.020368800106088,1.627967416500002
0.25100255012512207,38.30666664058838,16.787434577941895,1710000,-0.002124264,2916.4651522636414,100,13.897720575332642,34.83511848983388,2.652939558029175,27.07720630743842,-3.1419122e-06,170,0.025995492935180664,17.066431522369385,31.948070050532092,1.4889727145286864
0.25699591636657715,38.17710502869791,16.69639563560486,1720000,-0.00034693364,2933.4505457878113,100,13.796239376068115,34.64094043878249,2.6458709239959717,26.895969482505308,-3.1274592e-06,171,0.019002199172973633,16.97239375114441,31.12748266857683,1.4664262773346906
0.2559814453125,38.22492380377682,16.78824734687805,1730000,0.002300118,2950.527763605118,100,13.880349159240723,34.91092429621311,2.650378704071045,27.125263987196544,-3.1119082e-06,172,0.019986629486083984,17.064215421676636,32.04518803130869,1.4312447487195872
0.253997802734375,38.32898984261401,16.67698907852173,1740000,0.017674401,2967.496750354767,100,13.841461181640625,34.94778400644594,2.593336343765259,27.17182139292728,-3.1243549e-06,173,0.025000333786010742,16.955987215042114,31.49510106386962,1.4763392447954917
0.26196885108947754,38.70052969946268,16.603945016860962,1750000,0.001596189,2984.404693841934,100,13.737968683242798,34.97736554768397,2.61928653717041,27.158623906099606,-3.0975043e-06,174,0.026999473571777344,16.893943548202515,31.717816326441543,1.4807828212779652
0.25499916076660156,38.06253487739108,16.733970403671265,1760000,0.013138104,3001.429633617401,100,13.84753966331482,34.828131236131746,2.6089186668395996,27.045618933115335,-3.0603003e-06,175,0.022969961166381836,17.011939525604248,31.261692426079822,1.6471199489595914
0.2569997310638428,38.17697698505064,16.46794581413269,1770000,0.005120402,3018.1895775794983,100,13.712101936340332,34.7812353387924,2.482090473175049,27.025473518843228,-3.083979e-06,176,0.021997451782226562,16.74694299697876,31.31338768042616,1.537681215567917
0.2669994831085205,38.98595033398008,16.641947746276855,1780000,0.014767085,3035.1345224380493,100,13.796010255813599,34.737924818590216,2.5723657608032227,27.020298738899942,-3.0648791e-06,177,0.02302718162536621,16.932944774627686,30.752873028554536,1.7839401985685515
0.26999807357788086,38.2422213967128,16.854976654052734,1790000,0.0024568292,3052.2994627952576,100,14.020645141601562,34.628124028045974,2.587649345397949,26.954692633205614,-3.038715e-06,178,0.025998353958129883,17.151941776275635,31.086931740944067,1.609324522544337
0.25099921226501465,38.084651403624804,16.838945388793945,1800000,0.001597535,3069.4224050045013,100,13.972834587097168,34.4356016548372,2.5949952602386475,26.795510580502224,-3.0066108e-06,179,0.019997835159301758,17.10994243621826,30.33076537528725,1.490777488045893
0.2539999485015869,37.37380224648995,16.651975870132446,1810000,0.007809949,3086.367346048355,100,13.757303237915039,34.55422403437873,2.5780208110809326,26.888809335230736,-2.9876505e-06,180,0.024965763092041016,16.931941032409668,30.535890099332555,1.487445137232408
0.25699806213378906,38.35442098192373,16.870945692062378,1820000,0.0045620846,3103.5342874526978,100,14.014734506607056,34.76458558489039,2.600285291671753,27.117639155803612,-2.9162072e-06,181,0.02599644660949707,17.153940200805664,31.4307117356127,1.6868915176512946
0.25500035285949707,37.35859959237701,16.662966012954712,1830000,0.0074329632,3120.490229845047,100,13.874576091766357,34.6336193571314,2.5249056816101074,26.991206320079993,-2.8950833e-06,182,0.024973630905151367,16.94293999671936,31.006773478539387,1.5982589234251583
0.25800037384033203,38.0425255240728,16.773379802703857,1840000,-0.0010850491,3137.5585839748383,100,13.873409748077393,34.5745463064982,2.632011890411377,26.937225944317237,-2.8000236e-06,183,0.023973464965820312,17.05535364151001,29.737261131048736,1.7166411946581652
0.25699925422668457,38.78603510437626,16.37697434425354,1850000,0.008086029,3154.223526954651,100,13.57866883277893,34.45551106283693,2.510188341140747,26.798190051693492,-2.7429128e-06,184,0.016997337341308594,16.65194272994995,30.777621672961665,1.3912946699962887
0.25299859046936035,38.75095998921742,16.879943370819092,1860000,-0.00027870433,3171.390467643738,100,13.917386293411255,34.57599220298398,2.694707155227661,26.924910987905772,-2.6919174e-06,185,0.020000457763671875,17.153940677642822,30.918773708488857,1.5734653103790464
0.25299763679504395,37.769964099044266,16.736947059631348,1870000,0.0050580967,3188.419410467148,100,13.911851644515991,34.24999341892319,2.566880226135254,26.646564884965574,-2.6190628e-06,186,0.02599787712097168,17.015942573547363,29.842005497176533,1.68417187273126
0.25299978256225586,37.80398293592307,16.7159743309021,1880000,0.010982656,3205.420355319977,100,13.91667652130127,34.41607131564618,2.5484964847564697,26.79761544724309,-2.56636e-06,187,0.01799798011779785,16.987943172454834,31.45652182905631,1.3714646772551933
0.26599931716918945,38.06433978057599,16.875942707061768,1890000,0.0023718858,3222.599296092987,100,13.965484380722046,34.778927855393825,2.6465494632720947,27.140093126500325,-2.4847554e-06,188,0.023030519485473633,17.16594171524048,31.353803292593447,1.4966077457913791
0.2519989013671875,38.12826860961717,16.544434785842896,1900000,0.04760469,3239.435697078705,100,13.660421371459961,34.496871222365414,2.632725477218628,26.89132084783319,-2.4386848e-06,189,0.025029897689819336,16.823403120040894,30.20175927436401,1.6973273978893217
0.2539989948272705,38.07148940212229,16.62889051437378,1910000,0.036298905,3256.349584341049,100,13.794059753417969,34.79783477142418,2.5883779525756836,27.191839984766197,-2.3975956e-06,190,0.01699972152709961,16.89988923072815,30.61859312944539,1.5172483295572636
0.25099754333496094,38.962329726380446,16.599944353103638,1920000,0.005332801,3273.2335288524628,100,13.775442123413086,34.41836034448828,2.524921178817749,26.90631523465194,-2.3988653e-06,191,0.018979787826538086,16.87094283103943,31.060290392543997,1.6358775034773163
0.2669980525970459,37.07858134373004,16.738982915878296,1930000,0.016706815,3290.275472164154,100,13.912298202514648,34.24660365793941,2.5575451850891113,26.722385988034816,-2.4141027e-06,192,0.022962331771850586,17.028943300247192,30.494725785803638,1.3675426788708214
0.25499820709228516,37.91901586825352,16.65497660636902,1940000,-0.000348361,3307.217416524887,100,13.853529453277588,34.44782608157232,2.5247247219085693,26.954957383077723,-2.4421656e-06,193,0.018968820571899414,16.928943634033203,31.302843931124112,1.3753080569494378
0.2709681987762451,38.63382724032953,16.718934774398804,1950000,0.016528362,3324.2483189105988,100,13.907989978790283,34.34708772816869,2.5526809692382812,26.832515984314874,-2.4442659e-06,194,0.02699875831604004,17.01790165901184,30.346417723117284,1.4617200597481461
0.25499677658081055,38.19490079570415,16.49897289276123,1960000,0.008344174,3341.033262491226,100,13.614418506622314,34.425829057504636,2.6272735595703125,26.936809140169522,-2.4613178e-06,195,0.01697373390197754,16.771944046020508,31.594332252411892,1.4538351602949557
0.2519979476928711,38.034194762296764,16.469977140426636,1970000,0.014813167,3357.7922070026398,100,13.675044059753418,34.27847281671896,2.5396316051483154,26.765577283438788,-2.4568033e-06,196,0.022960424423217773,16.745943784713745,30.43414429919223,1.46314385474106
0.25499868392944336,38.07964770701832,16.42261791229248,1980000,-0.0007703928,3374.5077908039093,100,13.674133777618408,34.52504293280366,2.50063157081604,27.035077769413043,-2.507094e-06,197,0.023966312408447266,16.70258355140686,30.58251876637922,1.5002570205133052
0.2559983730316162,37.20646660517564,16.690664291381836,1990000,0.01631501,3391.491455554962,100,13.81585431098938,34.11916347171193,2.6089975833892822,26.617349399488862,-2.5128018e-06,198,0.023000240325927734,16.970662593841553,30.11966866871175,1.455421698841207
0.261995792388916,38.28134013926636,16.869946241378784,2000000,0.0018454089,3408.658397436142,100,13.95878267288208,34.47618686022507,2.6592257022857666,27.031957401121968,-2.5212275e-06,199,0.019999027252197266,17.15394163131714,30.678302287097445,1.575578903228052
0.2559986114501953,37.316437006294386,16.836870431900024,2010000,0.0039174045,3425.794265270233,100,13.947083473205566,34.20320200103192,2.6317214965820312,26.750498679789803,-2.543615e-06,200,0.02499866485595703,17.1198673248291,30.279156095819936,1.429557945857599
0.2559988498687744,36.99531990761757,16.96962070465088,2020000,0.0010861304,3443.0588846206665,100,14.077960729598999,34.225943772652,2.5733819007873535,26.815879204724855,-2.5835834e-06,201,0.024999380111694336,17.25161910057068,30.00105791701679,1.3879489751815637
0.2559986114501953,37.26506844665793,16.80394458770752,2030000,0.00015779946,3460.1578295230865,100,13.954340696334839,34.34485972207003,2.6153945922851562,26.96307773912899,-2.5827349e-06,202,0.026001691818237305,17.085944890975952,31.04006860527857,1.5095863648659078
0.2689998149871826,38.18978271115694,16.67094588279724,2040000,-0.0017161039,3477.1357731819153,100,13.743407487869263,34.21855340131367,2.6431214809417725,26.786516765206684,-2.5723255e-06,203,0.023999691009521484,16.96494460105896,31.20974150834199,1.3112221819199865
0.24999642372131348,37.506701475503945,16.772259950637817,2050000,-0.0031925458,3494.1959936618805,100,13.905271053314209,34.36346290979857,2.594280481338501,26.89384255486873,-2.478162e-06,204,0.02496480941772461,17.047221183776855,30.636255028797734,1.5771878682279696
0.26599907875061035,37.35862881221231,16.493946313858032,2060000,-0.002407106,3510.9879384040833,100,13.589512586593628,34.31717812909927,2.6353225708007812,26.85464629197953,-2.438196e-06,205,0.017998456954956055,16.77894401550293,31.25670593369773,1.4731621842403628
0.25299787521362305,38.04871928490808,16.84504508972168,2070000,-0.0021301652,3528.124981880188,100,13.987467765808105,34.5670401149115,2.587759494781494,27.07137104400704,-2.410481e-06,206,0.025999784469604492,17.124042749404907,31.63431587072939,1.3380379593003613
0.2559990882873535,37.92999647468559,16.733701944351196,2080000,-0.0006047052,3545.1456820964813,100,13.90453052520752,34.45283812589203,2.5635745525360107,26.96631204939448,-2.35903e-06,207,0.017999649047851562,17.0077006816864,31.213583976486632,1.3587256338539584
0.25300168991088867,37.50897773564122,16.642579793930054,2090000,-0.0011321715,3562.0792286396027,100,13.782285451889038,34.21977361837075,2.5983691215515137,26.709915357731653,-2.3126186e-06,208,0.023965835571289062,16.920546770095825,31.199740176392453,1.4733980866171397
0.25699877738952637,37.412048995186105,16.990978240966797,2100000,-0.001412838,3579.360170841217,100,14.188266277313232,33.91476724790848,2.555091619491577,26.434929464063362,-2.2505271e-06,209,0.01996779441833496,17.267944812774658,30.888145626684246,1.4321008932622563
0.2740001678466797,37.71217288358771,16.85694456100464,2110000,0.011088483,3596.52911567688,100,14.031215190887451,34.69004113875112,2.564476728439331,27.159859300965714,-2.1976698e-06,210,0.023999691009521484,17.15494441986084,31.545519846880975,1.3310267350753249
0.25099706649780273,38.19693074133407,16.859947681427002,2120000,0.012008087,3613.678060770035,100,13.970224380493164,34.88185411944231,2.6325838565826416,27.305323652541173,-2.143477e-06,211,0.025000333786010742,17.136945247650146,31.53301269669281,1.4760247000052418
0.25299882888793945,37.41885574986974,16.868878602981567,2130000,0.0067958473,3630.832906961441,100,13.970216512680054,34.348913864941835,2.5737080574035645,26.79545043342707,-2.109523e-06,212,0.01796865463256836,17.139846086502075,30.589653809168098,1.4623849081172042
0.2539985179901123,38.4230527019911,16.705978870391846,2140000,0.0075949365,3647.824851989746,100,13.846599102020264,34.73655653351035,2.5942001342773438,27.13312564512958,-2.0543227e-06,213,0.018967628479003906,16.978945016860962,30.80402788899796,1.6418822388974703
0.25499939918518066,38.376139222008945,16.486980199813843,2150000,-0.0032772524,3664.603798389435,100,13.677438497543335,34.72125703314012,2.5583341121673584,27.12119518329158,-1.99334e-06,214,0.02196669578552246,16.763946294784546,30.550783921861928,1.6376852232964945
0.25800108909606934,38.50268343229318,16.750922441482544,2160000,-0.0015144104,3681.6517202854156,100,13.850053548812866,34.51694376889285,2.6446948051452637,26.923450836803553,-1.9655215e-06,215,0.025997161865234375,17.034920692443848,31.631761353619503,1.422752903890025
0.25300025939941406,38.71043915840144,16.590951442718506,2170000,-0.001490734,3698.5356657505035,100,13.735539197921753,34.53858469969472,2.6013715267181396,26.933310678473617,-1.9042933e-06,216,0.026994943618774414,16.870946645736694,30.507001327754217,1.772188105194121
0.26000070571899414,37.79517310718808,16.80094814300537,2180000,0.00040750531,3715.634612083435,100,13.928330421447754,34.56862048505294,2.602858066558838,26.97388990213787,-1.8325221e-06,217,0.02399897575378418,17.085947275161743,30.863439237499477,1.4356692699256681
0.26299619674682617,38.70020109642662,16.461947679519653,2190000,-0.001239467,3732.390555858612,100,13.686097860336304,34.81021176877984,2.5258750915527344,27.19905266436492,-1.7430543e-06,218,0.01800084114074707,16.743945360183716,31.54610260343735,1.4486924149750464
0.3119993209838867,37.05987698395463,16.86256170272827,2200000,0.003466936,3749.608116865158,100,13.952574491500854,34.45998932064857,2.650327205657959,26.866461352893793,-1.6522848e-06,219,0.02699756622314453,17.20355796813965,31.430304310659682,1.2822465958233455
0.2550013065338135,38.51888040253998,16.854292392730713,2210000,0.016135503,3766.757408618927,100,14.014348030090332,34.72773753896457,2.578174352645874,27.091309207966013,-1.567825e-06,220,0.02599787712097168,17.135291576385498,31.604218222554124,1.5911885767024017
0.2599971294403076,38.75678323014094,16.77278161048889,2220000,0.0104549015,3783.8281886577606,100,13.923231363296509,34.59406228414379,2.5733938217163086,26.957024407775208,-1.5011489e-06,221,0.022970914840698242,17.057780504226685,31.298372406578327,1.5255389562631558
0.27596569061279297,37.65784641956822,16.821946620941162,2230000,0.011474388,3800.958134651184,100,13.906836032867432,34.34984313297335,2.64709210395813,26.700948475460194,-1.4512206e-06,222,0.018032073974609375,17.11694598197937,31.049003570396494,1.560688710037006
0.25699663162231445,38.62898786238997,16.934946060180664,2240000,0.010294207,3818.1820781230927,100,14.046995639801025,34.49186930398549,2.575861692428589,26.80939805498765,-1.4054882e-06,223,0.019001483917236328,17.210944175720215,31.37569858187029,1.5513206772396684
0.26200008392333984,38.57528297410046,16.32198214530945,2250000,0.009172828,3834.7960262298584,100,13.481956005096436,34.69422695384738,2.5812487602233887,26.950242988952763,-1.3448082e-06,224,0.016965627670288086,16.601948261260986,31.21473324941724,1.4698541795422149
0.3489665985107422,38.298668310268276,16.743977546691895,2260000,0.007065456,3851.9279720783234,100,13.893419027328491,34.82337319968634,2.614414691925049,27.053972228162735,-1.3006509e-06,225,0.024001359939575195,17.118945360183716,30.909786367593014,1.468056753437857
0.2499997615814209,38.44392093969649,16.66888189315796,2270000,0.0060241427,3868.881851673126,100,13.80208945274353,34.84684596359254,2.6065077781677246,27.101039387053746,-1.3122141e-06,226,0.02299785614013672,16.941879510879517,30.811144760231848,1.4373606835000086
0.2519989013671875,38.292631675237494,16.706523180007935,2280000,0.0019955982,3885.8713717460632,100,13.833893537521362,34.887177492672585,2.610574722290039,27.094962365734755,-1.2644874e-06,227,0.01799774169921875,16.977519989013672,31.24961226763518,1.543080161670787
0.2619640827178955,38.325703997210745,16.807463884353638,2290000,0.0016694022,3902.975836277008,100,13.925494194030762,34.77103871418931,2.6305694580078125,26.947668130099878,-1.3043665e-06,228,0.02103567123413086,17.09146213531494,31.250262310121972,1.477471825605506
0.2599978446960449,38.72675587654487,16.728658437728882,2300000,0.011113322,3920.0014913082123,100,13.812682151794434,35.10125269303745,2.6559643745422363,27.263979325045398,-1.267327e-06,229,0.023999929428100586,17.012656211853027,32.30705175300119,1.3427958880604687
0.27899956703186035,39.039186132807295,16.67469096183777,2310000,0.0071762665,3936.9921803474426,100,13.82608437538147,35.05259942157309,2.5767908096313477,27.2082923239615,-1.2626755e-06,230,0.022998332977294922,16.977688789367676,31.611735509259574,1.5395471319265486
0.25299978256225586,37.95820881320612,16.757821321487427,2320000,0.01528455,3954.042000770569,100,13.898313522338867,35.01265522603836,2.5803489685058594,27.160420685505606,-1.2112581e-06,231,0.02599954605102539,17.036820650100708,32.29848814115306,1.3556744157843794
0.25499987602233887,38.2648121083237,16.73581600189209,2330000,-0.0010966031,3971.0658168792725,100,13.847577333450317,35.31995780642765,2.6207799911499023,27.464433842484617,-1.1307764e-06,232,0.01900005340576172,17.00981593132019,30.98145683403318,1.4630454643678734
0.2599968910217285,38.56929340290486,16.783303260803223,2340000,0.0069743656,3988.148120164871,100,13.870155811309814,35.27550246997605,2.6262450218200684,27.403823168715938,-1.1013306e-06,233,0.026001453399658203,17.06930160522461,31.67433638283621,1.6368814403734888
0.2599978446960449,38.460944795024595,16.953055143356323,2350000,0.010794193,4005.4021713733673,100,14.030338525772095,35.053688428987336,2.6307084560394287,27.181056823532234,-1.0564769e-06,234,0.02700042724609375,17.24105191230774,31.389908518785184,1.37362893619627
0.26599907875061035,38.908932822858326,16.896859884262085,2360000,0.00050451193,4022.5959956645966,100,14.00490140914917,35.16723116176267,2.6257429122924805,27.308034277066998,-1.0336481e-06,235,0.01796436309814453,17.18082332611084,32.048453682357156,1.5097542316930845
0.25500011444091797,37.95281870402803,16.63380765914917,2370000,-0.0024914506,4039.523772954941,100,13.76880931854248,35.006752189203674,2.59755539894104,27.15589626087003,-9.968543e-07,236,0.024967432022094727,16.914775848388672,30.819046386377636,1.415607678162838
0.2579958438873291,38.887429705543234,16.61641812324524,2380000,-0.0009275731,4056.4321553707123,100,13.730277061462402,35.24905281753358,2.6248910427093506,27.406924884304956,-9.8436e-07,237,0.01896977424621582,16.89538335800171,31.68913268167778,1.6112239695373987
0.2579963207244873,39.25967044374838,16.47396230697632,2390000,-0.001967951,4073.2001173496246,100,13.684534788131714,35.04489237567469,2.5306036472320557,27.20101236078681,-9.068608e-07,238,0.02300262451171875,16.754961252212524,31.25913406416556,1.5474887610533619
0.25499677658081055,38.80191600725013,16.709697723388672,2400000,-0.001033672,4090.2017772197723,100,13.907581329345703,35.17625208115488,2.5341343879699707,27.355516397220782,-9.1627e-07,239,0.0229947566986084,16.98966145515442,31.47313232145894,1.6263810173270439
0.2559947967529297,38.28112729509631,16.546961069107056,2410000,0.0036754815,4107.037739515305,100,13.705490589141846,34.88937261149207,2.568289279937744,27.043654090103523,-8.4850427e-07,240,0.020000457763671875,16.822956323623657,31.765744822479327,1.477390676629067
0.25300097465515137,38.805543509556905,17.057252407073975,2420000,0.001143991,4124.380959033966,100,14.159411191940308,34.99899675726761,2.640465259552002,27.156564314675997,-7.71327e-07,241,0.018964767456054688,17.33121967315674,31.34977224603113,1.665741064967522
0.2539994716644287,38.2511292514725,16.631173610687256,2430000,0.0022400222,4141.29713010788,100,13.786755323410034,34.80524731201896,2.5773236751556396,26.96380178783932,-7.1114897e-07,242,0.01799798011779785,16.904170989990234,31.164658685698058,1.469246468593847
0.25899720191955566,39.22541082632887,16.576997995376587,2440000,0.0029313918,4158.16309261322,100,13.754433393478394,35.01593727193552,2.586862087249756,27.170185110242205,-6.563747e-07,243,0.01796746253967285,16.853962659835815,31.383004181183146,1.5199598565558359
0.268998384475708,38.73440157771896,16.695696592330933,2450000,0.012951347,4175.16778922081,100,13.843769788742065,35.102728777506144,2.598130941390991,27.247869911347408,-5.912971e-07,244,0.024999618530273438,16.99169397354126,31.353941243352196,1.613228135660878
0.2539982795715332,38.93524045128165,16.80756711959839,2460000,0.020186367,4192.260351419449,100,13.8814857006073,35.00590296117606,2.628622055053711,27.12927469014032,-5.377901e-07,245,0.01799774169921875,17.07956314086914,31.646538462470215,1.504840834044608
0.2689971923828125,38.84477421054463,16.81673765182495,2470000,0.017243104,4209.383054733276,100,13.950478792190552,35.172720969403585,2.596540927886963,27.2660338561089,-5.010855e-07,246,0.020967960357666016,17.108702898025513,32.200335594855076,1.3595935970031696
0.2629978656768799,38.72105486966167,16.673604249954224,2480000,0.0012854815,4226.3586575984955,100,13.824399709701538,34.919657398440215,2.6056132316589355,27.061507136157143,-4.8308493e-07,247,0.025999784469604492,16.962601900100708,31.135725830456984,1.6158799193784075
0.25496697425842285,38.636517957373556,16.716959238052368,2490000,0.010190467,4243.364581346512,100,13.876201868057251,35.35058851564296,2.555185556411743,27.472833487471444,-4.579103e-07,248,0.019997358322143555,16.992923498153687,32.065414917477284,1.381791380254086
0.2579994201660156,39.01064347916845,16.714431762695312,2500000,0.0013310933,4260.3729865550995,100,13.876952409744263,34.90532540182773,2.590014934539795,27.075561675704257,-3.9132954e-07,249,0.023973464965820312,16.99640464782715,31.31833160381673,1.4488793574165841
0.2559680938720703,38.118160295191174,16.71151900291443,2510000,0.0033675083,4277.376505851746,100,13.870962381362915,34.749009224851854,2.5790786743164062,26.95378857751754,-3.4095524e-07,250,0.02303147315979004,16.99051856994629,31.485294887141222,1.585620058172708
0.25300025939941406,39.499890539166856,16.47727394104004,2520000,0.0018191636,4294.141746520996,100,13.683358430862427,34.87249193281523,2.538567066192627,27.075738738498146,-3.1597136e-07,251,0.020966529846191406,16.751240730285645,30.476423910679063,1.6275929121443449
0.2559664249420166,38.54606450256191,16.751893281936646,2530000,0.0019854936,4311.180603027344,100,13.917974472045898,34.91936607517752,2.5965731143951416,27.117008269134544,-2.8037547e-07,252,0.017996549606323242,17.025856256484985,30.53823296021754,1.705764412439081
0.25299882888793945,38.648351239938364,16.894473791122437,2540000,0.0022184527,4328.361036300659,100,14.007091760635376,34.985832308874116,2.6114110946655273,27.22146254347977,-2.716386e-07,253,0.018960952758789062,17.167433500289917,31.412796245774555,1.5385476341394513
0.25899815559387207,38.396838379694785,16.538574934005737,2550000,0.017492123,4345.191611528397,100,13.62749981880188,34.73338835548243,2.636772632598877,26.945101670894037,-2.4098276e-07,254,0.01800084114074707,16.817572832107544,31.58224152824365,1.4006127619351274
0.25299954414367676,38.629592312583156,16.66935133934021,2560000,0.0035827006,4362.1439299583435,100,13.7922945022583,35.29193148787634,2.628915309906006,27.475877450675767,-2.3815274e-07,255,0.01596689224243164,16.939316749572754,30.8856120928982,1.3919439652087666
0.2729973793029785,38.58316574672047,16.87438702583313,2570000,0.0034394374,4379.326313734055,100,13.992903709411621,34.90967474504534,2.553940773010254,27.128351522309085,-2.2226692e-07,256,0.02200007438659668,17.169384479522705,31.495416919105843,1.5306208220384678
0.24599981307983398,39.29859537044485,16.80487608909607,2580000,0.0016443956,4396.41218662262,100,13.977015972137451,34.90360431957756,2.5684239864349365,27.11198758403787,-1.5839935e-07,257,0.01999688148498535,17.071871995925903,31.300904969673187,1.4650776578800684
0.2540004253387451,38.405267767487935,16.766379594802856,2590000,0.0068537313,4413.466562747955,100,13.889943838119507,35.09533219163862,2.616311550140381,27.295851725051698,-1.11268754e-07,258,0.0209958553314209,17.041375875473022,31.497552327181705,1.5434523783459333
0.27199888229370117,37.7098566456842,16.663978815078735,2600000,-0.0017622118,4430.447512149811,100,13.869741439819336,34.989797753972965,2.5500988960266113,27.153716180081723,-6.1148405e-08,259,0.026000261306762695,16.962949991226196,30.62672822786745,1.5357745677577428
0.25500035285949707,38.794120839066466,16.76776933670044,2610000,0.0027545467,4447.5022802352905,100,13.936477184295654,34.714398453412784,2.5730931758880615,26.933053315076464,-1.9191503e-08,260,0.016999006271362305,17.041767358779907,30.73471149808268,1.6945425866905484
0.25499916076660156,38.18284275596944,16.634783506393433,2620000,-0.00090650306,4464.428035974503,100,13.744818210601807,35.03215225177841,2.624194622039795,27.227177938793695,3.4645794e-08,261,0.021973133087158203,16.913758039474487,32.06290380352308,1.3788713984391316
0.25899815559387207,39.009714103354064,16.546508312225342,2630000,0.0021535729,4481.26854133606,100,13.654500246047974,35.052000002820655,2.6152424812316895,27.22743571981846,1.0041117e-07,262,0.021999835968017578,16.82850670814514,31.345259657100108,1.6157973599616882
0.25699925422668457,38.14772734728496,16.708742380142212,2640000,-0.00037316853,4498.271257400513,100,13.860800504684448,35.00263238744221,2.5764319896698,27.17484763378354,1.8376946e-07,263,0.021974563598632812,16.98971652984619,31.9392457644844,1.4217994658279818
0.24799561500549316,38.37084020441021,16.846210479736328,2650000,-0.0014964739,4515.402463674545,100,14.010821104049683,35.00616401363241,2.5573761463165283,27.159879060933896,2.5066973e-07,264,0.023999929428100586,17.118206024169922,32.011556372125064,1.408520717485072
0.2539992332458496,38.31052557058816,17.015822887420654,2660000,-0.0016238804,4532.7102818489075,100,14.022510528564453,34.86647527142523,2.748070240020752,27.04532978617926,3.2940744e-07,265,0.024996280670166016,17.29481840133667,31.764117864447567,1.5378313513376456
0.25899815559387207,39.094808349674054,16.485209226608276,2670000,-0.0023968145,4549.495490550995,100,13.734400033950806,34.94667238928045,2.5022096633911133,27.14413836876486,3.6741613e-07,266,0.026999473571777344,16.772208213806152,31.66196788347887,1.5714147196306754
0.2499985694885254,38.63279688285599,16.61064910888672,2680000,-0.0008263917,4566.393138408661,100,13.755405902862549,35.11909761597693,2.530715227127075,27.269468223706557,4.0484903e-07,267,0.02400040626525879,16.884648084640503,31.204458319764264,1.6890037786431364
0.25699758529663086,37.884842975347524,16.533954620361328,2690000,0.0006561292,4583.220088720322,100,13.63344120979309,34.672149950159394,2.670466423034668,26.88458661688933,4.504454e-07,268,0.022998809814453125,16.813951015472412,30.90167955080342,1.529425047878463
0.2579994201660156,38.24522128607458,16.670034408569336,2700000,-0.001087062,4600.18012213707,100,13.817390441894531,34.79756362206525,2.6157846450805664,26.99250726199932,5.2467226e-07,269,0.017998456954956055,16.946032285690308,31.710395244439585,1.5965297549994217
0.26199936866760254,38.76098420828703,16.77642250061035,2710000,-0.002005172,4617.247543096542,100,13.94162368774414,35.06842991788415,2.5947370529174805,27.276008304569316,5.326688e-07,270,0.016998291015625,17.05542016029358,31.421014632519167,1.6052434008805347
0.26200008392333984,38.41662774378697,16.76059865951538,2720000,-9.009784e-05,4634.301140785217,100,13.894942045211792,34.82065433682448,2.6180570125579834,27.009011756328825,5.6512954e-07,271,0.01799917221069336,17.041597843170166,30.72133005977866,1.519686770527694
0.25999927520751953,38.24425500726803,16.4659526348114,2730000,-0.00016873007,4651.062091350555,100,13.713758945465088,34.892357532320695,2.4976866245269775,27.07058509124507,6.4312337e-07,272,0.021999120712280273,16.7479510307312,31.800509008542022,1.6925215305379158
0.2559819221496582,38.96198479417222,16.417988538742065,2740000,0.0165658,4667.76704287529,100,13.615740537643433,35.02453170257217,2.5375747680664062,27.18177583428647,6.6080094e-07,273,0.01798081398010254,16.691951274871826,31.49584999660177,1.6038233547243521
0.2539982795715332,39.14719247921892,16.94804859161377,2750000,0.03292367,4685.009061336517,100,14.089622497558594,35.11329823912868,2.582958936691284,27.2780223552668,7.102501e-07,274,0.025971174240112305,17.22901964187622,31.655729502175284,1.467716530957613
0.25299954414367676,38.010642462552916,16.824962377548218,2760000,0.017496848,4702.126023769379,100,13.995409965515137,34.758682939548315,2.5727109909057617,26.93685742877797,7.028544e-07,275,0.024998903274536133,17.1039617061615,31.351642424700813,1.579974652998244
0.2630021572113037,39.21453677228912,16.819513082504272,2770000,0.0033852844,4719.241505861282,100,13.969777584075928,34.89666657594203,2.6022894382476807,27.074499240371566,7.1247695e-07,276,0.018957853317260742,17.10348129272461,32.108092189236146,1.5032515913908455
0.25299739837646484,38.620729726819775,16.87630605697632,2780000,0.026725903,4736.403807401657,100,13.999377250671387,34.71484183335977,2.605417013168335,26.913429038186063,7.233214e-07,277,0.017999887466430664,17.148303270339966,31.499935155153672,1.4273307985816555
0.3269965648651123,38.26859325398712,16.647491693496704,2790000,0.022545945,4753.441294431686,100,13.788122653961182,34.9160509104955,2.557002305984497,27.08332473884044,7.400262e-07,278,0.04799318313598633,17.02448558807373,31.04471845681744,1.4240606379265315
0.2810029983520508,38.28138567470146,16.710497617721558,2800000,0.019446636,4770.463792800903,100,13.841190338134766,34.997141156558314,2.61382794380188,27.162067709143642,7.1294664e-07,279,0.01699972152709961,17.00950002670288,30.964741299046484,1.4515021689751
0.26000237464904785,38.84164824972391,16.211955547332764,2810000,0.015608426,4786.983744382858,100,13.2963547706604,34.81806639885813,2.649670362472534,27.033494671899998,7.0392014e-07,280,0.02499699592590332,16.497954845428467,30.663755208352885,1.6163377503734089
0.25800323486328125,39.437975515621986,16.773048162460327,2820000,0.0036167435,4804.054789543152,100,13.870562076568604,34.82197319238157,2.644071578979492,27.07800135888832,6.915867e-07,281,0.025995254516601562,17.05704665184021,31.389874376255612,1.669943478172301
0.2609992027282715,38.548868227783096,16.316556930541992,2830000,0.024784023,4820.671340465546,100,13.473471879959106,34.711238944148086,2.5918283462524414,26.95851535968968,6.5839527e-07,282,0.02499842643737793,16.60355544090271,31.464645268555405,1.5670810846710779
0.2579975128173828,38.47807328785207,16.73621892929077,2840000,0.0650794,4837.7015545368195,100,13.90051817893982,34.7878190431439,2.5530922412872314,27.05091509055937,7.0321204e-07,283,0.01999807357788086,17.016212701797485,31.039336549552825,1.5332403120475342
0.2629976272583008,38.282169901874404,16.87384271621704,2850000,0.001582304,4854.877360343933,100,14.01075792312622,34.74456825951458,2.6047708988189697,27.04114527890687,6.9807885e-07,284,0.025964736938476562,17.16280508041382,31.454311997466636,1.5378437863046492
0.2589993476867676,39.41673870997644,16.680992126464844,2860000,0.033095907,4871.855348110199,100,13.821515560150146,34.836644479877,2.595970630645752,27.16955170375577,7.106912e-07,285,0.024996280670166016,16.96598768234253,30.820186898948737,1.6376699497921516
0.2579989433288574,37.88601715031619,16.576290369033813,2870000,0.020937992,4888.722634553909,100,13.7396559715271,34.519203820474615,2.5875165462493896,26.980760752672694,7.1641085e-07,286,0.01999807357788086,16.85428738594055,31.26252682482566,1.4396949847909348
0.2839689254760742,38.0101500502888,16.818523645401,2880000,0.042641725,4905.861154317856,100,13.949145317077637,34.31169300300643,2.602710008621216,26.7721560849757,7.385528e-07,287,0.02202916145324707,17.12552046775818,31.23664841214115,1.422063576876988
0.2539999485015869,38.08013952985029,16.74858570098877,2890000,0.0032645199,4922.895738601685,100,13.954869747161865,34.204819172419526,2.5259881019592285,26.734050504866236,7.3778745e-07,288,0.017998456954956055,17.020584106445312,30.149908631764912,1.7551037481470457
0.4969966411590576,38.42020224279208,16.784239292144775,2900000,0.00675931,4940.209973573685,100,13.849449872970581,34.12627537534424,2.612333297729492,26.664462600001638,7.6256396e-07,289,0.01999974250793457,17.301235675811768,30.590225874894372,1.594434263579208
0.26900172233581543,36.8999893039374,17.03295135498047,2910000,-0.0018022797,4957.552902698517,100,14.122630596160889,33.77727153033909,2.6414198875427246,26.370391632951044,7.942951e-07,290,0.023970365524291992,17.3269259929657,30.55450389834559,1.4308593838881227
0.2579996585845947,37.52471230776239,16.403952836990356,2920000,0.009706609,4974.245856285095,100,13.50197434425354,34.14298215571694,2.630034923553467,26.710751805554963,7.88101e-07,291,0.017003297805786133,16.679954528808594,31.44830937723237,1.3722351479450259
0.27700066566467285,37.05238874071967,16.46991777420044,2930000,-0.0014134487,4991.035774469376,100,13.635196924209595,34.020439354980034,2.5629842281341553,26.65449734839456,7.7366235e-07,292,0.03000020980834961,16.776918649673462,30.92730190605886,1.3248949218460833
0.2469959259033203,37.4801272229698,16.402157306671143,2940000,-0.0035430863,5007.719899177551,100,13.499524354934692,34.04289773348439,2.671236515045166,26.63875718416532,8.1592077e-07,293,0.0219724178314209,16.671125650405884,30.73558070133772,1.3636747703829704
0.25299525260925293,37.97685557728866,15.957422018051147,2950000,-0.0009326494,5023.964291810989,100,13.124945163726807,34.26951605798942,2.572957992553711,26.852931075042644,8.5020423e-07,294,0.02097487449645996,16.23139214515686,30.779776945275486,1.5337195827117824
0.2539968490600586,38.26606142334369,16.079312324523926,2960000,0.01187689,5040.330605983734,100,13.222813129425049,34.2735213792553,2.6150190830230713,26.815527028121686,9.0313785e-07,295,0.020002365112304688,16.35331153869629,30.937328498857543,1.5137329775857775
0.27199792861938477,38.521629827287725,16.67267918586731,2970000,0.0072416244,5057.317269563675,100,13.783724784851074,34.365874245749076,2.6344149112701416,26.84968660418805,9.492314e-07,296,0.026987075805664062,16.973663330078125,30.41778303348294,1.521316504545413
0.2899951934814453,37.168194409174546,15.773959159851074,2980000,0.011826674,5073.414226293564,100,12.967947721481323,34.2263829353207,2.553215742111206,26.75414099653864,9.793532e-07,297,0.020001888275146484,16.083956241607666,31.133144891563234,1.4653567858399787
0.25099658966064453,37.32864470184792,16.33094048500061,2990000,0.022742184,5090.028165340424,100,13.420085668563843,34.607400542042285,2.669403314590454,27.055159304688935,1.0220504e-06,298,0.017955541610717773,16.60093879699707,30.71182458738908,1.465155339069072
0.7299983501434326,38.41292711713733,16.172511339187622,3000000,0.069225915,5106.9816727638245,100,13.27575135231018,34.64796477987166,2.6227340698242188,27.01927791877849,1.0025632e-06,299,0.03799772262573242,16.940507411956787,31.05979756096946,1.6913023631177762
