Time-Optimization,Time-Sampling,train-NumTrajs,ItrTime,train-PolicyExecTime,train-MinReturn,train-StdReturn,train-EnvExecTime,train-AverageReturn,LossAfter,Itr,Time,train-AverageDiscountedReturn,train-MaxReturn,n_timesteps,Time-SampleProc,LossBefore
0.34499669075012207,16.065489768981934,100,16.512451648712158,13.340840578079224,-127.61301428928265,35.25535155806094,2.51465106010437,-41.4797734593959,-0.58065605,0,16.512451648712158,-25.683118713057734,24.52869437586362,10000,0.10196518898010254,-0.034063183
0.25299835205078125,16.78959083557129,100,17.07458758354187,13.881442070007324,-141.63150836412947,40.14337931951956,2.6515450477600098,-32.78334182768881,-0.34914532,1,33.60703945159912,-21.736761577788403,60.14019180595405,20000,0.03099822998046875,-4.420166e-05
0.2440483570098877,17.026220083236694,100,17.296266794204712,14.051671266555786,-179.53839936456757,41.193634758259144,2.7017669677734375,-60.67549241032143,-0.24026279,2,50.9173059463501,-38.5114917121799,18.22879927276412,30000,0.025998353958129883,-0.012325989
0.25699806213378906,16.904853343963623,100,17.186819553375244,14.126498460769653,-150.56990088124914,26.674259852833476,2.4983863830566406,-100.45270473932057,-0.16901167,3,68.11812615394592,-60.80423880784079,-25.590971532461122,40000,0.021960973739624023,-0.0007091553
0.2480003833770752,16.503532886505127,100,16.772496461868286,13.69120717048645,-140.1143737361236,39.007335398475924,2.567329168319702,-46.66056278507538,-0.066779174,4,84.90362286567688,-30.216158081518955,33.98605305357975,50000,0.020963191986083984,-0.01092102
0.24900102615356445,16.798373699188232,100,17.073373794555664,13.897993087768555,-141.43881713530956,40.64283422148153,2.5824949741363525,-47.98232354859937,-0.15745299,5,101.99099588394165,-31.312021547312906,53.00854438661616,60000,0.025999069213867188,0.018860083
0.2930002212524414,16.704813957214355,100,17.019814014434814,13.742793560028076,-116.10647344881671,32.84078056978303,2.689990520477295,-34.81482440202039,-0.37108925,6,119.0238094329834,-22.922872524925207,37.101792054066955,70000,0.020999670028686523,-0.022434229
0.2460017204284668,17.975383520126343,100,18.24538564682007,14.787750482559204,-112.1129259930713,39.72797590606555,2.8920936584472656,-25.15446186448155,-0.0382625,7,137.2841956615448,-16.679656042518342,78.98978184814959,80000,0.020998477935791016,0.02808457
0.246995210647583,17.100977182388306,100,17.371002197265625,14.134074926376343,-106.62253782342546,39.09169963859921,2.694920539855957,-23.05300337082104,-0.13509959,8,154.66919684410095,-16.311804512277657,66.6892010019985,90000,0.023029804229736328,-0.010782732
0.24899959564208984,16.747002840042114,100,17.02093815803528,13.76062560081482,-131.58774227763126,43.56175746874624,2.7161922454833984,-23.34672755177279,-0.120543875,9,171.70413446426392,-16.1999966008366,84.11800054906749,100000,0.02493572235107422,-0.004570288
0.2719995975494385,17.148526430130005,100,17.444522857666016,14.163203477859497,-105.1663356247122,41.47688100193999,2.7259340286254883,-17.987411886891394,-0.12992397,10,189.16265606880188,-12.548232312217523,69.54842207368283,110000,0.023996829986572266,-0.002640332
0.2709994316101074,17.617328643798828,100,17.91232919692993,14.501145601272583,-131.43472899042675,42.62057381842289,2.8259780406951904,-24.10687137039686,-0.12812856,11,207.08898615837097,-18.133674115862632,60.55896292908946,120000,0.024001121520996094,-0.04019641
0.34351539611816406,18.34783625602722,100,18.728352069854736,15.079782009124756,-118.92867702544595,43.43357072129781,2.9623830318450928,-6.074119825698063,-0.13783535,12,225.83133602142334,-6.159661104155872,123.63160792842773,130000,0.03500008583068848,0.005056421
0.2450275421142578,17.017885208129883,100,17.2939133644104,14.081373929977417,-88.88375869777302,42.27901215813704,2.658304214477539,-7.591902962368667,-0.20962593,13,243.141756772995,-6.539772250843472,93.2102232034782,140000,0.029001474380493164,-0.007036792
0.23299813270568848,16.094727754592896,100,16.35372567176819,13.322526693344116,-115.5867544055158,42.31789860774081,2.509263515472412,-17.245793492763244,-0.11277327,14,259.50848293304443,-11.467440224713108,84.5364259958003,150000,0.025999784469604492,0.040654078
0.23351025581359863,16.03323745727539,100,16.289652109146118,13.526198387145996,-95.44951355952487,38.61166311371436,2.2675437927246094,-11.562440174935093,-0.24796313,15,275.8562002182007,-8.740201081195869,92.04184902670205,160000,0.021967172622680664,-0.023802271
0.2389659881591797,16.0696120262146,100,16.33760929107666,13.538275718688965,-136.50429616130788,41.6112205495556,2.231112241744995,-30.648281727751186,-0.12330828,16,292.2068099975586,-21.03482808984744,49.316505470012366,170000,0.028031587600708008,-0.021048468
0.2389659881591797,16.275792360305786,100,16.542760610580444,13.49722409248352,-160.1534539289943,44.69514738615244,2.5274829864501953,-41.63015729751723,-0.20663132,17,308.7635712623596,-28.08310412646736,45.93291255157143,180000,0.02696847915649414,-0.011811237
0.2330014705657959,16.636497735977173,100,16.889467000961304,13.795320510864258,-168.3318466174453,50.21122630052807,2.597546100616455,-53.84082533875316,-1.0823888,18,325.66703724861145,-35.334424065618265,59.25749995160075,190000,0.01996779441833496,0.009082205
0.2350013256072998,16.491204738616943,100,16.749204397201538,13.681180953979492,-152.0860034824773,47.0610850749346,2.5500752925872803,-39.41102614570519,-1.5365708,19,342.4302406311035,-26.30531825723892,76.754242837802,200000,0.022998332977294922,0.0025152343
0.23800206184387207,16.576991081237793,100,16.836995363235474,13.795593738555908,-98.7750178549037,40.05470718246747,2.5054593086242676,-16.895094774497146,0.16423745,20,359.2802345752716,-11.708120784572172,124.35050010571676,210000,0.020999908447265625,0.035685375
0.24899983406066895,16.326449155807495,100,16.6023588180542,13.43154501914978,-120.26795817606032,44.8790935759432,2.6370084285736084,-23.439564527234356,-0.22657461,21,375.89559268951416,-14.701750591311246,167.49175373950527,220000,0.026909828186035156,0.032018505
0.24500060081481934,16.366477966308594,100,16.63247776031494,13.500823259353638,-105.2900218163018,41.420813820980996,2.6139817237854004,-16.834218136786607,-0.34088212,22,392.5421214103699,-9.964406187009685,141.77508748018087,230000,0.02099919319152832,0.015021289
0.24400067329406738,16.497039318084717,100,16.762039184570312,13.738682985305786,-150.9527835856888,46.30935624663344,2.527513265609741,-15.700632562800246,-0.6495266,23,409.31816053390503,-10.754326270408502,104.97635897371701,240000,0.02099919319152832,-0.015065729
0.25299978256225586,16.356677055358887,100,16.630675315856934,13.533867835998535,-122.67692380618136,36.99279433337944,2.578066110610962,-27.7029517179607,-1.2903278,24,425.9618353843689,-17.615968958657533,67.51662855265496,250000,0.020998477935791016,-0.021529224
0.24099993705749512,16.31487250328064,100,16.578872680664062,13.463702917098999,-144.00915974581017,41.65507247557998,2.5995991230010986,-30.435093669184234,-0.67715013,25,442.5547089576721,-19.511435994035583,59.31610434136353,260000,0.02200031280517578,-0.0099432
0.24248099327087402,16.089698791503906,100,16.35621190071106,13.361115217208862,-144.48605870942973,36.05584070934267,2.488508939743042,-39.06755663650494,-0.5521347,26,458.9239206314087,-25.41018863879949,39.98995314009675,270000,0.02300095558166504,-0.04604651
0.2369980812072754,16.260908126831055,100,16.51987600326538,13.50259780883789,-135.81927224803084,38.25618172021962,2.4730494022369385,-45.04046327213514,-0.26392815,27,475.4567959308624,-28.90385602517001,26.089339611072035,280000,0.02096867561340332,0.03084314
0.24199962615966797,16.27946901321411,100,16.542468547821045,13.55498480796814,-150.43586064307686,33.56710895202176,2.4781317710876465,-30.128669979288738,-0.14002118,28,492.012264251709,-18.693633320866578,58.15918557924292,290000,0.020999908447265625,0.009525723
0.24799871444702148,16.50328040122986,100,16.772241830825806,13.676630735397339,-204.23835163957014,48.92145232595445,2.6007468700408936,-55.30560219625091,-0.28172398,29,508.7975060939789,-34.61953997728359,54.13310706562893,300000,0.02096271514892578,-0.0038567628
0.24000191688537598,16.345669269561768,100,16.607670307159424,13.50696587562561,-207.9542096890372,55.86109844387925,2.601959466934204,-51.2725760019268,-3.6674922,30,525.4231753349304,-32.98341168182044,63.92022795177196,310000,0.020998239517211914,-0.007814624
0.244002103805542,16.362712860107422,100,16.634716272354126,13.58570909500122,-177.5190235350384,52.81244767317584,2.524247884750366,-36.26602641801382,-2.1410263,31,542.0718910694122,-24.168792156715753,88.38406596368755,320000,0.02800130844116211,-0.0050711916
0.24302887916564941,16.30746293067932,100,16.571488857269287,13.467816352844238,-129.88842273697804,59.58659416693293,2.5682194232940674,-30.98256397019692,-3.5238883,32,558.6573760509491,-22.38990005712923,140.26900964357628,330000,0.020997047424316406,-0.012936181
0.24900031089782715,16.40270709991455,100,16.67877197265625,13.505611658096313,-116.42228002394883,54.360155270285574,2.630021572113037,-31.826594182378617,-5.7627907,33,575.3491456508636,-22.956957726543227,149.79711856614,340000,0.025998592376708984,0.009068253
0.2460002899169922,16.363182067871094,100,16.639182806015015,13.494433879852295,-130.36876668111643,50.24237102291956,2.595479726791382,-39.3592270462772,-1.8745552,34,592.0012629032135,-26.2931573816017,182.54275574286333,350000,0.03000044822692871,-0.004261267
0.23009157180786133,16.49152398109436,100,16.74461555480957,13.716309547424316,-129.67593563467935,44.04800186395345,2.5221004486083984,-38.886782006257334,-2.8718674,35,608.7598783969879,-24.901706229911998,109.85687412328667,360000,0.023000001907348633,0.018992823
0.2319316864013672,16.485334396362305,100,16.738198280334473,13.579307317733765,-149.8204524142386,54.492538248105234,2.6422431468963623,-29.947544273014913,-10.781178,36,625.510998249054,-18.94144794840039,170.31454223571856,370000,0.01993107795715332,-0.016263636
0.24799633026123047,17.15909743309021,100,17.429094314575195,14.212463855743408,-119.48676617132641,53.71570657844317,2.686434745788574,-21.25212497913566,-4.890792,37,642.9530925750732,-13.446299778807557,166.3803099253611,380000,0.022000551223754883,-0.0020320313
0.24899983406066895,16.631292819976807,100,16.907292127609253,13.665868043899536,-169.4303047740941,53.52494021154224,2.666558265686035,-20.712850517160792,-0.20286152,38,659.8733847141266,-14.563258776438163,101.23343489054974,390000,0.025998353958129883,0.01401328
0.24300169944763184,16.742666721343994,100,17.007667303085327,13.674503326416016,-108.81751555573942,45.613471016319785,2.809904098510742,-31.707240589690578,-1.8960857,39,676.8940505981445,-20.890386644160703,109.33947210432474,400000,0.020998239517211914,-0.027691016
0.25496888160705566,16.585203647613525,100,16.864169597625732,13.579623699188232,-107.83460560868365,40.34773075361872,2.740507125854492,-38.72091955478222,-2.1577694,40,693.7712197303772,-24.890441809931932,83.49557287597699,410000,0.023029565811157227,0.016421527
0.2390003204345703,16.871930837631226,100,17.135929107666016,13.879778861999512,-104.11073132835288,31.915645145926494,2.7144582271575928,-44.95354464413228,-2.314203,41,710.9201486110687,-27.96904162085155,78.19885550894679,420000,0.023997783660888672,0.015991602
0.26193785667419434,16.750097513198853,100,17.038097858428955,13.810858726501465,-126.95142114996933,29.94401901205666,2.6846821308135986,-48.642617637687415,-2.321441,42,727.9712464809418,-29.870669168100857,62.199844824593704,430000,0.026062488555908203,-0.00585979
0.2645227909088135,16.71835708618164,100,17.00488805770874,13.799479007720947,-165.55527212244098,26.668800415418886,2.6576244831085205,-50.73061514677975,-4.2121825,43,744.9891335964203,-31.18953688198832,39.65980366541686,440000,0.021007537841796875,0.011972467
0.26200008392333984,16.56901741027832,100,16.855016231536865,13.68912959098816,-155.8503854389614,25.400209418898463,2.61820912361145,-56.334142351796444,-5.0074964,44,761.857150554657,-35.662579302908064,26.421377634088312,450000,0.023002147674560547,0.0044095824
0.24699997901916504,16.747827529907227,100,17.016828060150146,13.736040353775024,-195.26158684324142,25.471658389293665,2.7545969486236572,-67.04777232418493,-4.0612106,45,778.8869786262512,-43.76519541490743,-16.146027282361217,460000,0.020000457763671875,-0.0057653077
0.24899625778198242,16.7441189289093,100,17.015118837356567,13.855074167251587,-197.25428237130077,34.40349209447659,2.642915964126587,-72.73325150137202,-7.6276236,46,795.9160974025726,-46.52248776730526,-19.881918712304294,470000,0.022003650665283203,0.026531396
0.24000120162963867,16.434771060943604,100,16.696738481521606,13.497722864151001,-203.01821016456563,41.89664206971345,2.6884026527404785,-75.08226784957175,-5.3047132,47,812.6258370876312,-46.83469265720084,8.828078492481938,480000,0.021966218948364258,0.0089396
0.2749977111816406,16.946101188659668,100,17.247098684310913,14.010372161865234,-254.4070530443911,55.22432392221804,2.658341646194458,-89.45657037477018,-10.305261,48,829.8859796524048,-56.06287644950319,-5.191190184532331,490000,0.025999784469604492,-0.0067543215
0.2480006217956543,17.00607967376709,100,17.28404688835144,14.052861213684082,-236.65022758865348,54.707654441452696,2.6439130306243896,-87.83858704301142,-9.722922,49,847.1840295791626,-55.838289358511446,66.87315954052973,500000,0.02799820899963379,0.009265137
0.2630009651184082,17.446874856948853,100,17.73087430000305,14.3492591381073,-265.9403791354257,50.08135647875675,2.834378242492676,-75.42622996283475,-0.4884206,50,864.9279029369354,-47.61917224379615,14.027167432634048,510000,0.020998477935791016,-0.014548767
0.26799845695495605,17.51752781867981,100,17.809497594833374,14.350969791412354,-265.7729760337368,50.95710745073386,2.9085023403167725,-81.17247401509489,-0.76530206,51,882.7504007816315,-51.26595202388392,-8.6714647484033,520000,0.022971153259277344,0.015835235
0.28751397132873535,17.63117551803589,100,17.948686122894287,14.50971269607544,-239.89764666656407,49.906708138855954,2.8561644554138184,-81.85440171122846,-0.42013273,52,900.7120859622955,-51.68845366555952,-38.567764170115844,530000,0.029996633529663086,0.0056699156
0.2650010585784912,17.153631448745728,100,17.4415180683136,14.16381025314331,-264.6666976151544,42.0033873473352,2.741636037826538,-73.7703801283006,-67.6265,53,918.1676030158997,-46.91020377826674,-6.883735698235452,540000,0.022885560989379883,-0.011398865
0.2700009346008301,17.129205226898193,100,17.42781972885132,14.047790765762329,-176.4280668757116,18.981856604113318,2.824587106704712,-62.24015835420353,-1.5904039,54,935.6084227561951,-40.34185223963536,15.965848605499586,550000,0.028613567352294922,-0.009418958
0.24751734733581543,16.88292360305786,100,17.155437469482422,13.878912210464478,-74.31616677784616,14.893434317533846,2.7439048290252686,-57.72465253931482,-0.26265156,55,952.7808618545532,-36.680215696430594,63.03618020923685,560000,0.023997068405151367,-0.024014723
0.25299811363220215,17.507380723953247,100,17.781341552734375,14.333946704864502,-93.23454568283435,10.859503715413114,2.8927881717681885,-57.56327994153568,-0.45877877,56,970.5762045383453,-36.471370992715045,-1.0415351882862587,570000,0.02096271514892578,0.007975342
0.2569999694824219,16.629452228546143,100,16.914448022842407,13.617770910263062,-105.3042188230307,27.613952815540504,2.754434823989868,-49.34183971738236,-0.52466065,57,987.5036542415619,-31.2014219987457,71.4409652278745,580000,0.026996135711669922,0.0004939453
0.2595200538635254,17.677544832229614,100,17.96806049346924,14.533884048461914,-112.78447560363146,31.705338214831357,2.8839991092681885,-51.594821015927465,-0.16170977,58,1005.4847147464752,-33.03289748394743,117.67619810058025,590000,0.030995607376098633,-0.0008949463
0.30406641960144043,17.10178017616272,100,17.479846000671387,14.001190185546875,-111.07478445657618,41.95160413943474,2.8137154579162598,-45.75729984115268,-0.20513244,59,1022.9886696338654,-29.46493709395741,123.37271780455241,600000,0.07200074195861816,0.0015657959
0.2499985694885254,17.186429977416992,100,17.460428714752197,14.1308012008667,-134.58072671597688,35.655914815438656,2.7569899559020996,-50.25916197688623,-0.09577187,60,1040.4620308876038,-32.25084214301611,107.23979287045978,610000,0.023000001907348633,-0.00823003
0.2519998550415039,17.088674783706665,100,17.36567449569702,13.998806953430176,-124.92188311814854,42.425229859826224,2.8153135776519775,-42.83432618130772,-0.20203768,61,1057.8397052288055,-26.8542035577655,128.02369949670228,620000,0.023999452590942383,-0.019870838
0.2540268898010254,16.934072494506836,100,17.212069034576416,13.924578428268433,-187.827034015097,42.85069889468463,2.752333879470825,-44.51523952321224,-0.25871113,62,1075.0637745857239,-28.61651253691022,104.13082146789391,630000,0.021969318389892578,0.012121997
0.26000022888183594,17.018556594848633,100,17.30152416229248,13.997917652130127,-131.83480266100315,45.84643154440537,2.7431886196136475,-40.158378909741785,-0.6296537,63,1092.377298116684,-25.995856927477938,114.0949768613652,640000,0.020998239517211914,0.0075793825
0.2519974708557129,16.912238121032715,100,17.18823742866516,13.886632680892944,-173.13938739951624,35.81483040354032,2.773408889770508,-49.288283283211456,-1.3560641,64,1109.5785355567932,-32.037788129518155,93.68012359058943,650000,0.023002147674560547,0.004507715
0.25499963760375977,16.758876085281372,100,17.03787612915039,13.75159502029419,-102.6263292891652,39.0061296392814,2.7315430641174316,-44.60388622209751,-0.88413966,65,1126.628410577774,-28.382631025305333,140.3852738710223,660000,0.02299976348876953,-0.014119495
0.2609996795654297,17.08759880065918,100,17.379598379135132,14.072627067565918,-94.50713326343,46.34968484451857,2.7306439876556396,-39.078314823352414,-0.05482456,66,1144.021008014679,-24.940824294500313,156.15911148445224,670000,0.0299990177154541,-0.009735327
0.25403857231140137,17.186057806015015,100,17.4620623588562,14.068981885910034,-86.67185169315412,24.45701606631702,2.852700710296631,-52.249668703287135,-5.4415894e-05,67,1161.4960701465607,-33.663867322805764,81.54333193025603,680000,0.020967483520507812,0.030749993
0.251497745513916,17.226611137390137,100,17.50413227081299,14.170453548431396,-93.67142636569042,28.99100286704515,2.7950282096862793,-51.62724330780878,-0.046136107,68,1179.014202594757,-32.969106020290035,133.40035193143262,690000,0.026023387908935547,0.010622168
0.2519996166229248,16.713313102722168,100,16.987311601638794,13.815006256103516,-112.45459888971273,26.255939594801834,2.6668949127197266,-54.70875881533704,-0.03760519,69,1196.0155153274536,-35.036942596462005,93.90755838771236,700000,0.020999908447265625,0.008131769
0.25500035285949707,16.96456217765808,100,17.244532823562622,13.968321084976196,-148.05709379317076,32.057571500878055,2.7537457942962646,-49.934207486625844,-0.07630603,70,1213.2730479240417,-32.19534780336086,94.09675762926557,710000,0.023970365524291992,0.0020314804
0.25100111961364746,17.173728466033936,100,17.450703620910645,14.080236434936523,-91.50381231005969,28.702787436434114,2.787290334701538,-52.12977316839774,-0.15196002,71,1230.7377495765686,-33.350826128634864,71.95644556290516,720000,0.023994922637939453,-0.010438281
0.25296807289123535,16.958141326904297,100,17.232970714569092,14.0154390335083,-72.12397121162914,44.719232886352735,2.6727256774902344,-42.54755682765815,-0.074784376,72,1247.9837214946747,-27.342518629464927,117.88560223789165,730000,0.021029949188232422,-0.011805176
0.2519989013671875,17.04243302345276,100,17.32543110847473,13.989118576049805,-73.29696439793278,27.79580562466614,2.7925305366516113,-51.659510386148526,-0.10141825,73,1265.3221530914307,-33.29290037841407,57.52464562456087,740000,0.02995157241821289,-0.0017351226
0.2670016288757324,17.126763105392456,100,17.42176365852356,14.099477767944336,-99.60038390224675,26.743443726355057,2.7636985778808594,-51.189289404245216,-0.11224736,74,1282.7569165229797,-32.894129441627655,84.50317878117326,750000,0.026999235153198242,-0.0048311525
0.2555227279663086,16.94968581199646,100,17.23319172859192,13.91396975517273,-82.06968887448272,26.65476547292124,2.7619781494140625,-53.08349146513576,-0.06830359,75,1300.0041077136993,-33.7089328224931,108.95402265564566,760000,0.02698373794555664,-0.0007206299
0.2619965076446533,16.905457496643066,100,17.191425800323486,13.870400428771973,-90.15188943746068,33.42114285386329,2.7762577533721924,-52.054186018059475,-0.015659515,76,1317.2085301876068,-33.78551060610759,143.11670434131284,770000,0.0239717960357666,0.006276788
0.24852538108825684,16.832088470458984,100,17.10661268234253,13.835869550704956,-75.99049718927856,31.747883024862492,2.7226638793945312,-50.00210887135642,-0.10970154,77,1334.3281426429749,-32.29471667430392,126.64226249286753,780000,0.025998830795288086,0.018631678
0.2559998035430908,17.13389301300049,100,17.41585946083069,14.120046377182007,-73.67522296040829,38.806958023184094,2.770242691040039,-47.23230240304127,-0.40730387,78,1351.7570054531097,-30.010142667814385,135.8311748936713,790000,0.025966644287109375,-0.009501196
0.25800037384033203,17.08518648147583,100,17.36918306350708,14.014930486679077,-69.48311845233405,37.966230531460674,2.840028762817383,-47.87553273563436,-0.6219024,79,1369.1391875743866,-31.071996949195167,136.62238775437095,800000,0.02599620819091797,-0.0029253173
0.2535877227783203,17.126446962356567,100,17.406893014907837,14.071362018585205,-114.74582725610739,37.53588816311571,2.7771732807159424,-45.80097929012775,-4.5599523,80,1386.5590798854828,-29.33457724063084,101.95548100588144,810000,0.02599954605102539,0.024649808
0.2570004463195801,16.91735339164734,100,17.20131826400757,13.947736501693726,-90.60412842524421,42.813143026961846,2.70556378364563,-37.35179636872241,-6.151558,81,1403.7723269462585,-23.97155724760772,96.43510464286702,820000,0.024964332580566406,-0.02071875
0.25603652000427246,17.12323236465454,100,17.40827178955078,14.118017435073853,-121.54964196365985,51.350156513554474,2.6960203647613525,-18.776142364615467,-30.6878,82,1421.1935985088348,-9.971370051781998,114.79356434835148,830000,0.028001785278320312,-0.0010039795
0.24954700469970703,16.87839388847351,100,17.1559796333313,13.943451642990112,-168.18661807060585,72.74726599527129,2.669588804244995,-11.8318995777959,-43.484497,83,1438.3625781536102,-7.03116912086814,239.73916279638203,840000,0.028038740158081055,-0.0120167
0.2579970359802246,16.988842487335205,100,17.275840997695923,14.100170135498047,-90.11759553967487,65.8837683094734,2.6120998859405518,-11.006693970190788,-4.2284384,84,1455.6524198055267,-6.427186754745554,217.87293843049102,850000,0.028001070022583008,0.0007724426
0.2515242099761963,16.893489837646484,100,17.166013956069946,13.992854595184326,-197.13700962927325,72.48314302373231,2.631695508956909,-13.75386248834687,-6.3238416,85,1472.8324348926544,-7.454233102509242,263.2309232280313,860000,0.020999908447265625,0.007898914
0.25051212310791016,17.555606603622437,100,17.832093954086304,14.462526798248291,-127.80085771676093,64.72752083639548,2.825793504714966,-16.720022997837223,-9.95279,86,1490.6775269508362,-10.015012857970673,225.05456927882784,870000,0.023961544036865234,0.007136389
0.26597070693969727,17.069353103637695,100,17.361351251602173,14.004746437072754,-182.63583707443001,71.33593311581747,2.7756426334381104,-27.363876114674508,-6.752667,87,1508.0518779754639,-17.365978736160088,212.7038084198247,880000,0.026027441024780273,-0.02120193
0.259998083114624,16.852776527404785,100,17.138681650161743,13.998191118240356,-160.2458231306954,59.032493542205316,2.6007730960845947,-30.668726075155163,-3.1367984,88,1525.203557252884,-18.382270215765907,204.29715010744857,890000,0.02490687370300293,-0.015533276
0.26652050018310547,16.690910577774048,100,16.982431173324585,13.854629755020142,-204.94341188601615,63.2205945982912,2.564497470855713,-47.25168113846149,-1.0298734,89,1542.1989884376526,-29.061513988432303,198.6671071575963,900000,0.02500009536743164,0.007878058
0.2670009136199951,16.909833431243896,100,17.207833766937256,13.95717191696167,-140.1269543803841,47.30557970347139,2.689995527267456,-55.0121099905497,-0.81651485,90,1559.4198195934296,-32.81256669020311,185.52666722853607,910000,0.030999422073364258,0.022149537
0.25149011611938477,17.030929803848267,100,17.31242537498474,14.047323942184448,-219.97056266065238,53.05924853793504,2.7155168056488037,-52.279154524097386,-0.5034652,91,1576.7452442646027,-33.33949769194871,118.64384740356665,920000,0.030005455017089844,0.035924926
0.2559983730316162,17.072027921676636,100,17.357922077178955,14.15795612335205,-140.4902483243418,57.75157032324915,2.647022008895874,-31.035296497075386,-0.36195907,92,1594.1162340641022,-19.694588504938203,190.91835430632517,930000,0.02896404266357422,-0.011646436
0.25551581382751465,16.798651218414307,100,17.078139305114746,13.777165174484253,-129.5008389948779,54.85993844305696,2.6958963871002197,-45.785273318039934,-0.37901703,93,1611.2073740959167,-29.0158043911796,171.69890109050078,940000,0.022973299026489258,0.011573443
0.25300073623657227,17.143696784973145,100,17.424695253372192,14.230210065841675,-183.5111164501772,58.39771874119758,2.6410908699035645,-32.5693708830455,-0.27981818,94,1628.6460688114166,-21.064651396805516,201.22324765644706,950000,0.027997732162475586,0.011949866
0.3005189895629883,16.92735242843628,100,17.28387141227722,14.032521963119507,-180.9084886069091,65.62069774005923,2.615541934967041,-41.12192394396914,-0.23419644,95,1645.942940711975,-26.165556444856357,168.58801180340242,960000,0.05500221252441406,-0.008004492
0.2579987049102783,16.697553396224976,100,16.979554176330566,13.854945182800293,-141.239022923626,54.110965735071204,2.5704922676086426,-43.53675661489239,-0.1466834,96,1662.936495065689,-27.97689407729116,169.2282640366269,970000,0.023000478744506836,0.009706665
0.25499916076660156,16.916710376739502,100,17.19568157196045,14.011078834533691,-138.28200914397777,48.60016898025382,2.6523077487945557,-50.75232340878599,-0.087039456,97,1680.145176410675,-32.98399119530341,148.0599434471307,980000,0.022974014282226562,0.01980476
0.26399874687194824,16.661137342453003,100,16.955110788345337,13.834359645843506,-150.45788466595764,54.05670640977131,2.5729448795318604,-51.31207614834718,-0.09287817,98,1697.1132867336273,-32.13848153093249,202.76706716500067,990000,0.029974699020385742,0.00013896484
0.259000301361084,16.780940532684326,100,17.066896677017212,13.899514198303223,-136.17477786548352,60.20469349085658,2.6289589405059814,-46.37832484235576,-0.06421602,99,1714.1931836605072,-29.57090511027432,176.9087209089887,1000000,0.026955842971801758,-0.011084436
0.2470712661743164,16.826162576675415,100,17.102230548858643,13.975120782852173,-175.42617698182238,66.66557120386094,2.6030969619750977,-33.31551910554196,-0.06305454,100,1731.3084132671356,-21.41110979568077,226.0639818667573,1010000,0.028996706008911133,0.024717236
0.25236988067626953,17.041512489318848,100,17.31788182258606,14.16750979423523,-139.5485704167475,52.41859232945805,2.588994026184082,-41.10699503678075,-0.03767744,101,1748.6392240524292,-25.988849248024252,187.32074451078273,1020000,0.023999452590942383,0.011568543
0.25424957275390625,16.971105098724365,100,17.247353553771973,14.102243661880493,-161.43308052502172,49.256429933005116,2.589789628982544,-44.636859600640875,-0.10729827,102,1765.899578332901,-26.853613651798504,176.03995053995922,1030000,0.021998882293701172,-0.0056924927
0.2500009536743164,17.04605770111084,100,17.326056241989136,14.135591983795166,-174.63806730292507,51.409305497124386,2.608476400375366,-50.71618163283941,-0.070026025,103,1783.2386338710785,-31.87951763875214,172.36785892816172,1040000,0.02796792984008789,-0.012902246
0.2559988498687744,16.937162160873413,100,17.215160846710205,14.066327571868896,-156.1003155925686,42.59151429633465,2.620147705078125,-55.48638995583256,-0.051816933,104,1800.4667944908142,-33.3303348285895,140.9089429814535,1050000,0.020999670028686523,-0.023424635
0.250995397567749,16.794867038726807,100,17.07083487510681,13.932512521743774,-108.01298075521491,52.13172837010562,2.597813844680786,-38.76809630171122,-0.055852026,105,1817.5506286621094,-24.27095435774805,219.5054920791502,1060000,0.023001909255981445,-0.031007959
0.24796795845031738,17.006799459457397,100,17.276795625686646,14.101898670196533,-182.86221298509267,49.15271242281556,2.653102159500122,-51.73557635150035,-0.03607802,106,1834.8414249420166,-32.31223682432189,129.5537066920049,1070000,0.022028207778930664,-0.011968198
0.265000581741333,16.970077753067017,100,17.265076398849487,14.093698263168335,-223.9759715054582,59.55574402713646,2.6085050106048584,-45.69892494159428,-0.009449603,107,1852.1195032596588,-27.35959230153137,160.9692262155095,1080000,0.029998064041137695,0.012245764
0.2519998550415039,16.68707036972046,100,16.966039419174194,13.836329698562622,-146.86607905237284,57.048825146251815,2.589998245239258,-46.9820000304365,-0.041504737,108,1869.0985443592072,-28.974465010288284,156.68456793262163,1090000,0.026969194412231445,-0.016624609
0.25400328636169434,16.65949249267578,100,16.935494661331177,13.813941717147827,-144.87796718413114,61.25578627586055,2.5877723693847656,-40.92588979092498,-0.027887378,109,1886.0470387935638,-25.473151353236194,210.03162666501262,1100000,0.02096414566040039,-0.0071187746
0.2555117607116699,16.796454906463623,100,17.075934410095215,13.932754278182983,-148.70699371770093,58.43162521577203,2.585390090942383,-49.22377172432171,-0.056923486,110,1903.1369712352753,-30.70828489307614,200.57006195891918,1110000,0.021968364715576172,-0.031553295
0.26253724098205566,16.673811197280884,100,16.963294982910156,13.824283361434937,-159.8198001372706,54.870837136888056,2.5859172344207764,-48.144002998031375,0.020541748,111,1920.1132669448853,-29.620753090605277,161.85915608644143,1120000,0.026946544647216797,0.042422753
0.25902628898620605,16.77862000465393,100,17.059648036956787,13.944687128067017,-135.14198708499154,49.626767226660476,2.577528238296509,-43.96591629040001,-0.013548779,112,1937.185914516449,-25.968150623207986,141.0517224247196,1130000,0.021000146865844727,0.017282763
0.2525508403778076,17.11018681526184,100,17.386733531951904,14.170876502990723,-137.66722626545086,56.66312299452777,2.6753439903259277,-40.15274886698018,-0.01845553,113,1954.5846478939056,-24.063286427312402,132.16917461591993,1140000,0.022995948791503906,-0.0018261109
0.2520294189453125,16.845491409301758,100,17.124520778656006,13.914713859558105,-166.34810190689907,47.685382244599595,2.641308069229126,-53.971465175211314,-0.03640769,114,1971.7221689224243,-33.10497664792872,195.7754798949029,1150000,0.026999950408935547,-0.003725537
0.2609999179840088,16.738295555114746,100,17.020294427871704,13.83116865158081,-171.69106079347935,60.717750042802344,2.6479310989379883,-43.902695494947864,-0.02080785,115,1988.75545835495,-27.252707044151354,198.33448464319883,1160000,0.02099895477294922,-0.004330316
0.25652194023132324,16.918063640594482,100,17.19655466079712,14.051307916641235,-133.49830579425617,64.18069982121399,2.5987415313720703,-43.532837586243176,-0.018681567,116,2005.9650118350983,-27.12863697490492,250.96049590034536,1170000,0.021969079971313477,0.01919541
0.2505190372467041,16.7649245262146,100,17.036412477493286,13.84308123588562,-144.35290709555568,57.922586383062324,2.6607117652893066,-44.83785684671483,-0.058000147,117,2023.0144827365875,-28.1844351431736,188.6577572941154,1180000,0.020968914031982422,-0.017954614
0.278515100479126,16.977897882461548,100,17.278414249420166,14.11307144165039,-189.50176879732393,51.747932246029514,2.6105079650878906,-49.16437617472829,-0.04900705,118,2040.3058986663818,-29.499596466770008,160.94048376007865,1190000,0.02100062370300293,-0.019287616
0.25251007080078125,16.825536012649536,100,17.101091384887695,13.968431234359741,-167.74280978161121,41.34151963376387,2.603276252746582,-54.07485776377101,-0.043807324,119,2057.4199883937836,-33.494123053756354,100.7372195785582,1200000,0.02304530143737793,-0.018690089
0.26802921295166016,16.918872833251953,100,17.215903997421265,14.062819004058838,-145.52160159371627,49.5932169361226,2.605705976486206,-51.61298428757238,-0.034019202,120,2074.6488921642303,-30.837726247911142,156.77077291469152,1210000,0.028001785278320312,0.012321033
0.2529153823852539,17.002500295639038,100,17.277467250823975,14.075573444366455,-132.10263285793985,49.48544610038044,2.6719675064086914,-41.95760284935437,-0.02832447,121,2091.9413588047028,-26.304670109430823,116.81654191203128,1220000,0.022051572799682617,0.01728161
0.25551319122314453,16.919686794281006,100,17.204169034957886,14.022729873657227,-141.65546219027826,52.89879915514556,2.6293821334838867,-45.14273288298227,-0.038083363,122,2109.1585278511047,-28.198497966937726,133.50272413347645,1230000,0.02896904945373535,0.020168165
0.25499987602233887,17.02832293510437,100,17.313320875167847,14.12801718711853,-162.44728347643812,50.20822100627312,2.6256303787231445,-41.72276089918157,-0.069460034,123,2126.484848022461,-25.126349273016952,115.40030800212756,1240000,0.029998064041137695,0.008757104
0.256000280380249,16.5103178024292,100,16.788286209106445,13.729483842849731,-188.88416270655256,52.123502718961966,2.5384585857391357,-48.72111853827306,-0.022918357,124,2143.2871356010437,-30.576307491018223,156.2969177623839,1250000,0.02196812629699707,0.028255874
0.25499820709228516,17.05967950820923,100,17.33767867088318,14.151268482208252,-155.50276269246103,63.96758030511227,2.596230983734131,-40.014921051281114,-0.10158518,125,2160.6368148326874,-23.90720056485077,192.81905605315237,1260000,0.022001266479492188,-0.013977832
0.2800009250640869,16.892123699188232,100,17.19612407684326,13.969867467880249,-208.71972934013405,41.774718357040655,2.65160870552063,-47.41150053831546,-0.08582453,126,2177.8459391593933,-28.333152226412995,90.83882397892422,1270000,0.023999452590942383,0.0008262741
0.283998966217041,16.63623809814453,100,16.944204568862915,13.780551671981812,-128.2071284563311,47.7515560430063,2.6058928966522217,-43.70097402760462,-0.12713972,127,2194.8031446933746,-26.191850997911423,124.8955895372671,1280000,0.020968198776245117,0.0005057495
0.253997802734375,16.91143822669983,100,17.196404695510864,14.07757830619812,-131.85487161654987,44.30477540909775,2.5693423748016357,-45.042102578557,-0.18519117,128,2212.0125522613525,-26.67067881379007,98.66837072248143,1290000,0.028967857360839844,0.0256029
0.2680013179779053,16.83964443206787,100,17.13664150238037,13.944738149642944,-174.8534611956672,48.872958208474024,2.635211944580078,-42.24583531550543,-0.35829803,129,2229.1621940135956,-24.93672525764461,129.9629097826692,1300000,0.02799510955810547,0.0019521621
0.2610015869140625,17.15899920463562,100,17.44299006462097,14.202248573303223,-155.506162092227,43.88147347384366,2.687276601791382,-44.2219720140408,-0.63946575,130,2246.617182970047,-25.66699508467012,139.3671494300141,1310000,0.021988630294799805,-0.0048742676
0.2525198459625244,17.06461501121521,100,17.34413194656372,14.107953786849976,-160.17192538874457,51.29512361468505,2.672161340713501,-50.37677024949433,-0.44921327,131,2263.9753139019012,-30.287753164715173,155.79655686868782,1320000,0.025995492935180664,-0.025834387
0.26799941062927246,16.866647958755493,100,17.161643743515015,13.991021871566772,-159.69563068190988,50.292090785175,2.610830307006836,-49.136011551076436,-0.35824093,132,2281.148957490921,-30.09939662831888,128.41569818641648,1330000,0.02599644660949707,0.0004609009
0.26151371002197266,16.935564517974854,100,17.224077224731445,13.999135732650757,-134.6802511669091,58.31087774195436,2.6629743576049805,-34.21443964765259,-0.31517145,133,2298.3860354423523,-21.335106387005375,159.67830158938412,1340000,0.02699899673461914,-0.028549658
0.262998104095459,16.664470911026,100,16.950438499450684,13.912559032440186,-299.3938944816316,65.12936656131134,2.503657817840576,-45.25425367825247,-0.17141987,134,2315.3494744300842,-27.171813913436765,173.84362483233753,1350000,0.021998167037963867,-0.0052435305
0.26599693298339844,16.681982040405273,100,16.978978633880615,13.834854125976562,-189.22602029995744,58.473412040637605,2.592519998550415,-47.673605564987255,-0.18130344,135,2332.3414521217346,-29.54154383358993,223.73099396273545,1360000,0.03099966049194336,-0.006849916
0.28351593017578125,17.080726146697998,100,17.388209342956543,14.120640277862549,-189.99146345147562,58.81449522743261,2.654520273208618,-59.36448862058254,-0.120066844,136,2349.7426614761353,-37.104659550699175,163.3956380818397,1370000,0.023967266082763672,0.006391809
0.2525167465209961,16.974021196365356,100,17.257535457611084,14.058277368545532,-151.16247988622774,54.211626136437694,2.6590523719787598,-49.32889516379088,-0.04814281,137,2367.0141954421997,-30.86379689263405,121.12364550070717,1380000,0.02899646759033203,0.010564673
0.32303690910339355,16.97263765335083,100,17.31767249107361,13.993536710739136,-166.40321918906702,49.733273170705225,2.706148147583008,-48.39555307371815,-0.11791017,138,2384.3458681106567,-31.261347358018906,95.7775564488034,1390000,0.021997928619384766,0.0120618045
0.2579972743988037,16.902554035186768,100,17.18255066871643,13.92984127998352,-168.0919478013508,47.28652366583401,2.725212812423706,-54.13815345786401,-0.05067109,139,2401.542417049408,-34.0742307883541,116.43951998896266,1400000,0.021999359130859375,0.00024481202
0.28103184700012207,16.761067867279053,100,17.072096347808838,13.798677921295166,-144.854369725132,46.167962510984225,2.6885318756103516,-40.7390473262775,-0.04224087,140,2418.6275157928467,-25.491032408522905,94.74750660187242,1410000,0.029996633529663086,4.0930176e-05
0.24499988555908203,16.88254189491272,100,17.155539989471436,13.888057708740234,-166.18576186292532,42.72046651457027,2.7353293895721436,-49.24191923621828,-0.019967455,141,2435.796055316925,-30.62993553955123,81.26512753060152,1420000,0.02799820899963379,0.0032155518
0.2449970245361328,16.969118118286133,100,17.23809242248535,14.102014064788818,-211.4247821714026,53.894736961650175,2.6155588626861572,-44.46187185494899,-0.036452416,142,2453.047147512436,-29.0490398010632,170.82885041722062,1430000,0.022003173828125,-0.012744323
0.25299835205078125,16.91726589202881,100,17.196265697479248,14.011139631271362,-173.8480670860504,42.32335836169987,2.6466360092163086,-50.48933565439604,-0.025161816,143,2470.263412952423,-33.61057717502219,66.20285296879699,1440000,0.026001453399658203,0.004606653
0.2505149841308594,17.145751953125,100,17.41826629638672,14.228867769241333,-128.1465000909675,39.13676950952839,2.638227939605713,-43.71164841168469,-0.02667268,144,2487.6936798095703,-28.34215865538418,88.50139649769046,1450000,0.020993947982788086,0.011746045
0.25500011444091797,16.923354864120483,100,17.202336072921753,14.043644905090332,-237.45636472270826,46.92034401258303,2.625696897506714,-45.75725687323048,-0.037316456,145,2504.9090163707733,-30.433151470679714,108.5965288055779,1460000,0.023981094360351562,-0.010508862
0.25100040435791016,16.849406242370605,100,17.130406618118286,13.942501544952393,-242.24860871160237,44.32488396517837,2.6523630619049072,-46.261227945776945,-0.040468678,146,2522.053423166275,-31.430915966982326,96.8541963768777,1470000,0.029999971389770508,-0.00856438
0.25552892684936523,16.9383647441864,100,17.214893341064453,13.981482744216919,-142.9148461750606,39.32552040096244,2.6365458965301514,-50.07097386401285,-0.07446025,147,2539.28231549263,-33.31975137485619,39.474685393831265,1480000,0.020999670028686523,-0.007595435
0.24851059913635254,16.937486171722412,100,17.20897388458252,14.035054445266724,-171.98317024286183,41.24417217990581,2.632880926132202,-42.598368292632394,-0.13678229,148,2556.504289627075,-27.766656135805707,82.15404733760562,1490000,0.02197718620300293,-0.0011550903
0.25296831130981445,16.73923110961914,100,17.01922917366028,13.86997389793396,-195.10485325890605,41.45122435008427,2.6046040058135986,-48.56496863211134,-0.16588473,149,2573.536518096924,-32.38700582854044,52.79837259601481,1500000,0.027029752731323242,0.025260516
0.24899840354919434,16.619318962097168,100,16.89731526374817,13.744192838668823,-236.88866859948007,38.50913593236067,2.6233670711517334,-51.12839050455965,-0.24723387,150,2590.4468324184418,-33.93573639092255,35.2446723921847,1510000,0.02899789810180664,-0.013299719
0.25300049781799316,16.79667854309082,100,17.07364583015442,13.915434837341309,-135.7399103339903,38.56380398840363,2.599208116531372,-44.546308950412815,-0.5262293,151,2607.5334782600403,-29.749674676486844,180.68686120145856,1520000,0.02396678924560547,0.013006592
0.2588307857513428,16.86895203590393,100,17.149951934814453,14.012354850769043,-147.69804278731377,37.27074609587356,2.5907278060913086,-42.52521510168085,-1.0244753,152,2624.6964297294617,-28.450236363979094,71.60135214327877,1530000,0.022169113159179688,0.025778662
0.25100064277648926,17.078967809677124,100,17.356966495513916,14.112306833267212,-135.84223944540605,35.45560935119209,2.7028181552886963,-43.25974827599596,-1.199987,153,2642.0663952827454,-29.17815849485596,70.144408325852,1540000,0.02596569061279297,-0.015127722
0.2585294246673584,16.79604148864746,100,17.080544471740723,13.951517343521118,-175.1724339586343,34.13054987842228,2.584911823272705,-48.6733112232912,-1.1016066,154,2659.1599395275116,-32.61605650156644,74.07379952043566,1550000,0.024974346160888672,-0.011861816
0.3770012855529785,16.80463218688965,100,17.207633018493652,13.915069580078125,-165.48522681529627,36.812999640491135,2.6415622234344482,-51.345974644951326,-1.0112395,155,2676.3795726299286,-33.705905268953295,33.371392721275306,1560000,0.02499985694885254,-0.024965687
0.2513091564178467,16.69028067588806,100,16.97156047821045,13.800628662109375,-152.10397041795113,38.909272190637274,2.614668369293213,-53.22131639888774,-0.58564657,156,2693.364132165909,-34.47998053387614,65.90561198971787,1570000,0.02900218963623047,-0.026291858
0.25,16.96031665802002,100,17.233161687850952,14.055070400238037,-131.49539324327878,42.40454634947014,2.629552125930786,-38.60876823185786,-0.65546775,157,2710.6102907657623,-24.98773495600024,109.95363778382334,1580000,0.022845029830932617,-0.012402795
0.25351834297180176,16.950331687927246,100,17.23084831237793,14.073387145996094,-149.9859068898787,37.44528066937656,2.5798113346099854,-46.23106722268183,-0.31339946,158,2727.8541407585144,-29.049949902253925,97.59663730938883,1590000,0.026998281478881836,-0.021770691
0.2539989948272705,16.81208300590515,100,17.097049474716187,13.917514562606812,-182.31062571883695,40.1123780994796,2.630128860473633,-41.64064547067148,-0.17080693,159,2744.9641902446747,-26.580517872404425,68.16790334085648,1600000,0.0299985408782959,0.0048332396
0.25499963760375977,16.999838829040527,100,17.275805234909058,14.108801126480103,-131.833879262202,45.76393636458096,2.6258394718170166,-30.354944129520167,-0.03574546,160,2762.2529969215393,-19.631916763421156,178.12207379989084,1610000,0.020966768264770508,0.025437646
0.2525217533111572,16.70830225944519,100,16.9908230304718,13.787683963775635,-157.58475315621843,46.57647400059561,2.644409656524658,-42.556755274184134,-0.0422956,161,2779.2568204402924,-28.206624001687427,118.77760699572163,1620000,0.0299990177154541,0.01592489
0.25300049781799316,16.63879680633545,100,16.921765327453613,13.737951755523682,-108.37808923709659,38.52555200568973,2.6459274291992188,-30.348650373711898,-0.025810009,162,2796.197585105896,-18.786919973634063,70.10192935557721,1630000,0.0299680233001709,0.012407959
0.2534167766571045,16.597078561782837,100,16.88150191307068,13.728363752365112,-183.28868171595502,42.65178353027388,2.6038589477539062,-35.481258847178694,-0.05389128,163,2813.0910868644714,-22.304537914161116,156.96364310126964,1640000,0.02890920639038086,-0.026530273
0.256000280380249,16.785813808441162,100,17.067811489105225,13.879195928573608,-210.421704241608,43.06794396499885,2.6497786045074463,-35.82796905732479,-0.08149834,164,2830.1728978157043,-22.540451256042026,85.76149714889526,1650000,0.025997400283813477,-0.050798
0.2570004463195801,16.78649663925171,100,17.07346510887146,13.857022762298584,-243.9413606329577,54.666710835742855,2.6646854877471924,-34.60400770232057,-0.025373071,165,2847.25936293602,-22.66283428780485,177.50758418642693,1660000,0.0299680233001709,0.010555084
0.2519981861114502,17.004425764083862,100,17.28580331802368,14.094874620437622,-145.4269146680097,49.21379170966198,2.639589786529541,-33.27306199052302,-0.03327239,166,2864.558164358139,-20.990782081858946,167.89160170124734,1670000,0.028376340866088867,-0.0025359376
0.25299715995788574,16.678105354309082,100,16.960063457489014,13.785732984542847,-167.1180016660779,42.1995284995659,2.608996868133545,-25.588699572843893,-0.043221995,167,2881.531226873398,-15.051238812955361,117.77878562271876,1680000,0.0289609432220459,-0.0066472413
0.2595095634460449,16.99436664581299,100,17.28187847137451,14.060545444488525,-127.86335855464317,42.45653337066306,2.6851751804351807,-34.63988036645109,-0.059730675,168,2898.826105594635,-21.084877748491166,180.7106320796536,1690000,0.028002262115478516,-0.03526613
0.26200032234191895,16.81044363975525,100,17.10244369506836,13.900202751159668,-160.86237159732644,41.34307430688854,2.6041412353515625,-32.11095402392115,0.0072178957,169,2915.9415485858917,-19.219237876332937,117.18128066893209,1700000,0.029999732971191406,0.02116445
0.2519981861114502,16.87510085105896,100,17.154101371765137,13.990977048873901,-186.75356974838326,47.02596933783017,2.6159439086914062,-27.161450877204743,0.020311529,170,2933.108649492264,-16.312814972531108,116.57072654308267,1710000,0.025002002716064453,0.046360236
0.2600436210632324,17.061535120010376,100,17.345548152923584,14.065896987915039,-179.892477326698,35.86743531325582,2.7211995124816895,-41.74591051263107,-0.033342723,171,2950.46719622612,-26.578155952617436,76.0383518704098,1720000,0.022970914840698242,-0.010226978
0.3079979419708252,16.83555245399475,100,17.173516750335693,13.916293859481812,-168.45718903226762,45.60568482645812,2.650672674179077,-35.43043431896536,-0.048727836,172,2967.6547124385834,-21.714387829892484,97.28289644370764,1730000,0.029966354370117188,0.019270066
0.2539994716644287,17.13045310974121,100,17.41641402244568,14.22368049621582,-128.39306663041526,40.02475964513234,2.6403141021728516,-24.471319703642784,-0.053736035,173,2985.086637020111,-14.466709275234864,108.11369369551271,1740000,0.028970956802368164,-0.009881739
0.2519981861114502,17.098927974700928,100,17.37489414215088,14.173884630203247,-137.36169744828743,51.99991790106318,2.6537883281707764,-29.01389038694599,-0.035957616,174,3002.474531888962,-17.82489990525026,183.41243312046197,1750000,0.02299976348876953,0.008914746
0.2649996280670166,17.0102698802948,100,17.302287817001343,14.102638244628906,-205.36850097678405,47.50283350739071,2.636190891265869,-34.74755954885376,-0.05418861,175,3019.788819551468,-21.71525254246158,80.9269628350021,1760000,0.02496194839477539,0.0007385071
0.2689986228942871,17.228373050689697,100,17.520341634750366,14.263372421264648,-111.03506620495111,37.58655646530066,2.703223943710327,-27.2768110785122,-0.051299267,176,3037.3221604824066,-17.652965647110157,82.02783882752483,1770000,0.022969961166381836,-0.02871328
0.25499939918518066,16.831257343292236,100,17.10822081565857,13.954999923706055,-121.55552179217364,53.00931433152942,2.6155588626861572,-21.824050644214427,-0.035285328,177,3054.44238114357,-13.275562376059359,157.97865902433688,1780000,0.02096414566040039,-0.0022361695
0.4060027599334717,16.819175481796265,100,17.25517725944519,13.960208892822266,-198.05993735502915,45.42167944215213,2.6163218021392822,-38.1550579983941,-0.068244874,178,3071.7095584869385,-24.211917172779977,109.47959809704025,1790000,0.028000831604003906,-0.01132666
0.2484760284423828,17.05808711051941,100,17.32756280899048,14.115660190582275,-146.38195689913158,35.537194387236184,2.673347234725952,-31.659680338113507,-0.08267887,179,3089.051118850708,-19.663532563179288,58.68710341578015,1800000,0.019997596740722656,-0.02529325
0.25099778175354004,17.020190477371216,100,17.293153047561646,14.07280683517456,-168.65723202679166,39.31045201290273,2.640779972076416,-33.89242494629451,-0.06697148,180,3106.3582723140717,-20.95524121729045,77.12151823335559,1810000,0.02196478843688965,-0.012773096
0.2539985179901123,16.985933542251587,100,17.268934726715088,14.122199058532715,-160.26135359979588,51.837773143200856,2.6292805671691895,-27.167649701125825,-0.028254706,181,3123.640207052231,-16.624706447313507,127.94631799350205,1820000,0.029002666473388672,0.0033766236
0.2475132942199707,16.974981784820557,100,17.24845814704895,14.073869705200195,-215.30133823509377,44.546557076860154,2.650970458984375,-22.75194877037021,-0.0376026,182,3140.9016633033752,-12.920268444000937,95.27763544674964,1830000,0.02596306800842285,-0.008738769
0.24899721145629883,16.99496555328369,100,17.269933462142944,14.110726833343506,-183.06684679149575,46.436257844940364,2.6323587894439697,-33.02582980862555,-0.031536505,183,3158.184598684311,-19.68324312715593,74.17433247106302,1840000,0.024950027465820312,-0.010976093
0.2539997100830078,16.661999702453613,100,16.938962936401367,13.809753179550171,-217.88505031543346,47.84393215754947,2.5734364986419678,-17.71795212556992,-0.031792846,184,3175.137563943863,-9.154429161909142,97.45537945365504,1850000,0.02196502685546875,0.00045407715
0.2670001983642578,16.584605932235718,100,16.877605676651,13.723872184753418,-172.65935715126201,37.390524437669576,2.59199857711792,-28.699728847405908,-0.0358041,185,3192.0281689167023,-16.452672539790516,92.80325648886178,1860000,0.024866104125976562,-0.0087463865
0.2519986629486084,16.998575925827026,100,17.281541109085083,14.075749158859253,-149.49978087297842,39.84663801029095,2.64823842048645,-35.60736242164053,-0.040958703,186,3209.3227105140686,-20.926641458153505,108.29187871417109,1870000,0.029966354370117188,-0.012419361
0.25699877738952637,16.770533084869385,100,17.054532766342163,13.859203815460205,-157.5538704839613,47.46828821085828,2.6286673545837402,-23.397502399017377,-0.0158463,187,3226.3902435302734,-13.811639418996533,167.6537285565412,1880000,0.025969982147216797,0.0075931763
0.2515559196472168,16.790661096572876,100,17.064206838607788,13.93954610824585,-248.50276183516692,45.75879874716158,2.578418016433716,-29.485979097171125,-0.05073278,188,3243.4664475917816,-16.64758563327955,56.66130728826128,1890000,0.02098822593688965,-0.013322534
0.26252174377441406,16.737899780273438,100,17.030386924743652,13.86712098121643,-181.95467649103927,46.08769721318003,2.590522289276123,-29.820548590917248,-0.042460084,189,3260.50976395607,-17.725071245856654,99.64226233003042,1900000,0.02896571159362793,0.0029716797
0.25099921226501465,16.938926219940186,100,17.216923713684082,14.059456825256348,-135.23876638179334,44.58578251266703,2.614485263824463,-29.569976329019877,-0.04446609,190,3277.739687204361,-17.351108805054604,119.98020210165507,1910000,0.025969505310058594,0.0038251465
0.24799728393554688,16.98906660079956,100,17.266085863113403,14.048592567443848,-167.4682006559034,49.76797770683418,2.6410653591156006,-38.578195486700935,-0.011718774,191,3295.0197727680206,-23.29031955025001,131.4330651822591,1920000,0.02798938751220703,0.01968606
0.26196718215942383,16.978532075881958,100,17.269493103027344,14.099225044250488,-209.2352059139899,51.139324571332764,2.6147897243499756,-27.661319892462146,-0.008183252,192,3312.302265882492,-15.777865362261661,153.59721245827342,1930000,0.028993844985961914,0.0109875975
0.2729983329772949,16.995867490768433,100,17.300862312316895,14.108426094055176,-177.0750691763034,44.53508999407409,2.6059186458587646,-35.39319951101761,-0.057273854,193,3329.616129875183,-21.446571125775833,67.337959116105,1940000,0.02899909019470215,-0.020535083
0.25739073753356934,17.056581258773804,100,17.33994221687317,14.218409538269043,-152.4510582202963,45.61434958363818,2.5451881885528564,-33.98354828880975,-0.051019415,194,3346.9700734615326,-19.52406248569078,78.09158214264723,1950000,0.022974491119384766,-0.022368725
0.2519993782043457,17.000660181045532,100,17.281656980514526,14.146922588348389,-259.3394575939644,56.02399802925281,2.569828987121582,-42.28111774000582,-0.036105298,195,3364.2647318840027,-24.851053733342187,142.49108171446542,1960000,0.028997421264648438,0.002377124
0.25100183486938477,16.876293659210205,100,17.15536332130432,14.004761934280396,-169.31947484343758,45.377117485785384,2.626542806625366,-32.711634158498676,-0.06492582,196,3381.4330956935883,-19.976700213963696,224.93027411506384,1970000,0.028067827224731445,-0.021503638
0.257000207901001,16.483316659927368,100,16.766314268112183,13.593024730682373,-194.54953921953458,46.19670905959984,2.6155433654785156,-44.283711138194015,-0.07971428,197,3398.2124078273773,-26.48995505489121,125.06937249200763,1980000,0.024995803833007812,-0.02607107
0.2590320110321045,16.50881266593933,100,16.793843507766724,13.634282350540161,-211.7780253884294,50.910484504520625,2.6209306716918945,-49.78241602848153,-0.047740087,198,3415.018251180649,-29.750230985496273,84.4220219669626,1990000,0.02499699592590332,-0.017516602
0.2545166015625,16.87771701812744,100,17.15423607826233,14.005887031555176,-220.85042338567195,44.91593504698588,2.6066102981567383,-44.750103771431824,-0.021470508,199,3432.18448638916,-26.683108021146918,82.70616303097133,2000000,0.020999908447265625,-0.00039228515
0.2625133991241455,16.91950225830078,100,17.212013006210327,13.985728025436401,-199.98149685723465,53.63903520142712,2.662914514541626,-44.93198824827341,-0.024899706,200,3449.4134981632233,-27.185948568962175,142.27010459220068,2010000,0.028997421264648438,-0.006086035
0.26200032234191895,17.169169664382935,100,17.45516538619995,14.177605628967285,-216.50048928666465,49.18819344363876,2.6570775508880615,-37.42061124216216,-0.035628736,201,3466.8816614151,-22.358920628299344,127.18813353826852,2020000,0.0229949951171875,-0.0045909425
0.2579991817474365,16.46873450279236,100,16.750728130340576,13.649890184402466,-244.3734582798405,57.21693159046041,2.5638864040374756,-48.9106549195342,-0.049747504,202,3483.6453924179077,-30.16899410509222,109.44713366101237,2030000,0.021998167037963867,-0.014988419
0.272998571395874,16.869640588760376,100,17.171608448028564,13.972243785858154,-264.78580366093706,56.444281261856055,2.633913278579712,-53.516380637928926,-0.06668099,203,3500.828999042511,-33.02146816173322,174.30792744570402,2040000,0.027968883514404297,-0.028850568
0.25,17.010953903198242,100,17.287951707839966,14.146858930587769,-266.7223261236209,54.061519745277685,2.5971486568450928,-53.690978796758124,-0.053231336,204,3518.1309525966644,-31.8095884734248,72.14093454118353,2050000,0.025995492935180664,0.0052840454
0.2819979190826416,16.668606519699097,100,16.972602367401123,13.81635570526123,-219.10177342184298,58.183323728264185,2.590883255004883,-43.74709989695429,-0.021971826,205,3535.1165561676025,-27.00249730113394,239.39708211875904,2060000,0.021997928619384766,-0.0020135865
0.2538914680480957,17.196414709091187,100,17.475453853607178,14.294501066207886,-299.1493343286778,66.26904530701366,2.629310131072998,-52.08971832425319,-0.044465918,206,3552.610008955002,-31.556385415395784,112.40907008585285,2070000,0.023146390914916992,-0.0105981445
0.2559981346130371,17.080094575881958,100,17.360063552856445,14.176331281661987,-208.05472279057736,57.40472457070551,2.6237003803253174,-53.336135548443835,-0.0009987549,207,3569.9820697307587,-32.0327100947258,155.24125442707302,2080000,0.021970510482788086,0.014638843
0.2785344123840332,17.031606435775757,100,17.350059747695923,14.148339748382568,-200.27264409625076,50.929463047863194,2.5899784564971924,-42.9039486405249,-0.055501062,208,3587.3451290130615,-24.449512438484025,58.20142603707041,2090000,0.03991889953613281,-0.01919851
0.4085114002227783,17.00165557861328,100,17.433167219161987,14.071698904037476,-332.88723188522624,56.24397881137076,2.663264036178589,-34.49222776241328,-0.05125111,209,3604.7932965755463,-20.340331724060658,101.60184007082324,2100000,0.020998001098632812,-0.02664521
0.24851107597351074,17.10339379310608,100,17.379905700683594,14.19755506515503,-201.3577020767014,62.72277663927163,2.641371011734009,-44.23238763667966,-0.06010105,210,3622.1872017383575,-25.779266184012986,177.83910008615814,2110000,0.02700042724609375,-0.018776417
0.25499749183654785,17.020406246185303,100,17.303417682647705,14.112895965576172,-226.37406522357213,52.32813028105563,2.6485366821289062,-38.833052312246544,-0.026867578,211,3639.5036191940308,-22.955791597970755,93.66141778989915,2120000,0.028013944625854492,0.025770264
0.24899768829345703,16.998451709747314,100,17.27742838859558,14.07789945602417,-173.22471404961038,46.6701605783832,2.5927579402923584,-37.09295533401599,-0.020957837,212,3656.7940475940704,-21.87975234996371,69.87806982843941,2130000,0.02997899055480957,0.002590869
0.2522773742675781,17.037487268447876,100,17.31180191040039,14.14325499534607,-256.08838870320534,64.91586794215019,2.623798370361328,-29.75697389360411,-0.024368932,213,3674.118849992752,-17.043730898121808,158.68646567769517,2140000,0.021066665649414062,4.3762207e-05
0.24899888038635254,16.925148248672485,100,17.19918656349182,14.05453872680664,-227.54862740965314,61.00207750863843,2.5980684757232666,-46.4565280785347,-0.041638453,214,3691.3310368061066,-27.100994756872204,109.98593067469052,2150000,0.024007320404052734,-0.018057715
0.256000280380249,17.08127760887146,100,17.36624574661255,14.234343767166138,-240.81904450679878,63.497395795125676,2.579746723175049,-40.651575377825814,-0.029299548,215,3708.7102823257446,-23.53145148409941,122.67854427564072,2160000,0.028967857360839844,0.015147229
0.25951313972473145,16.96823287010193,100,17.250743627548218,14.02611780166626,-248.3446451044291,60.78762673184746,2.684481382369995,-50.980574300564804,-0.03697307,216,3725.975027322769,-30.923171241457382,117.89787434370234,2170000,0.02099895477294922,-0.019994874
0.25899672508239746,16.98744487762451,100,17.268407583236694,14.089029550552368,-200.10391373667585,50.834143027747345,2.635706901550293,-43.29119271060261,-0.0027698486,217,3743.25643491745,-25.423622835898612,81.39376456581203,2180000,0.020999431610107422,0.019971045
0.2540011405944824,16.86380100250244,100,17.143800020217896,14.04180097579956,-270.66681423087056,58.26569921049097,2.5789883136749268,-26.605875761681528,-0.0608583,218,3760.413234949112,-15.214400457206816,169.8472638575192,2190000,0.02499866485595703,-0.027379712
0.2669963836669922,17.342292547225952,100,17.6332905292511,14.388833999633789,-327.38200549615124,52.25382447355161,2.717721700668335,-55.16965784443564,-0.04526524,219,3778.059522628784,-33.22204491729937,28.700745813044986,2200000,0.02300119400024414,0.00035336305
0.3189969062805176,16.937024116516113,100,17.285022974014282,14.076819896697998,-271.6097072786155,56.72534183967048,2.6244194507598877,-42.83909618456411,-0.061645195,220,3795.3575456142426,-24.59986799685303,139.45258704810834,2210000,0.029001951217651367,-0.0008252136
0.30700230598449707,16.587286710739136,100,16.915287494659424,13.73996615409851,-208.986200151069,46.02484335653523,2.602022409439087,-47.26202603556184,-0.027514318,221,3812.2868328094482,-28.190172811367148,66.07028279685206,2220000,0.020998477935791016,0.011309167
0.30651044845581055,18.367290496826172,100,18.70780348777771,15.191653966903687,-224.87627253984394,52.563275175849654,2.882188081741333,-44.98168678858607,-0.04851081,222,3831.00763297081,-26.993752003561198,109.37150613806952,2230000,0.031996726989746094,-0.017758045
0.2525205612182617,18.434179544448853,100,18.712697744369507,15.406528949737549,-215.57359599313742,50.03902638873306,2.673407793045044,-36.32523829892927,-0.061297156,223,3849.734333753586,-20.97947245858183,85.21108729069952,2240000,0.024999141693115234,-0.003964282
0.2539975643157959,16.859649419784546,100,17.138646364212036,13.991095781326294,-222.44292425615095,49.27974313094898,2.5807788372039795,-38.59450435066453,-0.0324616,224,3866.885978460312,-23.237672370289637,59.895436135170044,2250000,0.02399921417236328,0.002975708
0.24999690055847168,17.07564926147461,100,17.350684881210327,14.190088272094727,-275.26286621315677,53.378030871950905,2.625976085662842,-34.433505653946014,-0.07621274,225,3884.2496643066406,-19.801429065985776,111.68973301525374,2260000,0.025038719177246094,-0.006038452
0.252000093460083,17.153934717178345,100,17.43693208694458,14.215966701507568,-228.50171852388416,54.0808860323953,2.6766722202301025,-46.44282926747132,-0.012446021,226,3901.69859623909,-27.742110938015955,72.86010120588412,2270000,0.02999711036682129,0.022164185
0.2609984874725342,17.02877378463745,100,17.312769889831543,14.169747352600098,-196.08673119353298,54.11701511569923,2.6237173080444336,-29.075852903710956,-0.021655189,227,3919.025364637375,-16.318340467835327,85.5729097137448,2280000,0.022997617721557617,0.0016130982
0.25099897384643555,16.573545455932617,100,16.849544763565063,13.724440336227417,-204.5727895881983,48.24491609799737,2.600970983505249,-40.165751423704336,0.005648828,228,3935.8879113197327,-23.36741639298954,76.01495538509121,2290000,0.02300095558166504,0.03579602
0.2589986324310303,17.012282609939575,100,17.301278591156006,14.159392356872559,-243.93709945435108,54.36933133642374,2.582993745803833,-40.54522092902098,-0.006651281,229,3953.2021913528442,-24.57216809735949,158.3263909461673,2300000,0.02899765968322754,0.023665568
0.2609992027282715,16.66587257385254,100,16.954869747161865,13.748769760131836,-189.72315501640907,62.29020937451851,2.6268696784973145,-29.124920495008613,-0.0811894,230,3970.169063806534,-16.613382848983242,210.95347021597044,2310000,0.026998043060302734,-0.034404125
0.2545206546783447,17.555641412734985,100,17.831161499023438,14.513647079467773,-178.74510381657865,63.264302316680144,2.7637100219726562,-33.75948970048448,-0.033808276,231,3988.0132253170013,-18.17048052620954,172.29226738603506,2320000,0.020999431610107422,-0.005177295
0.2539980411529541,16.352481365203857,100,16.628478288650513,13.489466667175293,-163.76810597369902,55.91066876768859,2.627333164215088,-32.099348929875184,-0.01322987,232,4004.6547038555145,-18.483955422691455,155.85518347632848,2330000,0.021998882293701172,0.013430615
0.25699687004089355,18.03440833091736,100,18.315404415130615,14.90076732635498,-229.1271841356109,55.396070872382204,2.85176157951355,-39.8148538522797,-0.033921923,233,4022.983110666275,-22.530046388761,146.20777968965766,2340000,0.02399921417236328,-0.0037702636
0.25099849700927734,16.738987684249878,100,17.01198720932007,13.884526014328003,-224.09409370290908,52.58069458298535,2.523541212081909,-25.788082582229826,-0.050921272,234,4040.008100748062,-14.30480095178226,195.16480054002284,2350000,0.021001100540161133,-0.014436065
0.26800107955932617,16.762022018432617,100,17.052989959716797,13.964781522750854,-261.2208509528026,54.39996465257456,2.5427823066711426,-36.68290531899507,-0.01544607,235,4057.0740916728973,-19.66248001360781,64.28653084146359,2360000,0.021966934204101562,0.0125203
0.25299739837646484,17.019993782043457,100,17.297990322113037,14.157432317733765,-169.76739177950304,46.38741510207483,2.580681800842285,-30.820148410089637,-0.058140453,236,4074.3860800266266,-16.247546023926603,102.48012672217712,2370000,0.02399754524230957,-0.027334351
0.26399850845336914,16.846017122268677,100,17.136991262435913,14.005886554718018,-153.8587880652339,48.78532695501902,2.585822582244873,-31.19180850335943,-0.05349674,237,4091.536071062088,-16.92620004157794,91.26349861051041,2380000,0.026000022888183594,0.0023311768
0.2589991092681885,17.02602481842041,100,17.305989742279053,14.204688787460327,-238.80332400846208,54.80640632063177,2.560182809829712,-31.006309054646934,-0.026280683,238,4108.855059862137,-17.569246054538866,126.73046382641414,2390000,0.0209658145904541,-0.0018246216
0.2499980926513672,17.09008502960205,100,17.36805033683777,14.196845531463623,-149.62866768944062,44.35428222303532,2.622985601425171,-33.96161598109553,-0.028612867,239,4126.236111164093,-20.063057966085278,68.30615920429867,2400000,0.027967214584350586,0.0042900145
0.28600001335144043,17.100022077560425,100,17.41399073600769,14.22592806816101,-185.2234663913758,48.04482860458797,2.575502395629883,-35.179388763268975,-0.051118653,240,4143.663099765778,-20.073489133871448,93.99104108536858,2410000,0.026968002319335938,-0.007553906
0.2559995651245117,17.063989877700806,100,17.35299038887024,14.158438920974731,-209.93959557051696,61.69234331513172,2.643195629119873,-24.2747302785873,-0.050183192,241,4161.029089927673,-13.716743142670852,156.17009812267253,2420000,0.03200054168701172,-0.01709862
0.2609996795654297,16.76398992538452,100,17.054989337921143,13.979676961898804,-174.91953714160041,46.06768327164922,2.5134506225585938,-27.238522098049206,-0.08946826,242,4178.0980796813965,-15.08485086511901,131.15804640621644,2430000,0.029000282287597656,-0.040046852
0.2480008602142334,17.16799020767212,100,17.437989473342896,14.307161569595337,-201.93731994153868,56.674532375249974,2.6025350093841553,-35.85433884837159,-0.036197875,243,4195.549068927765,-21.550315720661946,195.864176482796,2440000,0.020998477935791016,-0.01925769
0.24699950218200684,17.146989345550537,100,17.421988248825073,14.247511148452759,-146.33084661083583,49.40201660283071,2.640692710876465,-30.898503626062865,-0.02835171,244,4212.983058452606,-17.272101767407772,138.61759975562035,2450000,0.02700066566467285,0.019932983
0.2590000629425049,16.897990465164185,100,17.182990074157715,13.974304437637329,-216.1702899785176,54.12895140566634,2.603745937347412,-33.83414028569286,-0.043502342,245,4230.179048061371,-19.78662590172569,196.50885588347106,2460000,0.02599954605102539,-0.001927539
0.25499916076660156,17.0460205078125,100,17.329989910125732,14.177326917648315,-198.86677916416943,55.99691620327476,2.611783742904663,-35.543567998516785,-0.08253292,246,4247.522037744522,-20.537148921389562,148.81094247979598,2470000,0.027970075607299805,-0.03464274
0.28600001335144043,17.349990606307983,100,17.673988819122314,14.481640815734863,-173.0501944623595,45.447892413291726,2.6113100051879883,-36.16240573727666,-0.032145947,247,4265.209027051926,-20.706199352577237,49.8462193118152,2480000,0.03699851036071777,-0.011156787
0.25300049781799316,16.90299367904663,100,17.183989763259888,14.021082878112793,-216.15020420114962,58.03706011500138,2.616549253463745,-43.03486015329505,-0.06889351,248,4282.406017065048,-25.410770391692203,164.6227129352692,2490000,0.02497386932373047,-0.023849072
0.25696897506713867,17.431989908218384,100,17.717988967895508,14.494925260543823,-158.43288089015616,56.495304110353175,2.660893440246582,-36.2273187416546,-0.059060473,249,4300.137006044388,-21.056213465457258,165.58765671807106,2500000,0.02903008460998535,-0.008666528
0.25100040435791016,17.075989484786987,100,17.35198998451233,14.250487565994263,-240.64981547671826,65.10238431483754,2.557063102722168,-46.14329655298609,-0.032341503,250,4317.500995874405,-26.372549178438444,162.81196777965604,2510000,0.024000167846679688,0.010508215
0.25099849700927734,17.207332372665405,100,17.486332893371582,14.277884483337402,-185.91701542207565,56.85615814547891,2.6751890182495117,-40.085025908352854,-0.049801353,251,4334.999328136444,-23.232199277612857,155.77321683933286,2520000,0.028002023696899414,0.004332422
0.2500002384185791,16.988991498947144,100,17.26998996734619,14.080098390579224,-218.26290121434297,56.08131719699478,2.6440088748931885,-38.04328552053763,-0.04402737,252,4352.281317472458,-22.17255942487743,152.9123527232244,2530000,0.028998374938964844,-0.0022215575
0.2540009021759033,16.64699125289917,100,16.92599129676819,13.81681203842163,-237.15481298700405,53.865105797230186,2.590881586074829,-32.79863278684488,-0.019349512,253,4369.219308376312,-19.20770540855305,150.7325866237327,2540000,0.022978782653808594,0.01114635
0.2499990463256836,16.99499011039734,100,17.272989749908447,14.181530475616455,-259.64256036966805,53.71901945704101,2.5528602600097656,-36.184091480311665,-0.044472437,254,4386.505296945572,-21.33349386719384,124.30798396936942,2550000,0.028000593185424805,-0.016625518
0.25099992752075195,17.064094066619873,100,17.342092275619507,14.200188636779785,-211.35365412562146,53.18347444026169,2.606095314025879,-44.269992998496235,-0.052621193,255,4403.860388994217,-26.408251529557816,136.43906894174307,2560000,0.026998281478881836,-0.010554602
0.24900007247924805,17.19283127784729,100,17.46682834625244,14.260875225067139,-211.58353875966816,51.296632302858995,2.6270358562469482,-39.6183944407375,-0.057017848,256,4421.340217113495,-23.553637476510485,87.43417926214202,2570000,0.02499699592590332,-0.030460376
0.24700069427490234,16.5170156955719,100,16.791988849639893,13.678478956222534,-204.00059247826744,55.774226212715604,2.58445143699646,-30.6709183367693,-0.07670865,257,4438.146206855774,-17.234480556746444,172.8272153794507,2580000,0.026972532272338867,-0.033009484
0.25300121307373047,16.572023391723633,100,16.8549907207489,13.738971471786499,-269.26754334729895,51.13065934602007,2.5479443073272705,-40.904920161898424,-0.05168474,258,4455.013197183609,-23.832891973243353,83.19856669420147,2590000,0.02896571159362793,-0.012318116
0.25099992752075195,16.95302104949951,100,17.226990938186646,14.176574230194092,-167.84326263484454,48.49922601016931,2.5273611545562744,-25.234121982438886,-0.035309304,259,4472.25318646431,-15.103324735592311,148.9825319504428,2600000,0.020968198776245117,0.005950537
0.25799989700317383,17.051021337509155,100,17.335989713668823,14.194701194763184,-134.71203358054166,48.41758002059149,2.584686279296875,-32.85993140393157,-0.04967383,260,4489.602175712585,-18.751866628264455,164.87507403417368,2610000,0.025968074798583984,0.03301978
0.27300071716308594,16.994022130966187,100,17.289989709854126,14.103707075119019,-313.3665323077393,66.03225972967753,2.6244726181030273,-49.348669457214676,-0.09009017,261,4506.905165672302,-28.53700205650987,130.53570181713098,2620000,0.022966861724853516,-0.028503785
0.26399898529052734,16.931991815567017,100,17.222989320755005,14.048821687698364,-256.1293134107611,51.91614440368675,2.6155002117156982,-38.11364152148244,-0.03797483,262,4524.14115524292,-22.939964433615458,154.00440688848803,2630000,0.025997638702392578,-0.00785498
0.2579996585845947,17.05399179458618,100,17.342990398406982,14.135130405426025,-252.5344636880696,57.25990393874186,2.6496474742889404,-39.363788948282746,-0.06253224,263,4541.497145175934,-22.299480612250594,134.31622243404976,2640000,0.029998302459716797,0.0063010864
0.2910003662109375,17.02398991584778,100,17.34498882293701,14.133417844772339,-314.1545902464642,56.45717526131347,2.600329637527466,-32.19646279649629,-0.07865636,264,4558.8551342487335,-18.674429347678632,140.34936879084907,2650000,0.028998613357543945,-0.010536487
0.2520027160644531,16.72502040863037,100,17.002990245819092,13.929712295532227,-178.7091855563265,52.444549542260354,2.536397695541382,-34.734086725704465,-0.088728726,265,4575.871126174927,-19.982636775795147,147.68258147026074,2660000,0.025967121124267578,0.02095448
0.25699567794799805,16.996989727020264,100,17.281989574432373,14.071098804473877,-238.45794553333548,57.29851237475372,2.649552345275879,-40.470087577464966,-0.13879573,266,4593.166113853455,-24.684193987598718,93.5038252404678,2670000,0.026999473571777344,0.011741211
0.2520005702972412,17.10402250289917,100,17.38299012184143,14.184171199798584,-176.25703941489135,61.89660434070965,2.613581657409668,-41.40843206169912,-0.10675483,267,4610.561103820801,-24.552675547250047,129.93641032035748,2680000,0.025967121124267578,-0.0030971803
0.25099897384643555,17.0059916973114,100,17.28799033164978,14.103369951248169,-200.13046513741108,54.72307850329701,2.6406795978546143,-45.14038644756153,-0.16957323,268,4627.861092805862,-26.12760182820896,122.65172264167408,2690000,0.028979063034057617,-0.009019825
0.24999785423278809,17.118772983551025,100,17.396769046783447,14.239749908447266,-197.87785432991785,54.30744678526667,2.6119320392608643,-48.73518665765263,-0.33682716,269,4645.27086186409,-27.700402278455222,95.40601109602463,2700000,0.02799820899963379,0.005509253
0.25699806213378906,16.58099102973938,100,16.86098861694336,13.762305974960327,-240.24918839242224,60.699854674258994,2.576688766479492,-36.90584217449519,-0.5830346,270,4662.1448521614075,-20.59853872003386,125.50325827026663,2710000,0.02299952507019043,0.005705957
0.25499963760375977,17.05198860168457,100,17.336989879608154,14.156222820281982,-219.25790391754165,61.71358652486319,2.6468358039855957,-36.30256642136458,-0.7630412,271,4679.494843959808,-20.24687400531916,153.1706295592469,2720000,0.03000164031982422,0.017859973
0.2610001564025879,17.047990798950195,100,17.334988594055176,14.13239312171936,-319.0227778296514,69.43431659190792,2.6616809368133545,-41.969547269127645,-1.2251445,272,4696.842832803726,-23.901028416131116,148.594271459752,2730000,0.025997638702392578,0.004196191
0.2539980411529541,16.581307411193848,100,16.86130690574646,13.745946645736694,-242.8132803759244,76.71229353293839,2.588419198989868,-47.12007064068806,-0.34737954,273,4713.717138051987,-27.38742556561931,205.33040732182684,2740000,0.025000333786010742,0.0046062986
0.3809976577758789,16.883992910385132,100,17.294990062713623,13.961406707763672,-211.32073682273185,57.89533502037802,2.672614097595215,-44.907325821068945,-0.36839712,274,4731.025126695633,-25.09773304861315,105.39873103754906,2750000,0.02900099754333496,-0.020878809
0.3340027332305908,17.063989400863647,100,17.426989793777466,14.22650694847107,-241.08252945881546,62.65880266072428,2.5945441722869873,-49.96365696734486,-0.06050237,275,4748.464117050171,-27.483308297208513,188.7939905842057,2760000,0.027997493743896484,0.0036868148
0.25299978256225586,16.592638969421387,100,16.87563467025757,13.765203952789307,-215.34806727069946,60.976790087577946,2.5559449195861816,-35.96094426093029,-0.0911253,276,4765.352751731873,-20.162393615069867,177.83008975968582,2770000,0.02899622917175293,-0.027961029
0.5329995155334473,17.355522871017456,100,17.915491104125977,14.445556163787842,-228.22097968869318,64.17056737849887,2.6691057682037354,-41.86756887798465,-0.067601316,277,4783.281243562698,-24.01873858363225,173.25419161840279,2780000,0.026968717575073242,-5.3466796e-05
0.25300145149230957,17.378013849258423,100,17.663984775543213,14.459043502807617,-194.16867267529847,53.531308100682786,2.6051478385925293,-44.312712518416895,-0.0228432,278,4800.963227987289,-25.180428061686772,75.1246341097736,2790000,0.03197050094604492,0.019553697
0.2520005702972412,17.065991401672363,100,17.34299087524414,14.279530763626099,-217.49405546796302,64.52804003106718,2.5148253440856934,-36.82930444179094,-0.032197975,279,4818.318217515945,-20.85244005875539,161.48438238369337,2800000,0.02299642562866211,0.02533649
0.24899816513061523,17.00102186203003,100,17.275989770889282,14.233325958251953,-198.24675425016824,57.09344152758172,2.5242719650268555,-30.419468933947588,-0.039676674,280,4835.607206821442,-15.863197629833298,100.919561635895,2810000,0.02499985694885254,0.008148291
0.25100064277648926,16.96999168395996,100,17.241989612579346,14.147361040115356,-276.039031009168,68.83888192853713,2.577465534210205,-47.79329460008919,-0.057027075,281,4852.862196683884,-26.885338262135942,277.60487091157137,2820000,0.020997285842895508,-0.012013282
0.2720019817352295,17.09399104118347,100,17.39399218559265,14.285470485687256,-315.86030970263175,66.33602121531285,2.5384016036987305,-48.10490095568029,-0.07017657,282,4870.269188165665,-27.064807084328173,144.87057694521633,2830000,0.026998281478881836,-0.015036413
0.2650017738342285,16.61802887916565,100,16.91399073600769,13.866036176681519,-242.60775353881743,69.92862354996151,2.478843927383423,-39.562143669505275,-0.033397235,283,4887.196176528931,-21.197992766562603,139.47392192996816,2840000,0.028966903686523438,-0.014299027
0.2539958953857422,17.068017959594727,100,17.3439884185791,14.22535252571106,-300.6431337122123,66.79493443830427,2.5783660411834717,-47.23139054047012,-0.04883734,284,4904.553164482117,-24.837234582171895,118.22798039722859,2850000,0.021974563598632812,-0.013744268
0.27300095558166504,16.536030292510986,100,16.832990646362305,13.685963153839111,-233.50074084972533,55.67202803605105,2.5990989208221436,-46.12260000312631,-0.047718376,285,4921.399157047272,-26.561984380699396,68.51796912072977,2860000,0.021968841552734375,-0.006970691
0.3200032711029053,16.73098921775818,100,17.07299017906189,13.901109218597412,-204.4386053933591,57.70212671347266,2.5565853118896484,-42.440717955447866,-0.022185376,286,4938.492147922516,-25.039369063079075,116.23724509868717,2870000,0.02099919319152832,0.0012903808
0.26399898529052734,17.22298765182495,100,17.512988328933716,14.363369464874268,-174.6892808262062,55.40406898476333,2.5972771644592285,-28.54553393202736,-0.07425269,287,4956.02613568306,-15.903810775363413,238.73302592721515,2880000,0.026001691818237305,-0.037529834
0.24699783325195312,17.1199951171875,100,17.39299249649048,14.19912576675415,-373.17762434626826,62.022042722877636,2.6391232013702393,-31.797574679041688,-0.0416875,288,4973.4321274757385,-16.966423523083403,124.46708607233174,2890000,0.02599954605102539,0.014654883
0.26299595832824707,17.211021900177002,100,17.49898934364319,14.262859106063843,-184.47764412947052,59.01332941881167,2.6181395053863525,-34.05208485830727,-0.035704173,289,4990.944118022919,-19.296139980416786,127.78796121403909,2900000,0.02396869659423828,0.01389801
0.2520010471343994,17.156017780303955,100,17.430989503860474,14.206465721130371,-160.9906376579266,57.827038719570524,2.67818546295166,-36.51127320061396,-0.03752398,290,5008.389107704163,-20.96978698812503,161.74785949946775,2910000,0.021970510482788086,0.024048986
0.2539975643157959,17.00998854637146,100,17.290989637374878,14.14671516418457,-283.88707687043575,65.14287736269665,2.588693141937256,-36.19490839421703,-0.033590056,291,5025.6930975914,-18.507674426176223,118.5416476899562,2920000,0.02700352668762207,-0.012236859
0.25299787521362305,16.99202847480774,100,17.26898956298828,14.11820673942566,-300.82391947621426,66.1082726608804,2.616177558898926,-47.60062124998715,-0.0025227142,292,5042.976086854935,-26.664307318386268,120.3438252130564,2930000,0.023963212966918945,0.015615246
0.2540011405944824,16.995015859603882,100,17.27498984336853,14.166667461395264,-209.4662697898517,58.66285100254739,2.5896990299224854,-34.98727209202362,-0.05327268,293,5060.2640771865845,-19.402735127961183,108.21923788347692,2940000,0.025972843170166016,-0.015597583
0.252000093460083,17.065990924835205,100,17.338990211486816,14.17602825164795,-231.46584493611448,52.07414433085207,2.6506636142730713,-37.67334321176042,-0.036105223,294,5077.616066455841,-21.071556485084717,93.8777805092911,2950000,0.02099919319152832,-0.009488574
0.25100231170654297,16.923770666122437,100,17.196769952774048,14.091463327407837,-257.54772297247086,65.14211264223813,2.585312843322754,-45.53048608216136,-0.0006100708,295,5094.826836109161,-24.891110186742267,202.39886059594846,2960000,0.02099609375,0.02321296
0.5399997234344482,17.17299175262451,100,17.743989944458008,14.319592237472534,-190.37270719504713,58.52625722787526,2.587800979614258,-32.9122091610893,-0.06377478,296,5112.583824634552,-18.455051912524908,139.18109111516074,2970000,0.029998302459716797,-0.023108386
0.2700002193450928,17.32899236679077,100,17.624988079071045,14.363707065582275,-331.6127655072112,71.22034967814676,2.6815874576568604,-41.82630046677584,-0.03244632,297,5130.222813606262,-23.614658367706834,144.19141117372203,2980000,0.024996042251586914,0.019245569
0.2559998035430908,16.790992259979248,100,17.070990085601807,13.944687604904175,-224.53975203281698,58.123966068710956,2.5892035961151123,-39.719420877013164,-0.054069422,298,5147.3068034648895,-22.135025895389287,111.4792911776601,2990000,0.023998022079467773,0.002818817
0.25299835205078125,17.19440746307373,100,17.47336196899414,14.317881345748901,-254.6089365518647,73.06822970481763,2.5849690437316895,-46.83427184474495,-0.07062799,299,5164.793165206909,-26.13028954610759,270.05796108848807,3000000,0.025956153869628906,-0.006690332
