Time,n_timesteps,train-PolicyExecTime,train-NumTrajs,ItrTime,Time-Optimization,Time-SampleProc,Time-Sampling,train-MaxReturn,train-AverageDiscountedReturn,LossBefore,train-EnvExecTime,train-MinReturn,LossAfter,train-StdReturn,Itr,train-AverageReturn
16.937989234924316,10000,13.845861673355103,100,16.937989234924316,0.29800915718078613,0.03497934341430664,16.603002309799194,38.182514332140116,-25.616576729070857,-1.4186334e-05,2.5037801265716553,-114.17112582195296,0.044390287,30.196079071415348,0,-41.22616449528936
34.405176877975464,20000,14.187334775924683,100,17.450194835662842,0.2629687786102295,0.02903008460998535,17.15719723701477,61.558223204495754,-22.257592898366653,-1.4323786e-05,2.699738025665283,-129.35278592875758,0.008154252,32.15857084856782,1,-36.11787402227869
51.5901620388031,30000,14.053797245025635,100,17.17198371887207,0.2540004253387451,0.03099799156188965,16.885986328125,43.95237610904842,-20.997897624313058,-1.4388871e-05,2.5700018405914307,-141.2480368384531,-0.013408165,33.66852357334679,2,-33.216455226604154
68.6360228061676,40000,13.916927814483643,100,17.031862020492554,0.25300002098083496,0.029996871948242188,16.745864391326904,40.336186077479,-18.392528181068265,-1.4401493e-05,2.578394889831543,-114.88290585097305,-0.013780816,29.791024246120333,3,-28.850111171534504
85.4720070362091,50000,13.665814876556396,100,16.821985483169556,0.28299689292907715,0.030000686645507812,16.50898790359497,37.36896714602731,-20.871357888499755,-1.4361288e-05,2.5931613445281982,-130.03201007306646,-0.01473213,32.40484440115075,4,-33.620483718399406
102.9181318283081,60000,14.242431879043579,100,17.43212604522705,0.27100062370300293,0.028993844985961914,17.132131576538086,35.64598544487628,-18.539520816861135,-1.4353841e-05,2.576589345932007,-110.18732720143282,-0.012748272,27.172487704117653,5,-29.40306735357982
120.04511570930481,70000,14.057245969772339,100,17.112984657287598,0.25300121307373047,0.027965784072875977,16.83101773262024,51.476356821764554,-17.866169673336902,-1.43515545e-05,2.5109598636627197,-134.8715570111838,-0.015597209,35.483041194534984,6,-28.503627080787755
137.43919277191162,80000,14.175912857055664,100,17.381078004837036,0.24396896362304688,0.025030136108398438,17.11107897758484,36.82150041279701,-17.803754477490486,-1.4381989e-05,2.667187452316284,-158.0333278085056,-0.013195058,31.35101309313027,7,-28.314239980068614
154.4981758594513,90000,13.929605960845947,100,17.044981956481934,0.24899959564208984,0.029970407485961914,16.766011953353882,26.068780822662113,-16.990388954704212,-1.4371022e-05,2.5729174613952637,-114.49038190354041,-0.013473082,29.886770769137883,8,-27.39240322253697
171.6177272796631,100000,13.978206396102905,100,17.104552030563354,0.2519996166229248,0.022998809814453125,16.828553199768066,42.561813934099725,-17.802266801272502,-1.4353173e-05,2.5825111865997314,-123.70214271585259,-0.015308519,31.812661023482466,9,-29.289131946847863
189.0322368144989,110000,14.192784070968628,100,17.400509357452393,0.2610006332397461,0.0219728946685791,17.117535829544067,32.399891224800285,-15.945960365867004,-1.42993385e-05,2.6529300212860107,-105.75895708963391,-0.014335707,27.851960331848694,10,-25.284601439585344
206.31202745437622,120000,14.114389419555664,100,17.266790866851807,0.24999594688415527,0.023970365524291992,16.991825103759766,37.40882138735702,-17.294742471694814,-1.4252314e-05,2.621016025543213,-107.27924932501132,-0.014579531,28.844004929809245,11,-29.047008553482243
224.4885790348053,130000,14.8009352684021,100,18.162551403045654,0.2539980411529541,0.02700018882751465,17.881553173065186,31.483479886586093,-16.32784802082621,-1.41772625e-05,2.8215417861938477,-138.52003333260268,-0.015970476,24.42119148068418,12,-27.11222738420037
241.72763895988464,140000,14.066361665725708,100,17.22605848312378,0.25099658966064453,0.02899932861328125,16.946062564849854,33.22555142461909,-14.745278551230895,-1.4143276e-05,2.6202492713928223,-106.36741849964099,-0.015545662,26.991018890377468,13,-23.116395081920135
259.0666997432709,150000,14.11562705039978,100,17.325062036514282,0.2630007266998291,0.02199864387512207,17.04006266593933,49.384634389079864,-13.620456248586454,-1.4107991e-05,2.623652458190918,-96.8586096637489,-0.014737909,30.25390880515994,14,-22.024381776324677
276.4560134410858,160000,14.207430601119995,100,17.37631368637085,0.2519998550415039,0.02599811553955078,17.0973162651062,64.22640954671458,-13.883861088070077,-1.399255e-05,2.607809543609619,-104.71139134656914,-0.014094854,31.119083899655315,15,-22.175012205702885
293.6404449939728,170000,14.05807638168335,100,17.17143154144287,0.2429962158203125,0.023998260498046875,16.903433322906494,46.606226338552524,-14.994651691617232,-1.3890702e-05,2.5408661365509033,-97.16150319361728,-0.016520774,29.96584273947598,16,-23.926856480505613
310.7145926952362,180000,13.920685768127441,100,17.060148239135742,0.24999713897705078,0.025001049041748047,16.78417468070984,46.77448340659719,-11.665819952376642,-1.3740138e-05,2.598107099533081,-116.62888674455785,-0.015334368,28.91131621787563,17,-19.264873297507528
327.934609413147,190000,14.066493272781372,100,17.207016468048096,0.2520010471343994,0.03099513053894043,16.924020290374756,44.41393491879412,-12.702077084360317,-1.3636873e-05,2.6087911128997803,-94.18052463479673,-0.014667545,28.27780515574715,18,-21.454963563337287
344.9185948371887,200000,13.848347187042236,100,16.97098445892334,0.24496960639953613,0.030028820037841797,16.69498610496521,45.3932414511764,-11.13395527932908,-1.3498437e-05,2.5720901489257812,-92.21635226485373,-0.015399405,28.8437183090043,19,-17.663956917881407
361.95230770111084,210000,13.966653823852539,100,17.020716667175293,0.24599695205688477,0.0299680233001709,16.743749856948853,46.957387368074386,-9.174892365315321,-1.3409478e-05,2.51488995552063,-132.73979962091846,-0.013748841,28.891384199616894,20,-14.7802076450224
379.150119304657,220000,14.038879871368408,100,17.18280863761902,0.2609682083129883,0.0240023136138916,16.896808624267578,38.3677406547841,-10.583694356528461,-1.3347169e-05,2.589007616043091,-77.46028962057983,-0.014543929,25.180107524392064,21,-17.4131030704135
396.09910106658936,230000,13.836762189865112,100,16.932982683181763,0.25699782371520996,0.026999711990356445,16.648985147476196,45.36976930840935,-10.102529365588188,-1.3298043e-05,2.538426399230957,-98.53378489558601,-0.015031577,28.569490989395693,22,-17.15832559569503
413.2960834503174,240000,14.014044046401978,100,17.182981252670288,0.26799845695495605,0.029999494552612305,16.88498330116272,50.66116209517596,-9.663790278812003,-1.3211618e-05,2.604036808013916,-98.08140889911991,-0.016387118,26.84892472318667,23,-15.804297390144662
430.39492297172546,250000,14.068116188049316,100,17.084838151931763,0.24999737739562988,0.021966934204101562,16.811873197555542,45.622827782917426,-10.584851200166588,-1.3127517e-05,2.484734058380127,-89.11329945521456,-0.016308824,27.172972281695166,24,-17.585319260740825
447.4283812046051,260000,13.952958583831787,100,17.02045750617981,0.24796175956726074,0.029998779296875,16.742496967315674,61.46437005784607,-6.125418032091821,-1.30533e-05,2.540320873260498,-78.42260503589544,-0.01664865,26.973938509975856,25,-9.469739559665125
464.628089427948,270000,14.126316785812378,100,17.18670892715454,0.2480001449584961,0.03099822998046875,16.906710147857666,78.4020759605843,-7.347139992190594,-1.29606815e-05,2.5195670127868652,-124.90047764801409,-0.018811624,29.888841865924537,26,-12.175135454581577
481.3800721168518,280000,13.747645616531372,100,16.73898410797119,0.25100040435791016,0.027968406677246094,16.45901894569397,66.32594057474695,-10.836853217937966,-1.2811078e-05,2.427391290664673,-97.10816675589074,-0.015639449,27.373148646435837,27,-16.26119612217547
498.3977060317993,290000,13.870311260223389,100,17.004633903503418,0.24899983406066895,0.02700042724609375,16.72763228416443,30.465213652385863,-10.427107016023205,-1.2593145e-05,2.598959445953369,-114.82340604508532,-0.015953988,28.72826461601283,28,-17.260949566220674
515.6361863613129,300000,14.093056201934814,100,17.224479913711548,0.24599909782409668,0.023969650268554688,16.953511238098145,42.94359404743249,-8.799064199008088,-1.2433567e-05,2.587146282196045,-108.82422954155145,-0.014458889,27.716454428021244,29,-13.559162147898293
532.505140542984,310000,13.70393967628479,100,16.854954719543457,0.24700045585632324,0.027988910675048828,16.57898759841919,112.94205152546006,-8.06459505571273,-1.236048e-05,2.6066219806671143,-83.74674907457448,-0.017235862,29.396434015560413,30,-12.673904981647201
549.6081237792969,320000,14.021420955657959,100,17.089983224868774,0.24699640274047852,0.03000187873840332,16.812984943389893,39.72678542042269,-7.935589779691969,-1.2253364e-05,2.5376293659210205,-77.69464176803099,-0.014778403,25.96683592175183,31,-12.211015076172636
566.6014394760132,330000,13.927031755447388,100,16.980315923690796,0.24596810340881348,0.025000333786010742,16.70934748649597,57.104827481447174,-7.302337474637644,-1.2121835e-05,2.515423536300659,-78.38625697733725,-0.016479831,25.85765862546467,32,-10.856688703009864
583.3668546676636,340000,13.73358941078186,100,16.751415729522705,0.2480006217956543,0.02199864387512207,16.48141646385193,50.62509682530398,-5.390826506763616,-1.1965765e-05,2.505645275115967,-69.11411680827644,-0.016576635,24.819623536044023,33,-8.437062117040675
600.2258393764496,350000,13.773287296295166,100,16.84598445892334,0.24199795722961426,0.029976844787597656,16.57198405265808,55.92347144040384,-4.376399622308553,-1.1829814e-05,2.5565099716186523,-78.52538089329877,-0.014173887,25.074687619567275,34,-5.664273591059798
617.1768202781677,360000,13.857899188995361,100,16.93698215484619,0.25299954414367676,0.023968219757080078,16.660014390945435,56.36646237758158,-6.006460410223742,-1.1760763e-05,2.5561835765838623,-120.76258427685423,-0.014966432,27.298885412354764,35,-7.533929052130766
634.0748035907745,370000,13.761259078979492,100,16.88498306274414,0.2649993896484375,0.0299985408782959,16.589015245437622,40.380044095804905,-8.910707493789218,-1.168912e-05,2.5526368618011475,-96.892791474605,-0.015807854,27.33181680069913,36,-14.717386487868552
651.5257866382599,380000,14.214812517166138,100,17.43698215484619,0.25899839401245117,0.02499842643737793,17.151983976364136,67.76359840691056,-6.374731814892553,-1.1546079e-05,2.674307346343994,-90.01337185818709,-0.017123785,26.480776340595327,37,-10.49070762633404
669.2472195625305,390000,14.333619832992554,100,17.708433389663696,0.26399683952331543,0.027002573013305664,17.415435791015625,56.87768468871172,-6.816489698769324,-1.1437061e-05,2.748643398284912,-78.48765186941974,-0.018460901,29.083607199344623,38,-10.562061485700884
687.0331609249115,400000,14.43661093711853,100,17.7729434967041,0.28299927711486816,0.03397536277770996,17.45496940612793,84.06427938744334,-1.7483126548302101,-1.1328253e-05,2.7628376483917236,-79.51739053438837,-0.01769892,27.203342207981734,39,-1.622295889938558
704.5161426067352,410000,14.27614450454712,100,17.465983629226685,0.2500014305114746,0.029962778091430664,17.18398356437683,78.68596063734772,-3.2014688079637943,-1.1263486e-05,2.640747547149658,-114.71951914950661,-0.017076591,32.894975459730155,40,-3.454689609952122
721.5126192569733,420000,13.951082706451416,100,16.983476400375366,0.24599766731262207,0.024999141693115234,16.71247959136963,56.5564602454159,-1.7095701581112308,-1.1160117e-05,2.500880002975464,-132.5436525263148,-0.0167336,28.24525722215881,41,-3.433620060966943
738.3131775856018,430000,13.799004316329956,100,16.786556720733643,0.24400019645690918,0.02099776268005371,16.520588874816895,88.82163038649921,-2.1672065247906764,-1.1038282e-05,2.480543851852417,-76.06449147534914,-0.01868691,27.720166822046206,42,-2.4861253142031785
755.2942097187042,440000,13.898747682571411,100,16.9680335521698,0.2500004768371582,0.02899956703186035,16.687034606933594,42.66529945116154,-5.669159869098958,-1.093337e-05,2.5309274196624756,-57.68284313433277,-0.016289024,23.022991210426483,43,-6.929214932752383
772.2155573368073,450000,13.816864728927612,100,16.908348560333252,0.24900126457214355,0.03099846839904785,16.627347707748413,63.845949147258985,-0.6851052993895445,-1.0819809e-05,2.5438551902770996,-79.14707049262616,-0.018525524,28.176188505581223,44,-0.6515522867300877
788.7715406417847,460000,13.412020444869995,100,16.542985439300537,0.2500002384185791,0.02699756622314453,16.264987468719482,68.0685359697356,-3.9147374351024924,-1.0705986e-05,2.595989942550659,-57.70388382033654,-0.018808577,25.306892146662083,45,-5.772295371041533
805.7682144641876,470000,13.86121678352356,100,16.983675003051758,0.24599814414978027,0.023000240325927734,16.71367645263672,72.8785896526137,3.426117807537691,-1.0614109e-05,2.5984296798706055,-72.34411156975644,-0.018840607,26.481101643980562,46,6.9091517591438425
822.5917704105377,480000,13.748159646987915,100,16.810555696487427,0.24696588516235352,0.028035402297973633,16.5355544090271,55.214417734657125,-3.1544976479073648,-1.0455438e-05,2.5281083583831787,-82.66263875214442,-0.016533872,24.562401207531522,47,-2.5675496730278935
839.5004096031189,490000,13.798137426376343,100,16.894640922546387,0.24300241470336914,0.030965328216552734,16.619673490524292,106.98136771344348,3.0978389740952945,-1.0323677e-05,2.5508763790130615,-108.23139533541115,-0.01663722,26.71970231921867,48,5.562604392576897
856.1413910388947,500000,13.639196634292603,100,16.626983404159546,0.25100040435791016,0.022997379302978516,16.352985620498657,103.58746410572198,-0.6851025780262738,-1.0156496e-05,2.416034698486328,-87.45198243743643,-0.018760843,30.733359302414282,49,2.0989098101671857
873.0547206401825,510000,13.849287748336792,100,16.89932894706726,0.2519979476928711,0.02897024154663086,16.617361068725586,68.4378003622285,2.3543763241409406,-9.996152e-06,2.5292234420776367,-60.68916116573898,-0.016487926,29.399042719312252,50,6.013001978181425
890.1647038459778,520000,13.935508966445923,100,17.096983909606934,0.24699974060058594,0.030998706817626953,16.81798505783081,96.42566571679784,3.46068135027006,-9.837084e-06,2.6180570125579834,-62.297157821541155,-0.019294336,28.31383811187584,51,7.276011765466539
907.2656886577606,530000,13.99733281135559,100,17.087984561920166,0.24097037315368652,0.031032085418701172,16.81598210334778,65.53314639324046,0.5940416392551549,-9.668721e-06,2.571309804916382,-62.26850788692111,-0.01738859,31.278357791000733,52,2.118940744815889
924.273693561554,540000,13.92016077041626,100,16.994005918502808,0.24496841430664062,0.02303028106689453,16.726007223129272,102.3710476206809,7.911330575588602,-9.595744e-06,2.538667917251587,-65.91573932181483,-0.017409883,28.604904198151203,53,14.395316939536496
941.2848880290985,550000,13.810661315917969,100,16.99719500541687,0.2539987564086914,0.026000022888183594,16.716196060180664,114.28335841423744,4.4267105704994485,-9.4316765e-06,2.6313066482543945,-96.16534932551114,-0.018887633,34.72185423931455,54,9.262796857545844
958.4508736133575,560000,14.004570960998535,100,17.151986360549927,0.247999906539917,0.026999950408935547,16.875986576080322,90.27086232814246,2.1116807667968103,-9.329647e-06,2.618726968765259,-77.79073055645142,-0.015650647,31.5313222126571,55,5.061119834723565
975.4789731502533,570000,13.883047580718994,100,17.015101432800293,0.2570009231567383,0.029964923858642578,16.72713613510132,62.803582776647325,0.6410295846369942,-9.218105e-06,2.594041347503662,-75.53461763969312,-0.018042559,29.273586556468906,56,2.3312487018089842
992.4779577255249,580000,13.881961107254028,100,16.98498511314392,0.2499992847442627,0.028032541275024414,16.705984830856323,90.3111426258606,5.045593075485533,-9.126867e-06,2.5569064617156982,-46.196948192888314,-0.01915309,27.81646462019509,57,10.414352271138641
1009.4784052371979,590000,13.905024290084839,100,16.98744821548462,0.24900031089782715,0.027997255325317383,16.70845103263855,85.9683606297962,2.1882657297071755,-8.987728e-06,2.5576775074005127,-75.40586452219763,-0.015379288,30.936284588160117,58,5.5409590778536675
1026.3554484844208,600000,13.859954357147217,100,16.864042043685913,0.25100088119506836,0.022960424423217773,16.588080883026123,80.10622158202214,0.9235505479941848,-8.804595e-06,2.4946985244750977,-111.65984612477077,-0.017389493,33.21915206829125,59,4.479201606094857
1043.3359868526459,610000,13.784726858139038,100,16.9675395488739,0.2540016174316406,0.028950214385986328,16.682539463043213,89.38007704586379,7.326581898429029,-8.726313e-06,2.5863845348358154,-77.56669863520851,-0.017096177,29.664737664526374,60,14.02708107607036
1060.1383390426636,620000,13.724047422409058,100,16.788352251052856,0.2609996795654297,0.029018640518188477,16.497353076934814,76.90664601899482,5.400514199627015,-8.63436e-06,2.5236575603485107,-65.14018805074484,-0.01893262,29.470002639090527,61,10.433400744558632
1077.0765254497528,630000,13.804886817932129,100,16.92518711090088,0.2560005187988281,0.020997285842895508,16.647189378738403,77.53028716394702,5.4652357304142996,-8.558885e-06,2.578883647918701,-95.51302157383054,-0.017584916,31.48599424635572,62,12.040580200523138
1093.9413752555847,640000,13.716532230377197,100,16.850850105285645,0.2650003433227539,0.02196526527404785,16.563884496688843,69.16413189068057,2.222826569629065,-8.475038e-06,2.5894031524658203,-98.9248394588672,-0.01754974,32.19400671783578,63,6.101171860729417
1110.425360918045,650000,13.363852262496948,100,16.470985651016235,0.27500081062316895,0.02196526527404785,16.173017501831055,80.16454251104706,6.343046731587033,-8.390907e-06,2.5650906562805176,-77.91825034626586,-0.017085018,28.227277619714737,64,13.218796398384923
1127.498258113861,660000,13.957436561584473,100,17.058897972106934,0.2749969959259033,0.02900099754333496,16.754899978637695,81.6263258050139,8.591131087453316,-8.245755e-06,2.5470237731933594,-85.39622604498373,-0.0151709495,30.676884841678575,65,16.804599180610715
1143.9802436828613,670000,13.419962882995605,100,16.468987464904785,0.27300119400024414,0.0279998779296875,16.166985988616943,83.0114854761224,2.778859857048243,-8.0707105e-06,2.484510660171509,-78.72838615637924,-0.01776858,33.41887633341478,66,8.041989021836653
1160.7151899337769,680000,13.654390335083008,100,16.72094750404358,0.2689964771270752,0.027971982955932617,16.42397904396057,119.87909333272735,7.014690333719824,-7.906867e-06,2.491520643234253,-56.51532399520729,-0.019195225,34.30740148577971,67,13.133292423783512
1177.6401751041412,690000,13.813415050506592,100,16.910985231399536,0.2599966526031494,0.024976491928100586,16.625011920928955,109.98140463581433,7.054645041643019,-7.727646e-06,2.584061861038208,-84.81654355857383,-0.017048843,32.63138021983926,68,14.505857658693987
1194.5973081588745,700000,13.811935663223267,100,16.943131923675537,0.2689988613128662,0.02297520637512207,16.65115785598755,91.02714799594544,9.343326355980823,-7.57082e-06,2.582822561264038,-117.054383659255,-0.0173567,34.35064667792858,69,17.747152652840658
1211.6852490901947,710000,13.984099626541138,100,17.074941873550415,0.2669985294342041,0.029000520706176758,16.777942657470703,99.1732476582804,13.238810420338176,-7.443598e-06,2.5462746620178223,-88.5164675812043,-0.017801825,33.88158318207783,70,24.34993854985886
1228.7132337093353,720000,13.83278203010559,100,17.01498556137085,0.2760007381439209,0.026960134506225586,16.711024522781372,88.90139413330282,12.826227416934449,-7.3553083e-06,2.5538015365600586,-65.98791299432656,-0.020057786,30.12616870114978,71,23.974335528858475
1245.981217622757,730000,14.126640558242798,100,17.253984451293945,0.2669994831085205,0.02096700668334961,16.966017961502075,93.81738017161537,8.934747986969159,-7.299282e-06,2.572481155395508,-89.58039839067604,-0.017483097,39.16049980370032,72,18.357929889774216
1262.9427556991577,740000,13.856818199157715,100,16.947537660598755,0.26599931716918945,0.025997638702392578,16.655540704727173,102.66535393927455,8.746251053568308,-7.2284447e-06,2.535304546356201,-75.42997058166843,-0.017459337,31.88313869660048,73,17.943356380182962
1279.8894777297974,750000,13.819061756134033,100,16.9307222366333,0.26999926567077637,0.02998828887939453,16.629733324050903,85.30362270099319,11.482994621053095,-7.140831e-06,2.572108507156372,-57.772749941237805,-0.016797723,31.600889639641462,74,22.297851632681713
1296.9786472320557,760000,13.96127438545227,100,17.07516860961914,0.2650008201599121,0.02196645736694336,16.788201332092285,84.02353765138903,10.623492068989746,-7.1000204e-06,2.5538437366485596,-69.95929391348773,-0.018191619,31.237805769789205,75,19.82397259011507
1314.0876314640045,770000,13.97070860862732,100,17.094985008239746,0.26799798011779785,0.03300070762634277,16.793986320495605,111.58961387318794,15.35561400271127,-7.030084e-06,2.5471060276031494,-108.52997439704725,-0.01770288,37.9349951317492,76,26.82424540650506
1330.7976171970367,780000,13.672001600265503,100,16.696985960006714,0.26199865341186523,0.03099989891052246,16.402986764907837,90.09501742563741,5.094875821764158,-6.9648668e-06,2.4618306159973145,-73.9975996155997,-0.017322658,36.137982991639774,77,12.52699258709265
1347.1516020298004,790000,13.26786208152771,100,16.339984893798828,0.26600003242492676,0.029998779296875,16.043986082077026,107.7122766103142,12.653131233869916,-6.855571e-06,2.506897449493408,-97.92337006749369,-0.019899068,35.33872093872239,78,24.158891131694915
1364.1294791698456,800000,13.857018947601318,100,16.964877367019653,0.2669680118560791,0.02903127670288086,16.668878078460693,87.31778634666392,15.419695135155225,-6.724408e-06,2.5517473220825195,-48.81887798455103,-0.016750677,29.24781754989291,79,27.499073681959217
1380.75346159935,810000,13.451047420501709,100,16.609984397888184,0.2629992961883545,0.025998830795288086,16.32098627090454,93.3603715562668,19.717954923579043,-6.5261625e-06,2.603203535079956,-43.52314992941759,-0.017499538,30.94669056629665,80,34.805263036910716
1397.5434284210205,820000,13.659545421600342,100,16.775965452194214,0.26400041580200195,0.024997711181640625,16.48696732521057,116.47767145505924,16.88921026036922,-6.2890645e-06,2.5563876628875732,-56.082847120902706,-0.017350383,36.402811807629206,81,31.66882146358895
1414.4087390899658,830000,13.741714000701904,100,16.850311279296875,0.257000207901001,0.03000044822692871,16.562310218811035,89.82988409574064,14.555443740539674,-6.0794564e-06,2.4521260261535645,-90.84957874942437,-0.017174443,33.55508415653511,82,27.184947918344395
1431.23672413826,840000,13.762910842895508,100,16.81498622894287,0.26599645614624023,0.02597188949584961,16.521016836166382,109.74047266139448,16.973344744529342,-5.875627e-06,2.505768299102783,-75.29553644351238,-0.017870646,38.08443406516794,83,30.36273835125191
1448.127816438675,850000,13.784970760345459,100,16.87809181213379,0.2599971294403076,0.03100109100341797,16.58609414100647,99.21975794088951,18.54022313745383,-5.7426714e-06,2.5262691974639893,-101.26327076128987,-0.018973513,37.51799843060309,84,32.86434576715678
1465.2557311058044,860000,14.01631474494934,100,17.114914894104004,0.26199984550476074,0.020999908447265625,16.830915212631226,116.53050775615918,20.459120584572894,-5.5285764e-06,2.555867910385132,-34.13781253041483,-0.017708313,33.34782379579999,85,37.826014645362726
1482.159700870514,870000,13.816137552261353,100,16.889970779418945,0.2649972438812256,0.026969432830810547,16.59800410270691,132.20328246343888,22.91893998009643,-5.3071526e-06,2.524324893951416,-42.13793442554058,-0.01995909,31.83134653486287,86,41.55476650345591
1498.6226863861084,880000,13.34627079963684,100,16.44898557662964,0.2700004577636719,0.03096795082092285,16.148017168045044,133.52526096096258,24.098114374485444,-5.1298994e-06,2.562190532684326,-63.36454149743773,-0.018645989,36.366304331575115,87,43.25181589628051
1515.5620946884155,890000,13.851511240005493,100,16.926409482955933,0.26399993896484375,0.030960559844970703,16.630449295043945,109.5685068103932,22.196565843465102,-4.924875e-06,2.528718948364258,-84.51552621384575,-0.018484768,34.310761645169535,88,39.13753905611351
1532.4006915092468,900000,13.728530406951904,100,16.825597286224365,0.26399850845336914,0.029966115951538086,16.531632661819458,88.7516775123297,17.795803446056535,-4.7125905e-06,2.545837879180908,-42.66303204420922,-0.017742604,30.059697462265024,89,32.405805074313406
1549.4855256080627,910000,13.981704473495483,100,17.071834087371826,0.2649989128112793,0.02196955680847168,16.783867120742798,143.34956784013255,26.46244514132873,-4.5443608e-06,2.537877321243286,-67.49525161539994,-0.016199192,36.209282696838784,90,45.24312067987961
1566.4061579704285,920000,13.818285465240479,100,16.90663242340088,0.2610008716583252,0.029999732971191406,16.614631414413452,135.99947284962215,23.51799249470886,-4.336811e-06,2.547816753387451,-64.74231718680466,-0.014522214,32.379042371233886,91,42.28449393066419
1583.04914188385,930000,13.526411294937134,100,16.629985094070435,0.26800107955932617,0.02699756622314453,16.333986520767212,121.70252016960023,25.910609541684266,-4.191228e-06,2.530906915664673,-22.68369933971605,-0.013958327,31.216277687571043,92,47.451942108448286
1600.0490972995758,940000,13.869175910949707,100,16.986955642700195,0.2649996280670166,0.024999141693115234,16.69595694541931,109.4667870752485,28.066144240536048,-4.0244267e-06,2.5218262672424316,-42.386892815394596,-0.014175077,33.65200805779039,93,49.62481190893744
1617.090085029602,950000,13.92153525352478,100,17.02798819541931,0.2660026550292969,0.02299785614013672,16.73798680305481,120.92620044520073,22.065465845611012,-3.875047e-06,2.584247350692749,-41.70991086092823,-0.01513253,33.57154003541887,94,40.0288243417659
1634.2100670337677,960000,13.948104858398438,100,17.106983184814453,0.26599955558776855,0.029965877532958984,16.810014247894287,133.6105189584451,29.220612191906056,-3.7616203e-06,2.586580991744995,-46.97495569794027,-0.0134471785,33.09003682162436,95,51.896554667128406
1651.3139779567719,970000,14.021303415298462,100,17.09091019630432,0.27100205421447754,0.028998851776123047,16.788947343826294,118.17637956014035,23.682859445489655,-3.5902583e-06,2.4954700469970703,-34.15523349976706,-0.0100102555,36.0790170464948,96,44.09450305748815
1668.140441417694,980000,13.707002639770508,100,16.8134663105011,0.2780003547668457,0.030996084213256836,16.504469871520996,124.37163951178832,27.72902558845798,-3.496915e-06,2.5436737537384033,-62.96389391749098,-0.01898902,36.45147125817733,97,50.57334302819137
1685.38063788414,990000,14.02878451347351,100,17.22719669342041,0.25999999046325684,0.030997753143310547,16.936198949813843,140.95865393047657,28.434824134148485,-3.4012246e-06,2.6358070373535156,-48.82315085887504,-0.014903813,35.66164686185462,98,50.31934466221629
1702.3255064487457,1000000,13.867436647415161,100,16.93186855316162,0.28099656105041504,0.023001909255981445,16.627870082855225,142.00478067921202,28.657030506941343,-3.2667053e-06,2.504431962966919,-64.92000734707199,-0.015803833,37.93422058218527,99,53.37114805344787
1719.6303811073303,1010000,14.125143766403198,100,17.29187512397766,0.2669985294342041,0.025000810623168945,16.998875617980957,147.0366135771342,27.057481511326518,-3.2032692e-06,2.6263153553009033,-58.068682473841946,-0.016382663,35.599621361485504,100,49.42555214707558
1736.7713663578033,1020000,14.025113344192505,100,17.12798500061035,0.26599693298339844,0.022985219955444336,16.83900284767151,146.4277614935141,27.658246787422396,-3.0740666e-06,2.5491342544555664,-60.02237663372409,-0.013607609,41.001804275162904,101,50.75031198574582
1753.9110884666443,1030000,14.036516427993774,100,17.125722885131836,0.2610008716583252,0.026998043060302734,16.837723970413208,143.63563617360185,32.98296321964928,-2.9512667e-06,2.5300159454345703,-15.640604919704664,-0.013103623,32.86425861993505,102,57.80509370371733
1771.0650951862335,1040000,13.995018243789673,100,17.140007257461548,0.2579984664916992,0.023000478744506836,16.859008312225342,148.92657751319433,31.31928464044902,-2.833086e-06,2.5607821941375732,-52.865254182494624,-0.010916211,38.704881878916574,103,56.11947183745672
1788.1370005607605,1050000,13.987549781799316,100,17.057905912399292,0.2630002498626709,0.028997421264648438,16.764939069747925,122.42181984307007,28.382802059537063,-2.73898e-06,2.5228495597839355,-28.01995620275982,-0.014675243,35.622947409364905,104,50.705880531367576
1805.1979398727417,1060000,13.908067464828491,100,17.04793930053711,0.2719695568084717,0.033005475997924805,16.742964267730713,128.68836125355162,33.11094044999471,-2.6231753e-06,2.5865209102630615,-29.083786525655555,-0.013923121,34.51153517673605,105,58.834934853653564
1822.3225991725922,1070000,13.887200832366943,100,17.10465979576111,0.3099992275238037,0.06599640846252441,16.727662563323975,165.381506072581,37.784799294872066,-2.481475e-06,2.581655979156494,-70.68820036690856,-0.016336352,39.484801544645954,106,66.70629532441738
1839.2905850410461,1080000,13.850574254989624,100,16.953986406326294,0.2599961757659912,0.026976585388183594,16.666011333465576,143.1745475901338,37.82884070064891,-2.3498142e-06,2.5532310009002686,-71.94037318424816,-0.01731354,37.78574359750307,107,65.64099432840666
1856.429571390152,1090000,14.039754867553711,100,17.12598705291748,0.262969970703125,0.02899932861328125,16.83298635482788,145.27508185420183,32.747776152673445,-2.160413e-06,2.5402672290802,-52.66396091416529,-0.013792657,35.39382679850143,108,58.62833856851375
1873.4307870864868,1100000,13.893649101257324,100,16.9862163066864,0.2670011520385742,0.022997617721557617,16.69621753692627,125.84012990363253,32.10205767273786,-1.956446e-06,2.5324110984802246,-78.94192216304243,-0.015104593,39.01417494133933,109,56.516567434578754
1890.5434923171997,1110000,13.937728881835938,100,17.098706245422363,0.2670013904571533,0.02199864387512207,16.809706211090088,122.6580361627215,28.91554387981229,-1.7820083e-06,2.6085152626037598,-62.88564585446829,-0.014216688,38.52341084877949,110,52.23288790956125
1907.5795862674713,1120000,13.965088844299316,100,17.023094177246094,0.2739686965942383,0.0300295352935791,16.719095945358276,134.39111184010955,36.436102281914984,-1.6215253e-06,2.504887819290161,-13.226865108174945,-0.010270965,29.10208595814634,111,64.86643179341365
1924.5775728225708,1130000,13.856005430221558,100,16.98398518562317,0.2629992961883545,0.02399897575378418,16.69698691368103,146.5427878313106,36.25992943281993,-1.4420866e-06,2.5775532722473145,-72.96088919896417,-0.013871485,34.01053849161454,112,63.19336069078777
1941.402559041977,1140000,13.697989225387573,100,16.81198525428772,0.2629995346069336,0.028972148895263672,16.517011642456055,131.1419181110493,34.204724099875314,-1.3769197e-06,2.568917989730835,-33.41461002384682,-0.01613941,32.95525666823763,113,61.252957919164594
1958.2555475234985,1150000,13.720330238342285,100,16.839986324310303,0.26799917221069336,0.023970842361450195,16.54801630973816,125.10284231425824,33.5557137483665,-1.3432979e-06,2.509230136871338,-39.47825502379051,-0.016125448,30.42007566596896,114,60.06792510768099
1975.3270003795624,1160000,13.962332963943481,100,17.048453092575073,0.26000261306762695,0.021958351135253906,16.76549220085144,117.17496761191386,30.09888967711088,-1.2661778e-06,2.531275749206543,-59.039792250272484,-0.016253054,38.141861026637294,115,54.6669719004405
1992.4868514537811,1170000,14.052662372589111,100,17.14685297012329,0.2649688720703125,0.030030250549316406,16.851853847503662,127.10225904931283,37.62509798106008,-1.1074233e-06,2.5419137477874756,-49.20811089234876,-0.018046359,36.433044137610885,116,64.82461973004025
2009.5768377780914,1180000,13.994571208953857,100,17.07698702812195,0.2609999179840088,0.027998924255371094,16.78798818588257,135.00063175909898,38.299703153188204,-9.328532e-07,2.5237574577331543,-19.69827529785165,-0.016698783,33.10881933555549,117,65.98651320638645
2026.6968250274658,1190000,13.967280626296997,100,17.105988025665283,0.2629988193511963,0.029001235961914062,16.812988996505737,135.5992266281998,37.39240622890113,-7.3847053e-07,2.5801637172698975,-104.1802481412037,-0.018392779,36.30694335170139,118,66.56552211460289
2043.6146929264069,1200000,13.88793683052063,100,16.90486979484558,0.26199936866760254,0.029999494552612305,16.610869884490967,160.19010074507491,39.254186015402276,-5.9512496e-07,2.462644100189209,-24.35832885689175,-0.013156678,38.52413774276435,119,68.63049798556395
2060.298681497574,1210000,13.667224884033203,100,16.67098832130432,0.26199984550476074,0.029967784881591797,16.377020120620728,131.40401891075987,34.80351776276225,-4.684651e-07,2.44100284576416,-44.505174147758474,-0.011986603,34.5713906598709,120,62.12866266688515
2077.146666288376,1220000,13.811237096786499,100,16.834986448287964,0.2739982604980469,0.027969837188720703,16.53201913833618,177.93536844162648,40.01978492335899,-3.2608867e-07,2.4362804889678955,-14.704956533808133,-0.02007774,39.07363261604363,121,69.44685779232952
2094.1280748844147,1230000,13.849083423614502,100,16.966408491134644,0.26199769973754883,0.0299685001373291,16.673441648483276,135.25035429569314,36.19531608453756,-1.7073035e-07,2.5654149055480957,-37.34004496283214,-0.019057527,33.13954044183037,122,63.07927308200233
2111.11306142807,1240000,13.903613328933716,100,16.971987009048462,0.2599978446960449,0.022968053817749023,16.689021110534668,157.0786088482491,42.4735709385811,-6.246209e-08,2.530205726623535,-26.24553101635392,-0.0178488,33.700455029537636,123,73.26626752349343
2128.2480478286743,1250000,14.008792161941528,100,17.120985984802246,0.26799893379211426,0.025999784469604492,16.825018882751465,132.42555257874145,41.254351704717834,4.9375295e-08,2.556152820587158,-41.65592808334893,-0.018054508,34.03414707063488,124,72.10269373371358
2145.43803358078,1260000,13.991135835647583,100,17.17698621749878,0.27699851989746094,0.021973371505737305,16.87801432609558,136.95854709112595,38.54335550027941,2.0343423e-07,2.5773239135742188,-52.53678541999951,-0.019534197,33.64869197844729,125,65.6183718720916
2162.563020467758,1270000,14.017088651657104,100,17.110986471176147,0.2779688835144043,0.02600407600402832,16.807013511657715,129.1128572641722,35.33355552380981,3.5645127e-07,2.526780605316162,-16.404418044264585,-0.017540434,33.624801409078145,126,63.310464257174914
2179.5782330036163,1280000,13.900712966918945,100,17.00221347808838,0.2649993896484375,0.023998498916625977,16.713215589523315,148.99675877804128,40.27928080379161,5.1699516e-07,2.551178216934204,-11.373163910042482,-0.01800985,33.72870928256613,127,71.74049895022704
2196.574431657791,1290000,13.898824691772461,100,16.983198881149292,0.26199841499328613,0.027001619338989258,16.693198204040527,129.16819523115788,40.93591468173971,6.836402e-07,2.5309557914733887,-24.8782791316389,-0.019300355,29.100516976079984,128,72.39309249358644
2213.672394514084,1300000,13.920118808746338,100,17.08396339416504,0.26796865463256836,0.030995845794677734,16.784998893737793,135.8296944889325,41.9590495784816,8.7259406e-07,2.5912675857543945,-13.335715494404216,-0.017996993,31.03601453544845,129,73.78087351413653
2230.2182955741882,1310000,13.409297704696655,100,16.531901836395264,0.2629995346069336,0.025998353958129883,16.24190354347229,146.81698722102576,40.534925857273585,9.973562e-07,2.583301067352295,-16.212402996778508,-0.016448295,33.700418049277005,130,69.93477766993678
2247.056282043457,1320000,13.669025421142578,100,16.824986219406128,0.26999878883361816,0.027999162673950195,16.52698826789856,154.47075468666614,38.5641857289406,1.1177146e-06,2.5900063514709473,-42.16191989030591,-0.014968477,38.18347581980663,131,67.4032516424889
2264.046128988266,1330000,13.846377849578857,100,16.975847005844116,0.26399946212768555,0.021970272064208984,16.68887710571289,146.65954431098385,44.36798266035865,1.2035476e-06,2.589995861053467,-27.82012599464178,-0.014748459,37.163620209117965,132,77.9843007406243
2280.883238554001,1340000,13.749545812606812,100,16.824110507965088,0.2619669437408447,0.021030664443969727,16.540111541748047,158.70874354901676,40.58657607616631,1.301508e-06,2.5287420749664307,-47.12581493158463,-0.012518151,35.433005426284645,133,71.54405032175231
2297.8447732925415,1350000,13.81857967376709,100,16.947534561157227,0.26600050926208496,0.028969287872314453,16.650534868240356,138.82170511827715,43.810626310551505,1.5362823e-06,2.5712814331054688,-6.132151898031406,-0.015417732,32.642273016465246,134,76.38250581122117
2314.8668916225433,1360000,13.921913146972656,100,17.009119749069214,0.2740004062652588,0.026999711990356445,16.7081196308136,148.39298567993916,46.18033869068911,1.6676532e-06,2.539757490158081,-31.6562234187324,-0.015703684,33.933587652606846,135,81.05057181188845
2332.068879365921,1370000,14.00567102432251,100,17.18798828125,0.26600122451782227,0.025001049041748047,16.8959858417511,144.81035081064041,47.04663399082213,1.7794716e-06,2.5918805599212646,-25.97918309262346,-0.018509502,33.08015451775325,136,81.6665702195535
2349.0873832702637,1380000,13.879064798355103,100,17.00550603866577,0.26399660110473633,0.029001951217651367,16.712507486343384,151.03428050364184,46.941502300881936,1.9193376e-06,2.5843498706817627,-54.4244629422416,-0.015962105,36.15597701061318,137,81.05816358832608
2365.885371208191,1390000,13.674641609191895,100,16.78398823738098,0.2609999179840088,0.02299952507019043,16.499988794326782,143.82345890161372,42.02764675280004,2.087865e-06,2.5721163749694824,-46.62288494295984,-0.012925314,34.77318448165938,138,74.999542215562
2383.0800421237946,1400000,13.979483366012573,100,17.181673049926758,0.26996755599975586,0.031001806259155273,16.879703283309937,138.10705413759902,43.642382193877395,2.2815334e-06,2.6403369903564453,-20.161415709897504,-0.0070988135,30.74989302357153,139,78.2719137568852
2399.9617483615875,1410000,13.790802001953125,100,16.868706226348877,0.26599812507629395,0.030970096588134766,16.569740772247314,155.30633560897073,47.85368127800348,2.4650872e-06,2.5280025005340576,-34.75364294315567,-0.012646515,32.9269768522915,140,83.04816062947496
2416.9677350521088,1420000,13.881346940994263,100,16.992986917495728,0.2610006332397461,0.02996826171875,16.701017141342163,156.2004495112596,47.830443441107924,2.6656398e-06,2.5717175006866455,-45.91660255543665,-0.012853194,37.85036387254357,141,82.58180233059672
2434.0177233219147,1430000,13.941014051437378,100,17.03698706626892,0.2690012454986572,0.02196335792541504,16.745017528533936,195.0794678427553,46.37714125119545,2.881926e-06,2.5390536785125732,3.5835369079024595,-0.016225465,32.846880696821565,142,80.84497645057634
2450.9647183418274,1440000,13.7882559299469,100,16.931995153427124,0.2650010585784912,0.030969619750976562,16.636024475097656,146.19794368195681,47.379052226717725,3.062849e-06,2.575549840927124,-45.40355380471976,-0.014824175,37.313997363047044,143,82.50370510911587
2468.069662094116,1450000,13.896219968795776,100,17.090943574905396,0.26199841499328613,0.029969215393066406,16.798975944519043,153.01212300217,47.969144655040346,3.2077776e-06,2.636537790298462,-13.602036636306133,-0.018097451,32.715077141682556,144,82.84076889922612
2485.0236327648163,1460000,13.812475681304932,100,16.94097113609314,0.2629964351654053,0.031000852584838867,16.646973848342896,166.6206868857911,49.61270209993517,3.346331e-06,2.5892210006713867,-40.80585111593483,-0.01537607,39.72534351764618,145,86.27709846724954
2501.9187417030334,1470000,13.761481761932373,100,16.88110899925232,0.2930004596710205,0.023995637893676758,16.563111543655396,150.58853966873656,46.276257649083064,3.4840045e-06,2.5568535327911377,-49.45656279755982,-0.019891176,35.059422915528714,146,80.10187955332414
2519.0946078300476,1480000,14.030981540679932,100,17.160865783691406,0.2669968605041504,0.029971599578857422,16.8638973236084,159.12390028292992,49.16086068214335,3.684765e-06,2.5256285667419434,-4.537879969283918,-0.01887019,34.10997437072197,147,85.87844301362514
2536.330139875412,1490000,14.05431342124939,100,17.2215313911438,0.2610008716583252,0.02399730682373047,16.936533212661743,146.79600517182155,48.170688887707136,3.8142584e-06,2.5939247608184814,-36.36320059431553,-0.01409213,35.14711939876715,148,83.34956989281199
2553.2446944713593,1500000,13.816243171691895,100,16.90155577659607,0.2599978446960449,0.024970531463623047,16.615586519241333,151.19274438602446,56.24782947874742,4.0002296e-06,2.5506865978240967,-6.824328436395021,-0.018512955,32.187373704451424,149,96.12250659478843
2570.131370306015,1510000,13.83002257347107,100,16.873677015304565,0.27100229263305664,0.02197265625,16.579700708389282,184.19215212921003,49.096004457511654,4.1382527e-06,2.5074312686920166,-16.474990735451993,-0.016113734,38.40958952764756,150,85.81896644333074
2587.248785495758,1520000,14.000936031341553,100,17.103416442871094,0.26400065422058105,0.03096604347229004,16.808449745178223,180.42086987668156,49.7836289640069,4.192513e-06,2.55299973487854,-19.25882664313642,-0.011749896,38.28653399440821,151,86.10937035128815
2604.097460269928,1530000,13.7737398147583,100,16.835674047470093,0.2689995765686035,0.024969816207885742,16.541704654693604,152.22252465281673,48.91242268513319,4.3160007e-06,2.5005412101745605,-23.221997243270888,-0.014916828,36.953093705553094,152,86.41592682999375
2621.175558567047,1540000,13.935762643814087,100,17.064099073410034,0.3299984931945801,0.029969215393066406,16.704131364822388,169.06901871090326,51.156577903404624,4.400333e-06,2.5209755897521973,-4.522363803948597,-0.009548967,35.539252204803496,153,90.54810816139738
2637.9755449295044,1550000,13.710498332977295,100,16.78498649597168,0.2609982490539551,0.021982908248901367,16.502005338668823,152.85949151928546,48.71622767096871,4.5340644e-06,2.5144970417022705,-19.631670998900777,-0.013200949,37.39101770157799,154,84.14522418599591
2655.0473334789276,1560000,13.964110374450684,100,17.058789253234863,0.26799845695495605,0.023000001907348633,16.76779079437256,188.235340957352,53.116116221184875,4.6452724e-06,2.5511391162872314,-38.0300167653369,0.0017770057,38.25399421561918,155,92.42634080918988
2671.8386862277985,1570000,13.670383930206299,100,16.7783522605896,0.261995792388916,0.02900242805480957,16.487354040145874,163.0730458672486,49.384982817836,4.7827566e-06,2.543539524078369,-8.390381382902799,-0.002295626,37.59237165802502,156,85.48475585849849
2690.626187324524,1580000,15.249845743179321,100,18.773500680923462,0.26599884033203125,0.029000520706176758,18.478501319885254,156.83060122711936,51.56295380214403,4.9552023e-06,2.9260828495025635,-37.67299020742788,-0.013865582,37.16651556815408,157,89.01278880631459
2707.637629032135,1590000,13.848502159118652,100,16.998442888259888,0.2630000114440918,0.029999256134033203,16.704442024230957,163.6013192850187,50.955361471472195,5.090395e-06,2.5425539016723633,1.0894101513807701,-0.015227994,34.37598260869004,158,89.0910358111924
2724.770557165146,1600000,13.990505456924438,100,17.118929147720337,0.26599907875061035,0.03496837615966797,16.81796169281006,168.52521718459315,49.984246226358444,5.2397527e-06,2.5541348457336426,-84.24927141542305,-0.017288478,43.07527575296033,159,86.92901314167393
2741.7053723335266,1610000,13.824469089508057,100,16.920814752578735,0.26600098609924316,0.025998592376708984,16.628815174102783,166.3583342476081,50.91067789972257,5.348267e-06,2.547238349914551,-20.31267220922503,-0.019434502,38.92740276479677,160,88.23880142027589
2758.6294581890106,1620000,13.827146291732788,100,16.91108751296997,0.26799774169921875,0.020970821380615234,16.620127201080322,180.71753103698182,49.96894634530868,5.529774e-06,2.5274806022644043,-39.02966521406409,-0.019052528,38.144113072146276,161,87.37199257553031
2775.5954446792603,1630000,13.873239755630493,100,16.951987266540527,0.2630007266998291,0.02899765968322754,16.65998888015747,177.52552863518537,55.17677596046093,5.6701715e-06,2.5296666622161865,16.45428028303488,-0.017493337,36.400929858993265,162,95.62114773224829
2792.6524310112,1640000,13.969549417495728,100,17.04298734664917,0.2630007266998291,0.02199840545654297,16.757988214492798,174.5203879340537,54.04398585719659,5.8812007e-06,2.531567335128784,-33.67345559001398,-0.017770944,35.72672879786772,163,92.92080645134118
2809.5104172229767,1650000,13.834050416946411,100,16.844985723495483,0.260998010635376,0.023998022079467773,16.55998969078064,180.8243388929491,54.931342268687075,6.014479e-06,2.458004951477051,-28.110294957584113,-0.016380481,37.359472938270606,164,94.94041255767179
2826.6004984378815,1660000,13.989728450775146,100,17.076080322265625,0.2650015354156494,0.030998706817626953,16.78008008003235,194.48624410912382,49.66386520680964,6.105987e-06,2.555299758911133,-36.16364609475543,-0.014899787,43.51984672302556,165,86.10952837672909
2844.046482563019,1670000,14.07708191871643,100,17.4319851398468,0.5319960117340088,0.02597188949584961,16.874017238616943,158.96470591688055,52.8784357539744,6.255678e-06,2.507678985595703,-5.662335561709321,-0.019964203,33.51277821067335,166,92.14689701105499
2861.183512687683,1680000,14.003942012786865,100,17.12402868270874,0.2649974822998047,0.020968198776245117,16.837063550949097,183.96591107051685,52.86734584155883,6.3998737e-06,2.5836844444274902,-38.19001964608456,-0.017421411,37.014343329202916,167,92.1024324788577
2878.050230026245,1690000,13.73341679573059,100,16.85371732711792,0.26399779319763184,0.029999494552612305,16.558719396591187,186.5883939129719,56.1358238458369,6.5179024e-06,2.5627400875091553,-11.397282561967936,-0.020113435,40.9155073264715,168,97.16560289368955
2895.0754306316376,1700000,13.87464714050293,100,17.0122013092041,0.25999975204467773,0.020967483520507812,16.730201959609985,173.88408587242697,54.443576416497116,6.654302e-06,2.5467591285705566,-2.051572892218078,-0.01781685,36.90410221452077,169,94.79221727953903
2912.210326194763,1710000,13.98008680343628,100,17.121897220611572,0.2610008716583252,0.0319972038269043,16.8278968334198,175.73107515044012,57.81364757228139,6.740881e-06,2.5868921279907227,-30.224009332268714,-0.014583386,40.393689195460354,170,101.84763092589127
2929.3367512226105,1720000,13.988230228424072,100,17.112425327301025,0.27500009536743164,0.023998737335205078,16.81342649459839,178.6031576192952,55.34980095862999,6.901103e-06,2.575742244720459,-9.378776593287496,-0.020095168,39.497144560469195,171,95.66823263073556
2946.4687378406525,1730000,14.04894208908081,100,17.11798644065857,0.2630007266998291,0.027997970581054688,16.825987339019775,170.618368798403,57.34360625708916,7.0937e-06,2.5172066688537598,-33.13818851127366,-0.019790456,36.85628951926594,172,100.48970996304308
2963.4971153736115,1740000,13.908954381942749,100,17.01537799835205,0.2670011520385742,0.026996135711669922,16.721380710601807,173.51810791020412,56.796097592543134,7.331623e-06,2.575941562652588,-34.23883923670635,-0.019147431,36.603425911835586,173,98.08086582182949
2980.494437456131,1750000,13.95849061012268,100,16.983322620391846,0.26599836349487305,0.027001380920410156,16.688324689865112,172.5943603470078,53.488359986643935,7.5068697e-06,2.4633307456970215,-4.616429472792243,-0.018423468,38.784210489764305,174,94.70252613644189
2997.49138212204,1760000,13.919883012771606,100,16.982945680618286,0.25499773025512695,0.022998571395874023,16.704949378967285,171.50050011431392,58.65264624451297,7.672215e-06,2.541135311126709,-1.0262571716023632,-0.01896868,36.20660645873815,175,100.01659252132373
3014.404830932617,1770000,13.88978099822998,100,16.899449825286865,0.2610001564025879,0.021999597549438477,16.61645007133484,188.8271147600513,61.96767604651103,7.814704e-06,2.469083547592163,-3.8702451346530378,-0.021509165,38.05476477829129,176,107.68651287903451
3031.3318190574646,1780000,13.828322649002075,100,16.911988019943237,0.26799893379211426,0.034001827239990234,16.60798740386963,192.4339645548868,60.15785380082292,7.979937e-06,2.5336971282958984,-18.393212256968393,-0.01892313,38.894922846426404,177,103.78621325938352
3047.9818069934845,1790000,13.669650793075562,100,16.636988878250122,0.26999855041503906,0.02995610237121582,16.336033821105957,189.7735666838692,59.911697575101286,8.083504e-06,2.423213243484497,20.872585423918828,-0.020411912,35.33919820137923,178,103.40294355635632
3065.031802892685,1800000,13.89307451248169,100,17.0369975566864,0.2649993896484375,0.02397322654724121,16.747024536132812,187.73033429880888,57.99720451826638,8.272441e-06,2.587731122970581,-56.23943957360446,-0.021508254,40.08529070140419,179,100.76462983791959
3081.929792165756,1810000,13.721176862716675,100,16.884990692138672,0.26000189781188965,0.03296852111816406,16.592020273208618,173.54516044469153,53.4941468416657,8.465193e-06,2.550781488418579,-21.408009463951426,-0.014961793,38.34025903332994,180,92.47940632359959
3099.1793608665466,1820000,14.029279470443726,100,17.22356939315796,0.26400041580200195,0.02896857261657715,16.93060040473938,166.5951757239662,62.67548071384402,8.653084e-06,2.6466867923736572,15.421005453233008,-0.018103713,34.737580434855396,181,108.59361572463762
3115.9772403240204,1830000,13.665773153305054,100,16.78387975692749,0.2629983425140381,0.02396416664123535,16.496917247772217,179.34380557737646,58.68703176882811,8.80313e-06,2.580303430557251,-71.31321038357976,-0.019693365,40.472472784249085,182,100.34118105671128
3133.1962280273438,1840000,14.007304191589355,100,17.20498752593994,0.29999780654907227,0.029001235961914062,16.87502098083496,172.3699867843441,58.014932555141684,8.913666e-06,2.6211953163146973,-2.4374046992133294,-0.02025936,32.72025530609442,183,100.13369038430126
3150.255216360092,1850000,13.97747254371643,100,17.04498839378357,0.259000301361084,0.028997182846069336,16.755990982055664,175.01565214570968,62.112590332716344,8.9763125e-06,2.500469207763672,-10.622497919983116,-0.02240882,35.27468471368424,184,106.41162080434081
3167.3649678230286,1860000,13.905369758605957,100,17.096752166748047,0.26599931716918945,0.028966426849365234,16.801786422729492,180.3454251241057,61.424038067331566,9.1050615e-06,2.6165289878845215,6.823829782516586,-0.018160764,37.14568712952513,185,106.85603198321537
3184.8124866485596,1870000,14.231452226638794,100,17.433518648147583,0.2609989643096924,0.02300119400024414,17.149518489837646,161.92297486923718,60.11314610946881,9.224921e-06,2.692019462585449,-15.4962768957938,-0.016024774,39.72461263749595,186,104.02109087837223
3201.711600780487,1880000,13.730149984359741,100,16.886112928390503,0.26196932792663574,0.03003072738647461,16.593112468719482,174.2665025948425,57.495240032306704,9.331127e-06,2.6171436309814453,-38.081747448550395,-0.013791866,40.41772015454258,187,98.62896206237558
3218.636917591095,1890000,13.84509539604187,100,16.911317348480225,0.2629964351654053,0.020970821380615234,16.626360654830933,179.11038006630525,63.372272784431296,9.381169e-06,2.534782886505127,-11.523392264549535,-0.018498251,35.723094678267955,188,109.25785755446657
3235.6567645072937,1900000,13.94777536392212,100,17.00684690475464,0.26800060272216797,0.028998136520385742,16.709848165512085,201.6069217847217,58.146369532110505,9.466649e-06,2.516310453414917,-16.293407087220448,-0.01343571,35.63958517273569,189,100.51700391999393
3252.870888710022,1910000,13.989845991134644,100,17.20112419128418,0.26599931716918945,0.030964374542236328,16.903159141540527,189.2665394179387,57.39514487354759,9.618579e-06,2.65004301071167,-5.9670899021687465,-0.013590992,41.219761333132816,190,100.07837368927763
3269.788594007492,1920000,13.753602504730225,100,16.904706239700317,0.26400113105773926,0.029027462005615234,16.609708070755005,166.37803783307015,57.318610828966904,9.771253e-06,2.49527645111084,-7.615439279469818,-0.015691495,38.25834206705497,191,99.97661425928735
3286.8915820121765,1930000,14.004928588867188,100,17.088987588882446,0.2610015869140625,0.021967172622680664,16.8040189743042,196.10623936713392,60.912580973018336,9.954799e-06,2.532254219055176,-50.85630838229143,-0.016081184,41.24104073594445,192,103.27421864954685
3303.9224700927734,1940000,13.92526912689209,100,17.017888069152832,0.259000301361084,0.02796316146850586,16.727888345718384,162.15277444072532,56.659322434247514,1.0102365e-05,2.5540270805358887,-34.961774171748274,-0.015733443,34.011954127897305,193,96.93641847015144
3320.7484583854675,1950000,13.841505527496338,100,16.812988996505737,0.2619962692260742,0.02996349334716797,16.521029233932495,176.69302791089856,55.81426922363984,1.0169564e-05,2.4254603385925293,-21.13291663738238,-0.019500032,41.27156651772445,194,95.40830815568829
3337.6791944503784,1960000,13.847435474395752,100,16.916736841201782,0.2649991512298584,0.027974367141723633,16.62276339530945,174.2713580513248,57.79258844213005,1.02494705e-05,2.5138676166534424,-15.33985688875526,-0.019450199,33.95774492332639,195,99.44607548750551
3354.574637889862,1970000,13.859084367752075,100,16.881442308425903,0.2609994411468506,0.027968645095825195,16.591474056243896,167.70336475601817,60.13840161863465,1.0248767e-05,2.4619648456573486,-11.84508482184543,-0.019870307,35.72325454294725,196,103.3179875574114
3371.68497633934,1980000,13.982094287872314,100,17.095339059829712,0.2690005302429199,0.02599787712097168,16.79934072494507,187.75936220986316,63.15797830295956,1.031875e-05,2.5344181060791016,-8.227709400657426,-0.020601206,37.03399180805139,197,109.1163316920237
3388.568964958191,1990000,13.723419189453125,100,16.87098789215088,0.27899837493896484,0.03000187873840332,16.56098747253418,165.3413022993482,57.57117573582776,1.0415057e-05,2.5777580738067627,8.713746364678386,-0.018475497,33.05605922698836,198,99.77593546653932
3405.5575063228607,2000000,13.917484045028687,100,16.975541830062866,0.26196813583374023,0.027997970581054688,16.68557572364807,166.17352594105694,63.42692423288604,1.05215e-05,2.4968254566192627,-15.407715420200008,-0.017361889,32.74444998485373,199,108.54898717682501
3422.4682064056396,2010000,13.801086187362671,100,16.897698163986206,0.2619972229003906,0.030002593994140625,16.605698347091675,189.67589354672435,58.10315690729678,1.0676118e-05,2.539551258087158,-44.07530521859391,-0.020415349,41.61070504733258,200,100.36920991277165
3439.745193719864,2020000,14.150753736495972,100,17.26398801803589,0.2630009651184082,0.03196597099304199,16.96902108192444,188.96865192579182,65.09586716243395,1.081247e-05,2.521780490875244,12.948442599147015,-0.018138945,32.01039352337267,201,112.20139079570008
3457.1160752773285,2030000,14.09656548500061,100,17.357881784439087,0.3599979877471924,0.04899930953979492,16.94788408279419,191.6127777754595,60.90893566799001,1.096552e-05,2.573289155960083,20.57392111870487,-0.018949198,33.56639475632461,202,103.54483150914717
3474.1390631198883,2040000,13.938200235366821,100,17.009987354278564,0.27199673652648926,0.027001380920410156,16.710989236831665,170.01735525265278,59.80959213329184,1.114373e-05,2.488670587539673,0.17697164010459288,-0.019644566,36.39540605993761,203,103.60831082379556
3491.216511487961,2050000,13.958678245544434,100,17.064448356628418,0.25999999046325684,0.022999048233032227,16.780449151992798,185.89971790161826,62.443374929715375,1.1215914e-05,2.567206382751465,-17.83230142861793,-0.013779849,40.558194668442624,204,107.1606111253239
3508.1505012512207,2060000,13.803967714309692,100,16.920990228652954,0.26000070571899414,0.029971837997436523,16.63002061843872,167.75155806484142,61.45366858471094,1.1285737e-05,2.5661468505859375,1.9451882217158183,-0.020736286,37.36946760589013,205,105.37239140803239
3525.29061627388,2070000,13.992594480514526,100,17.12611722946167,0.2589991092681885,0.03099989891052246,16.83611822128296,174.1402751608382,63.99247235868174,1.1432053e-05,2.575481653213501,-26.10826777094831,-0.014335517,34.935050556372026,206,110.06913205574813
3542.3219408988953,2080000,13.93015170097351,100,17.018324851989746,0.2669985294342041,0.027963638305664062,16.72236204147339,181.31906598225282,64.52705911974981,1.1630176e-05,2.5199337005615234,-10.87428238660965,-0.018737365,40.48509059401256,207,111.50585222556685
3559.295420885086,2090000,13.891620635986328,100,16.95948052406311,0.2610001564025879,0.021997451782226562,16.676482915878296,205.28594374125004,64.49703735330901,1.1749255e-05,2.531378746032715,27.700130615979795,-0.017162247,32.849558707885535,208,110.01893129132155
3576.5540788173676,2100000,14.155660390853882,100,17.245659112930298,0.27499866485595703,0.027998924255371094,16.94166088104248,185.93709249861922,63.86002103494535,1.1928969e-05,2.5395498275756836,4.0002547053047355,-0.01565839,35.61561122381628,209,109.5077917757728
3593.4951078891754,2110000,13.808420658111572,100,16.92702865600586,0.2859981060028076,0.03000020980834961,16.611030340194702,174.52712515460158,63.73437110994305,1.2013758e-05,2.5248517990112305,15.775356184070755,-0.017399093,36.22870886633742,210,110.49491570869037
3610.47509598732,2120000,13.898752927780151,100,16.966987371444702,0.2729969024658203,0.027964353561401367,16.665019512176514,201.6132733854173,64.05810412399073,1.2039941e-05,2.490962266921997,-13.885643834800952,-0.019143855,41.541187458101945,211,110.31578119246777
3627.8980844020844,2130000,14.178723096847534,100,17.40898823738098,0.265000581741333,0.029999732971191406,17.113987922668457,207.96815087375592,67.41416746832049,1.2063347e-05,2.6308810710906982,2.2576777743485987,-0.019883908,38.43170006826577,212,116.59026363551078
3644.8070743083954,2140000,13.727423429489136,100,16.895990133285522,0.2630016803741455,0.020967960357666016,16.61202049255371,193.70467705388612,66.43080905101483,1.2157865e-05,2.621112585067749,17.37157991298517,-0.018054008,34.53970632515927,213,115.59922168786768
3661.7654502391815,2150000,13.853882074356079,100,16.945378303527832,0.25797057151794434,0.031029224395751953,16.655378818511963,180.9503606870664,67.72505296960274,1.2276877e-05,2.552366256713867,13.98477728966694,-0.019033106,33.171554437967366,214,117.13883230276534
3678.876788377762,2160000,14.01145315170288,100,17.09833788871765,0.25800013542175293,0.028963088989257812,16.810368299484253,178.88050993640317,62.263667370207024,1.2377402e-05,2.546501636505127,-30.326085047092864,-0.016332094,39.55774781767604,215,108.20862284674764
3695.9216895103455,2170000,13.938910722732544,100,17.030901193618774,0.26599979400634766,0.029968738555908203,16.73493266105652,173.59149576045397,64.46067497188221,1.2509104e-05,2.5336055755615234,-8.574441885947216,-0.014151639,35.65593275596759,216,111.24032898597463
3713.0354652404785,2180000,14.00281572341919,100,17.099776029586792,0.2609999179840088,0.02099776268005371,16.815778017044067,201.7764457644243,65.79613746877173,1.2580107e-05,2.5341997146606445,-2.8481171647415247,-0.013014151,35.64353058612352,217,115.21955830987488
3729.7954535484314,2190000,13.735700845718384,100,16.746988534927368,0.2650008201599121,0.03196239471435547,16.4500253200531,182.97579986301926,62.51914625239595,1.2689081e-05,2.468266487121582,2.7339834608156766,-0.01619839,33.891963937224226,218,108.91298725496758
3747.0322630405426,2200000,14.106342315673828,100,17.22381019592285,0.25899767875671387,0.02400040626525879,16.94081211090088,216.86414417801944,68.14764905629735,1.2737325e-05,2.554462194442749,7.726208660527853,-0.014013913,37.148227823929815,219,116.92241620166098
3763.5272510051727,2210000,13.445432662963867,100,16.48198676109314,0.2599673271179199,0.0310060977935791,16.19101333618164,183.80182327702292,68.0349669975395,1.2822402e-05,2.502737045288086,5.954589807242228,-0.01768722,33.21238361227277,220,118.13066070552816
3780.5982863903046,2220000,13.940623760223389,100,17.057034492492676,0.2630007266998291,0.02299809455871582,16.77103567123413,203.56548273757903,69.93893378254101,1.2926426e-05,2.5715067386627197,36.88563583421922,-0.018516673,31.411896881105246,221,120.90798665018912
3797.495093345642,2230000,13.747345685958862,100,16.883808851242065,0.27199697494506836,0.027968645095825195,16.58284330368042,196.87349723134406,69.24775273850157,1.3051549e-05,2.586745500564575,12.478974673019483,-0.017426552,36.20335561097421,222,119.95457956576614
3814.6090879440308,2240000,13.983955144882202,100,17.100993871688843,0.26199984550476074,0.026969194412231445,16.811025619506836,209.45124343360075,67.78899926139853,1.3075133e-05,2.516191244125366,-15.942810643891784,-0.01603825,41.08052299016394,223,116.60257341928113
3831.574409723282,2250000,13.85840106010437,100,16.95132279396057,0.2630023956298828,0.026999950408935547,16.661320447921753,198.8302353584763,74.2414212665305,1.3114503e-05,2.5613930225372314,33.74321662947494,-0.010487749,30.714835477415804,224,126.90600833965668
3848.5572612285614,2260000,13.85886001586914,100,16.96885347366333,0.2629992961883545,0.025998830795288086,16.679855346679688,224.54182484217742,71.66117179173484,1.322198e-05,2.5674707889556885,41.92113172085059,-0.016846146,34.530827564458235,225,123.67424667551805
3865.809250354767,2270000,14.095918655395508,100,17.2379891872406,0.323000431060791,0.03100132942199707,16.88298749923706,194.65968700980022,74.40399868284223,1.3297115e-05,2.5184707641601562,20.227995738701104,-0.014107296,32.30604440665465,226,127.63061647307127
3882.897178888321,2280000,13.976821422576904,100,17.07492971420288,0.2629997730255127,0.030999422073364258,16.779929637908936,192.48426822878946,69.80025611420005,1.3449925e-05,2.529656171798706,9.45553111989437,-0.019435838,38.70966366044957,227,120.47860192003621
3899.842701435089,2290000,13.870754957199097,100,16.932523250579834,0.2609989643096924,0.023971080780029297,16.647553205490112,194.45580461943266,70.54519801560542,1.3623663e-05,2.515181541442871,9.780898451971204,-0.015651138,32.010911982733845,228,121.74518184552802
3916.7703318595886,2300000,13.800002813339233,100,16.91463017463684,0.2759988307952881,0.02800154685974121,16.60962986946106,196.66553859632782,76.70958070746113,1.3775659e-05,2.546630620956421,23.07985994860929,-0.016373983,33.693551585918264,229,131.88530490764623
3933.919550895691,2310000,14.0341956615448,100,17.13521909713745,0.2599983215332031,0.027979135513305664,16.847241640090942,197.18272780339683,77.23545137916538,1.39493695e-05,2.532550096511841,68.32718340792722,-0.015249858,29.156219545224968,230,133.42178646342603
3951.1065986156464,2320000,14.068478107452393,100,17.17404794692993,0.26600027084350586,0.024999618530273438,16.8820481300354,207.20878572051666,72.05268394151693,1.4085845e-05,2.5418784618377686,18.113872790001228,-0.018031022,40.3295426048641,231,125.43908277398494
3968.1964354515076,2330000,13.982542991638184,100,17.075836658477783,0.2649955749511719,0.031003475189208984,16.779837608337402,228.43580648524988,77.16581808482668,1.4190186e-05,2.5247890949249268,0.5619196593772244,-0.012526919,35.97945635330877,232,131.97977758632516
3985.1434228420258,2340000,13.880749702453613,100,16.9339861869812,0.2629685401916504,0.024999380111694336,16.646018266677856,211.9481271843264,79.71683448001448,1.4331585e-05,2.5113918781280518,27.89913408981742,-0.014980558,34.88769411455899,233,136.66572983660947
4002.2627024650574,2350000,13.787106990814209,100,17.106278896331787,0.42999744415283203,0.021970033645629883,16.653311014175415,225.58556154209523,76.47284897833708,1.4506462e-05,2.553133487701416,42.16464086093406,-0.012927796,35.89050513357831,234,130.4397271331962
4019.5646908283234,2360000,14.164023637771606,100,17.28898811340332,0.2609994411468506,0.03199911117553711,16.995989561080933,212.1294251733683,77.16818654405357,1.4662369e-05,2.5804853439331055,23.1655907846599,-0.008321767,34.80479841475805,235,132.01942798577096
4036.4908945560455,2370000,13.80539870262146,100,16.91320538520813,0.26200008392333984,0.029997587203979492,16.620206356048584,208.97644086049618,75.92729189693661,1.4812647e-05,2.561310291290283,52.409939439141525,-0.0121866865,32.16252043828566,236,131.50077623740688
4053.4740850925446,2380000,13.856148481369019,100,16.97019076347351,0.27199792861938477,0.031960487365722656,16.666232347488403,218.75912146389473,75.4807502490465,1.495968e-05,2.544379711151123,40.61160605002271,-0.009017217,31.384256820646403,237,128.99113146224624
4070.422179222107,2390000,13.86495852470398,100,16.93409514427185,0.25696682929992676,0.021032094955444336,16.65609622001648,211.14359734600217,76.70373650952341,1.5133038e-05,2.542764902114868,24.225083036856358,-0.014858263,32.55144111257976,238,132.86281064102116
4087.567412853241,2400000,14.055628538131714,100,17.13223433494568,0.26399874687194824,0.02597188949584961,16.84226369857788,209.25511104386837,76.49002025853983,1.5286803e-05,2.544691562652588,19.966734120080993,-0.017288908,35.32402588369227,239,131.813642786559
4104.713287115097,2410000,14.020888328552246,100,17.132872343063354,0.2619960308074951,0.027002334594726562,16.843873977661133,215.17114766982922,73.9068971349589,1.5448333e-05,2.5597712993621826,9.10673603570686,-0.013779348,34.96637099959827,240,129.0331271581851
4121.53527545929,2420000,13.668317079544067,100,16.80898904800415,0.25699901580810547,0.03099989891052246,16.520990133285522,199.24769064229432,78.41923884702736,1.5587711e-05,2.5758109092712402,46.1896266292234,-0.0119675845,28.64794326751962,241,135.46126177236084
4138.582551002502,2430000,13.951047897338867,100,17.0342755317688,0.2579994201660156,0.02396702766418457,16.751309394836426,256.29087213620835,75.0582219448367,1.5679292e-05,2.545610189437866,37.51880558723166,-0.013117754,38.21587771725666,242,130.2481742940393
4155.688539028168,2440000,13.998723030090332,100,17.09298825263977,0.26199817657470703,0.026001453399658203,16.802989959716797,200.7926517804745,77.10752808521575,1.577683e-05,2.5465099811553955,10.934249590823033,-0.015708914,35.23682853012721,243,131.7301766247072
4172.867172956467,2450000,14.051759958267212,100,17.164634227752686,0.26099705696105957,0.023030519485473633,16.878634929656982,227.97785698708063,73.99877680773815,1.5904034e-05,2.587846279144287,52.73015892339146,-0.01689791,31.032507470005818,244,128.9275133803919
4189.777405500412,2460000,13.690093755722046,100,16.89723253250122,0.26800084114074707,0.02996683120727539,16.5992648601532,209.98419245222695,75.68620923336151,1.6068061e-05,2.6094014644622803,21.32723383216361,-0.01235508,36.57975187365194,245,132.31256363627466
4206.822394132614,2470000,13.908787965774536,100,17.030988216400146,0.2720010280609131,0.030997037887573242,16.72799015045166,189.43775990324437,78.17096448933361,1.6226333e-05,2.5511441230773926,9.506747354306599,-0.018152159,33.06874508310119,246,134.81030224565401
4223.804382324219,2480000,13.908412218093872,100,16.96898865699768,0.26599812507629395,0.023998737335205078,16.67899179458618,208.76545912818594,77.50247545545162,1.6344931e-05,2.517449140548706,15.237286212635919,-0.015159591,32.370185631725114,247,134.09450769625715
4240.7463529109955,2490000,13.82152533531189,100,16.92797088623047,0.265000581741333,0.0219728946685791,16.640997409820557,200.86255594977294,78.16861087600076,1.640441e-05,2.5483696460723877,-3.74840713739591,-0.017281892,29.494077809478995,248,135.63480154274006
4257.432341098785,2500000,13.589627742767334,100,16.672988891601562,0.2709987163543701,0.0299680233001709,16.370035409927368,224.87697807668332,77.46912107062764,1.6544578e-05,2.527460813522339,20.336779999684246,-0.01598789,39.05899304246771,249,134.23578807458782
4274.450330257416,2510000,13.886740922927856,100,17.00398898124695,0.26199984550476074,0.025968551635742188,16.715020895004272,217.62156774072113,80.09554143443397,1.6679976e-05,2.556767225265503,29.280343569465852,-0.019119695,36.37596172289483,250,139.92375952346532
4291.53699016571,2520000,13.975295305252075,100,17.073659896850586,0.2629976272583008,0.0299680233001709,16.780694246292114,226.40851016509436,76.30077961569364,1.68389e-05,2.5495123863220215,-19.033343245229283,-0.018603435,38.837007900235626,251,131.40850189014816
4308.43597817421,2530000,13.817180871963501,100,16.88498830795288,0.2669987678527832,0.02996826171875,16.588021278381348,187.73471395967348,76.23309417714073,1.693604e-05,2.525897264480591,63.56543970943104,-0.018773971,31.07368311915774,252,130.69405919224644
4325.604619979858,2540000,14.007678747177124,100,17.155641794204712,0.2739989757537842,0.024967432022094727,16.856675386428833,221.2370752060625,80.8710274003824,1.7026054e-05,2.606796979904175,14.298084421226157,-0.016302396,33.03209920588766,253,139.90767789467532
4342.569749832153,2550000,13.884644746780396,100,16.9511296749115,0.259000301361084,0.031000137329101562,16.661129236221313,205.24866498234422,80.22097835253976,1.7175003e-05,2.5122876167297363,40.7186237726265,-0.020483876,31.68487698720244,254,137.79024394285713
4359.670789241791,2560000,13.979325771331787,100,17.088039875030518,0.2689988613128662,0.021969079971313477,16.795071363449097,213.36497380957036,78.9531904102078,1.732588e-05,2.5678672790527344,5.037900603800095,-0.020400152,40.10708445271461,255,136.34613938379962
4377.0473799705505,2570000,14.09136700630188,100,17.36359167098999,0.2870004177093506,0.031964778900146484,17.04362654685974,215.14998280532814,76.77202235170986,1.7451512e-05,2.6470284461975098,47.9127232674032,-0.021858282,32.97358304903234,256,133.20380716710955
4394.212369680405,2580000,13.706531763076782,100,17.149991035461426,0.7180006504058838,0.026000499725341797,16.4059898853302,228.05991911963784,78.35469165290505,1.7585913e-05,2.4448490142822266,25.188025308097803,-0.016682765,35.79097980847573,257,134.7239763419523
4411.423356056213,2590000,14.030970335006714,100,17.197989225387573,0.265000581741333,0.029967308044433594,16.903021335601807,200.42411194418918,79.32921288655194,1.7737535e-05,2.6080780029296875,-12.247110579367604,-0.016018499,35.722623786408036,258,136.29654321427998
4428.461199760437,2600000,13.935892343521118,100,17.024842262268066,0.26199960708618164,0.03099966049194336,16.72884464263916,232.25709279517793,81.22170142926791,1.7876668e-05,2.54894757270813,5.391857339562519,-0.017156908,36.71446250449965,259,139.8969100887317
4445.513775348663,2610000,13.953586339950562,100,17.03957748413086,0.25800108909606934,0.02796030044555664,16.752614974975586,203.0823813278434,79.16431570085632,1.7963463e-05,2.5336527824401855,13.41626100379899,-0.019176533,35.877581353297984,260,137.3071639769945
4462.4500370025635,2620000,13.823818445205688,100,16.92326283454895,0.2630007266998291,0.027968168258666992,16.63026213645935,245.6273242010717,83.29366021746578,1.813407e-05,2.5538620948791504,22.770330504729365,-0.02078536,38.241635714088005,261,143.5172790193308
4478.920025348663,2630000,13.306097030639648,100,16.45598864555359,0.2619974613189697,0.029030323028564453,16.163989067077637,226.71355283197215,85.52878266615164,1.816223e-05,2.608919620513916,42.524323736822154,-0.013598476,32.94628915732371,262,147.18303843378297
4495.813283920288,2640000,13.813230276107788,100,16.880258798599243,0.2650003433227539,0.025996923446655273,16.589261531829834,200.2500442169368,80.22749355527742,1.8264294e-05,2.521921396255493,-6.6924447904522,-0.015312225,34.91712946781476,263,138.03256874793777
4512.789628505707,2650000,13.826894998550415,100,16.96334409713745,0.26199841499328613,0.022001981735229492,16.679343700408936,226.48786965059867,83.2803692567245,1.8382718e-05,2.6061973571777344,52.88630319181366,-0.0075385193,33.51475808657223,264,143.3069317112629
4529.800823926926,2660000,13.967770099639893,100,16.997196435928345,0.2610025405883789,0.021996736526489258,16.714197158813477,212.13416983369166,85.33998052887422,1.8550809e-05,2.5007641315460205,51.07863133387864,-0.016006062,32.31540181061414,265,147.66311887917882
4546.754811763763,2670000,13.779496431350708,100,16.939988136291504,0.2619967460632324,0.031001567840576172,16.646989822387695,221.85219383374132,80.4100384470205,1.8672219e-05,2.6043477058410645,37.15638459303343,-0.020562867,38.11462276873022,266,138.27226532113198
4563.842663526535,2680000,13.948392391204834,100,17.074852228164673,0.2610001564025879,0.02296757698059082,16.788852214813232,232.360194795758,85.80551145124406,1.8810913e-05,2.5243403911590576,19.43906272901777,-0.020173362,37.20148266045935,267,148.45876238953778
4580.931773662567,2690000,14.00528621673584,100,17.076110124588013,0.2609996795654297,0.02200174331665039,16.792109727859497,213.9841114724782,85.41238869044155,1.8970492e-05,2.5251004695892334,64.94253042517835,-0.018610427,33.342043324299745,268,148.30883422435633
4597.994377851486,2700000,13.960277557373047,100,17.049604892730713,0.267000675201416,0.025997638702392578,16.75560712814331,211.0295014067646,84.68136730747243,1.9126464e-05,2.5341057777404785,37.85461799144577,-0.01938165,36.95259196481668,269,146.98287356706857
4615.221368074417,2710000,14.12062668800354,100,17.213989973068237,0.26200127601623535,0.021996021270751953,16.92899203300476,245.8603079942487,89.93434021553658,1.9306763e-05,2.5533804893493652,33.06258263313267,-0.01911221,36.21466102207982,270,155.16194121473197
4632.284791707993,2720000,13.980238914489746,100,17.049424171447754,0.2579982280731201,0.030953645706176758,16.760472297668457,234.35231718059458,85.28326513600338,1.9505693e-05,2.5104787349700928,5.55904234623928,-0.019486358,39.976393927121904,271,146.6785413255299
4649.317026376724,2730000,13.96933650970459,100,17.018233060836792,0.2799980640411377,0.02299785614013672,16.715237140655518,234.30655707676434,88.19182916881475,1.9794164e-05,2.4778707027435303,34.82047364457333,-0.019822383,35.092502461689,272,151.65297017639128
4666.181833028793,2740000,13.775360345840454,100,16.851805448532104,0.26399803161621094,0.029968738555908203,16.557838678359985,225.62964888572407,86.90949582935036,1.9986956e-05,2.5467474460601807,-7.743958483579001,-0.017284995,38.94296963923362,273,150.92291130896876
4683.388822793961,2750000,14.04419207572937,100,17.193989753723145,0.2670001983642578,0.026998519897460938,16.898991346359253,244.28748399369596,88.76174947817366,2.0159736e-05,2.6075873374938965,59.69648142095527,-0.017122889,35.40089873293442,274,154.86893909719444
4699.945813417435,2760000,13.64782166481018,100,16.542991161346436,0.26400041580200195,0.03099846839904785,16.247992277145386,218.8400866390808,86.27618826489164,2.0326852e-05,2.3542609214782715,0.6229306213667072,-0.016122418,37.749545581432095,275,147.98802684814007
4716.885570526123,2770000,13.90418529510498,100,16.92575716972351,0.2629992961883545,0.02796626091003418,16.6337947845459,242.8607931048142,88.68934918256555,2.0492134e-05,2.479886531829834,64.15824844914438,-0.015982265,36.68705055408756,276,152.42214082497193
4733.81053352356,2780000,13.864850759506226,100,16.911962747573853,0.2719690799713135,0.031029224395751953,16.608964443206787,240.77612906705028,88.81369698500787,2.0662364e-05,2.5143885612487793,71.00445625710286,-0.01248681,32.638943554492,277,152.23441953545466
4751.255590200424,2790000,14.233946323394775,100,17.43105697631836,0.2649970054626465,0.022002696990966797,17.144057273864746,251.50960698268653,89.96209051357114,2.0798698e-05,2.5993099212646484,30.428140761442958,-0.014585805,41.047039497594476,278,154.59152048548165
4768.6005392074585,2800000,14.128421783447266,100,17.331949949264526,0.2710001468658447,0.03096747398376465,17.027981519699097,230.61127617847285,90.54883270103865,2.0840987e-05,2.6413769721984863,36.77633943358082,-0.017936453,41.51552438326523,279,155.52895659815
4785.629117488861,2810000,13.958666563034058,100,17.015578985214233,0.26200175285339355,0.029999971389770508,16.72157597541809,240.91343081275943,88.4580647365099,2.0962127e-05,2.4872798919677734,48.056816334315364,-0.017256204,40.37431987087285,280,151.89186047015122
4802.965810060501,2820000,14.173972368240356,100,17.323694944381714,0.2630007266998291,0.02495598793029785,17.033737659454346,268.0354568793268,88.21274473078765,2.1026013e-05,2.6175458431243896,44.14967773403776,-0.01636318,34.360728995756354,281,153.07820935543913
4820.307282447815,2830000,14.213348388671875,100,17.328471899032593,0.2729983329772949,0.02299976348876953,17.03247380256653,225.2911787786595,90.29317626218544,2.1115786e-05,2.5838592052459717,63.741411839626586,-0.013638804,36.11220766567627,282,155.68220140533376
4837.914300918579,2840000,14.248398303985596,100,17.593018531799316,0.5290014743804932,0.029998064041137695,17.033042907714844,236.05741847563803,90.15472819054283,2.1256064e-05,2.526066303253174,28.761940460257023,-0.013245767,35.42794539545091,283,157.42335247274445
4855.221291542053,2850000,14.103877782821655,100,17.27899146080017,0.37400197982788086,0.023964643478393555,16.88002371788025,259.65036563687715,89.23231543152905,2.1378073e-05,2.5039937496185303,73.12568136936123,-0.014651375,38.02278412188038,284,154.15720508262677
4872.288254737854,2860000,13.943224430084229,100,17.046964168548584,0.26400065422058105,0.03099966049194336,16.75196385383606,231.4538188809234,89.49759572662568,2.1551876e-05,2.5482265949249268,33.970231952488916,-0.020120451,35.64597330589449,285,154.9521331703839
4889.331243991852,2870000,13.93838620185852,100,17.02998971939087,0.2610008716583252,0.024997234344482422,16.74399161338806,226.01099976941748,91.19388185564945,2.1696165e-05,2.5341570377349854,80.26592674560575,-0.015916523,30.24308381416255,286,157.02784174866707
4906.41788315773,2880000,14.001875877380371,100,17.07364010810852,0.2589995861053467,0.021998882293701172,16.790669918060303,260.2164424504522,90.68836110220582,2.1815167e-05,2.541470527648926,55.88897741734605,-0.018171646,40.18461700135795,287,156.68735676145437
4923.489843130112,2890000,13.97554874420166,100,17.058960676193237,0.2599680423736572,0.023999691009521484,16.77499294281006,233.87131397866955,88.5285053739496,2.1882148e-05,2.560253143310547,76.4070439950329,-0.018876554,32.77263194475291,288,153.1929797615937
4940.719143629074,2900000,14.077642917633057,100,17.21630072593689,0.2630000114440918,0.021998167037963867,16.931302547454834,226.67750818523888,94.00503337170983,2.1956625e-05,2.536820650100708,51.19148754378746,-0.017503323,35.23098675406025,289,161.4475712298746
4957.8519966602325,2910000,14.043702602386475,100,17.119852781295776,0.26096534729003906,0.025000810623168945,16.83388662338257,265.1425051952338,96.7895314813422,2.2053207e-05,2.5449106693267822,51.350062724793645,-0.016413866,38.14081331575278,290,167.19515732797333
4974.879986524582,2920000,13.882641792297363,100,17.014989852905273,0.26099467277526855,0.021967411041259766,16.731024265289307,247.14183916286322,92.1153281263488,2.2169037e-05,2.577244758605957,67.76696291297615,-0.007816838,38.67280416995132,291,158.03439793847343
4991.731028795242,2930000,13.762507677078247,100,16.838042497634888,0.2590014934539795,0.028962135314941406,16.549052476882935,249.15617099237573,89.56294088815982,2.2317943e-05,2.533116340637207,50.39428580689362,-0.01750189,40.08262672660727,292,154.40371338630752
5009.017018556595,2940000,14.214263200759888,100,17.27298903465271,0.2629988193511963,0.029999256134033203,16.97999095916748,233.0193219373583,91.92467071771048,2.2455797e-05,2.493396759033203,49.66928049201617,-0.01778399,31.689154551280623,293,158.7087792231887
5026.097597837448,2950000,13.910572290420532,100,17.066580295562744,0.2569997310638428,0.026999711990356445,16.782580852508545,231.4280554218139,84.55833904602467,2.2588682e-05,2.605628490447998,-74.66030706612982,-0.020544402,46.46277499954823,294,145.80007415149896
5043.336492776871,2960000,14.031096935272217,100,17.225895643234253,0.3049967288970947,0.03099989891052246,16.88889479637146,239.39633756969565,91.46769031874543,2.269443e-05,2.58708119392395,-13.73672781739741,-0.019598609,44.55764587964963,295,155.7094578853995
5059.926149606705,2970000,13.504582405090332,100,16.57465624809265,0.25699710845947266,0.021975994110107422,16.294684886932373,234.2747806190882,90.87993566127001,2.2775039e-05,2.5326826572418213,73.38394128355296,-0.014419864,33.58784942487628,296,157.0995352682956
5076.2650282382965,2980000,13.291565179824829,100,16.324878931045532,0.2589993476867676,0.024999618530273438,16.039879322052002,230.33079151989915,86.57626057514938,2.29006e-05,2.517265796661377,50.97332195521888,-0.01624881,35.68230429425325,297,149.94587969665108
5092.444891691208,2990000,13.117065191268921,100,16.16586446762085,0.25600099563598633,0.026999950408935547,15.881864786148071,221.25577624069683,90.33015646402109,2.3080587e-05,2.5105767250061035,5.2528597432727135,-0.015402341,35.38059620656451,298,156.0119611218009
5109.3269674777985,3000000,13.70177960395813,100,16.86807656288147,0.27699732780456543,0.026000261306762695,16.562081336975098,238.91232030043227,90.52266307789213,2.326556e-05,2.5678436756134033,11.291375886947586,-0.017003868,33.44502552764533,299,156.84776212058534
