train-AverageDiscountedReturn,Time,train-AverageReturn,Itr,train-MinReturn,Time-Sampling,n_timesteps,Time-SampleProc,LossBefore,ItrTime,LossAfter,Time-Optimization,train-StdReturn,train-MaxReturn,train-EnvExecTime,train-NumTrajs,train-PolicyExecTime
-98.53652527409706,17.92951202392578,-189.99001565560084,0,-319.0790999626012,17.60600256919861,10000,0.039998769760131836,-1.5258789e-09,17.92951202392578,0.054282263,0.283510684967041,63.70236571343288,-11.574190958616043,2.9376261234283447,100,14.412560939788818
-96.09262901331614,35.879385232925415,-188.94130663515116,1,-291.02280861367757,17.65887475013733,20000,0.020998477935791016,9.155274e-09,17.93587327003479,0.002476587,0.25500011444091797,70.18632234317808,85.96835606368266,2.9862546920776367,100,14.399249076843262
-68.01195428589818,54.02309823036194,-138.77859517445114,2,-280.77265108154245,17.837197303771973,30000,0.0205080509185791,-1.2207031e-08,18.130712747573853,-0.0022683288,0.2730073928833008,101.29248752367228,194.9561116185021,3.0419952869415283,100,14.524476766586304
-44.44750146808608,73.35159683227539,-97.78220877058884,3,-263.00962768017496,19.006413459777832,40000,0.027000904083251953,-0.0014301697,19.31549882888794,-0.005743036,0.27900195121765137,115.22855497092552,193.86064206714522,3.3435418605804443,100,15.38068413734436
1.6230855258178998,92.58026456832886,-15.568249984366211,4,-258.25237953900717,18.93760919570923,50000,0.021975278854370117,4.577637e-09,19.214672565460205,-0.0065569673,0.25299835205078125,140.83758289603438,196.8454963500957,3.2286407947540283,100,15.39885926246643
42.7204692814531,112.39718198776245,60.890629103249566,5,-307.46125958402655,19.52191400527954,60000,0.021998882293701172,-3.0517577e-09,19.802917003631592,-0.00674935,0.2570030689239502,142.3440846999463,201.2079220321788,3.4319112300872803,100,15.793813467025757
85.79675762939328,131.03691625595093,138.3713591280542,6,-206.99780442503535,18.33222460746765,70000,0.02599954605102539,-2.670288e-09,18.62673783302307,-0.005498457,0.2675137519836426,86.87767080869644,203.19159076592393,3.232682704925537,100,14.770798206329346
107.13621477887203,149.289320230484,174.97468180014468,7,-22.40319325829149,17.94440507888794,80000,0.021001338958740234,-3.0517577e-09,18.23940348625183,-0.005293779,0.27399706840515137,29.73333172651024,203.861121647934,3.090029001235962,100,14.571900367736816
111.31921988824706,167.82342672348022,181.7810188610961,8,132.89357410446343,18.25110673904419,90000,0.019002437591552734,-1.525879e-08,18.520106554031372,-0.002999646,0.24999737739562988,13.02050001428903,202.0434362715519,3.010683059692383,100,14.947122573852539
113.7531948707524,186.34415650367737,186.9076365418117,9,153.4736668480339,18.215731620788574,100000,0.022998332977294922,3.0517577e-09,18.507730960845947,-0.0014771393,0.2690010070800781,9.645713925699365,203.0452629039085,3.2412312030792236,100,14.692333698272705
114.53761444187278,204.0793261528015,189.44259902603272,10,159.42074720394314,17.435170650482178,110000,0.024001359939575195,-1.2207031e-08,17.722171545028687,-0.004415555,0.26199841499328613,9.210973467628849,202.27758520743174,3.148812770843506,100,14.021507978439331
115.75464579599273,221.81637287139893,192.11985362405903,11,150.42810906275594,17.4350483417511,120000,0.023035764694213867,-0.0026183228,17.724047422409058,-0.0035825074,0.26496195793151855,8.409271247549608,202.33623485896877,3.121609687805176,100,14.062074422836304
116.71968851892983,239.8821084499359,194.73237463143886,12,176.9794116180982,17.76827096939087,130000,0.02293539047241211,6.1035155e-09,18.052735567092896,-0.0032763733,0.260528564453125,6.145721233876411,202.52674217219277,3.160264730453491,100,14.342699527740479
117.40261192850708,257.76042222976685,196.46254577218693,13,176.22546620865512,17.58031439781189,140000,0.02200150489807129,1.2207031e-08,17.865315437316895,-0.0027261903,0.26199793815612793,5.3711410842846625,203.32269969130402,3.138423204421997,100,14.168246030807495
117.85468843220855,275.6110563278198,197.5290314474249,14,184.79786814937214,17.560632467269897,150000,0.0220034122467041,-0.005509961,17.83763360977173,-0.0015140473,0.2539691925048828,4.138743330686497,203.16880368580289,3.10221266746521,100,14.168814659118652
117.73492499407497,293.8477761745453,197.51130720563233,15,176.85087065269266,17.94519305229187,160000,0.02599954605102539,6.866455e-09,18.223721265792847,-0.0032904602,0.25052428245544434,4.32816727757839,203.81043846348481,3.2095766067504883,100,14.482953310012817
118.04839576042014,311.9362802505493,198.350302141532,16,168.06402946370355,17.7909574508667,170000,0.01999950408935547,6.1035155e-09,18.075504779815674,-0.0025068787,0.26254844665527344,4.464376934926391,204.59755045483314,3.228461742401123,100,14.292964696884155
118.25911988044626,330.28458428382874,198.7975673264053,17,185.90016245711254,18.047306299209595,180000,0.02299976348876953,1.5258789e-09,18.33430528640747,-0.0030747543,0.26200079917907715,3.1320751378337586,202.86127955128356,3.2817676067352295,100,14.434125185012817
118.690342396139,349.90363574028015,200.0988986252597,18,189.2674874747486,19.337074279785156,190000,0.01997685432434082,-3.0517577e-09,19.602051258087158,-0.0008733978,0.2440016269683838,2.32448883705145,203.40230183893567,3.4592702388763428,100,15.574251174926758
118.57242466619724,368.66045904159546,199.8173983445713,19,185.24468147791586,18.452826976776123,200000,0.01999807357788086,1.7547608e-08,18.743825912475586,-0.003417189,0.26999998092651367,2.4769612392311697,203.8036315592645,3.2585206031799316,100,14.924912929534912
118.62685092845673,387.1234827041626,199.9464552500683,20,191.0615929615488,18.17406392097473,210000,0.0249636173248291,-6.1035155e-09,18.449023723602295,-0.002901465,0.24899673461914062,2.4515881701566604,204.9366670820115,3.200495719909668,100,14.696802139282227
119.02042320118264,404.9943323135376,200.85181580470245,21,187.76100278118156,17.569876194000244,220000,0.02396988868713379,-6.1035155e-09,17.85784888267517,-0.0024721648,0.26400279998779297,2.125395663357601,203.65875489421632,3.060497999191284,100,14.241751432418823
118.823622086529,423.25862097740173,200.74497508720916,22,195.22476055079045,17.97876000404358,230000,0.019001483917236328,1.5258789e-09,18.251290321350098,-0.0029165237,0.2525289058685303,1.5994586504645711,204.64940886256204,3.163801670074463,100,14.531475305557251
119.02901352549807,441.3792164325714,201.08693680410673,23,193.64572664414825,17.81806755065918,240000,0.01997089385986328,1.2207031e-08,18.10759425163269,-0.0047833985,0.26955580711364746,1.6799483685339676,204.55270392116572,3.144292116165161,100,14.404458999633789
119.05188813973726,460.02545046806335,200.96522535568053,24,189.43659139989163,18.335329294204712,250000,0.024904727935791016,-0.0018021119,18.63323664665222,-0.0026227538,0.2720019817352295,1.9298392121632866,203.7301715288474,3.2193198204040527,100,14.838760375976562
119.19790708415418,478.4411346912384,201.38362272572505,25,196.32535578537892,18.104686975479126,260000,0.025998592376708984,-1.2207031e-08,18.400685787200928,-0.0025077104,0.2700002193450928,1.3889924689654782,204.31165368041763,3.181325912475586,100,14.657371997833252
119.13790434776473,498.7448627948761,201.32560908062987,26,193.97558158749314,20.019729375839233,270000,0.021001815795898438,-1.8310548e-08,20.290728330612183,-0.005871045,0.24899649620056152,1.666203704277664,205.21089241174067,3.431488275527954,100,16.25896978378296
119.47924540061143,517.7935461997986,201.94262413901362,27,192.16580612768155,18.75268244743347,280000,0.019998788833618164,-1.5258789e-09,19.03568434715271,-0.004550519,0.26200270652770996,1.6903071594763732,205.12709402194528,3.2539703845977783,100,15.166400909423828
119.70843660022709,536.4312329292297,202.3606764707616,28,195.21827678554666,18.34168577194214,290000,0.018001556396484375,7.629395e-09,18.62468671798706,-0.004767026,0.26399922370910645,1.5429401842243542,205.33020095996915,3.239849090576172,100,14.828433513641357
119.69600353670222,555.6325371265411,202.19282587667024,29,193.02992058641468,18.919795513153076,300000,0.026000022888183594,6.1035155e-09,19.188305854797363,-0.0040062964,0.24251031875610352,1.7431600991096747,205.88769291813844,3.281050682067871,100,15.363619327545166
119.76543360457187,573.43727684021,202.48413602951314,30,198.37747132893278,17.514756441116333,310000,0.019980907440185547,6.1035155e-09,17.79173994064331,-0.0050358004,0.257002592086792,1.434668001051949,205.7918844572583,3.0829715728759766,100,14.171000003814697
119.94563130875689,591.0826563835144,202.84458895421463,31,196.7116057941062,17.36138343811035,320000,0.024999618530273438,3.0517577e-09,17.632381916046143,-0.0039080307,0.24599885940551758,1.503445892971428,206.0888474834978,3.054168939590454,100,14.037814617156982
120.14325224177799,608.8893728256226,203.29277836053592,32,198.83502537910078,17.507749319076538,330000,0.01996588706970215,-0.0015303589,17.793716192245483,-0.001512854,0.2649996280670166,1.408136794823771,207.05693143215413,3.116230010986328,100,14.125298976898193
120.16729585620415,627.2430713176727,203.2290070142981,33,198.30531897155535,18.063495874404907,340000,0.017969131469726562,-6.1035155e-09,18.34069848060608,-0.004270961,0.25823068618774414,1.2858055140579447,206.6487655988504,3.1797196865081787,100,14.59368348121643
120.2690910873956,645.2272090911865,203.37225426832177,34,198.66855059065793,17.703163146972656,350000,0.01808333396911621,7.6293943e-10,17.970137357711792,-0.003065934,0.24889087677001953,1.2886140095711962,206.69978044424508,3.102142810821533,100,14.33585810661316
120.33923767883563,663.3244016170502,203.44067047337742,35,195.8019894742352,17.80871295928955,360000,0.02600264549255371,3.4332275e-09,18.083192586898804,-0.004628806,0.2474982738494873,1.63795541660753,207.65752351876452,3.148563861846924,100,14.371468544006348
120.5151443531248,681.251266002655,203.97727040819217,36,197.63532167213037,17.643375158309937,370000,0.018973588943481445,3.8146974e-09,17.912864208221436,-0.0056970036,0.24951434135437012,1.5665672113867917,207.74879370165337,3.130373239517212,100,14.239312648773193
120.7258869598475,699.4276959896088,204.5742299896564,37,190.10396674457795,17.875381231307983,380000,0.017999887466430664,-6.1035155e-09,18.162433862686157,-0.0037756409,0.26705503463745117,2.1037991509887326,209.443850966395,3.0837955474853516,100,14.534525871276855
120.6280592558081,717.4923892021179,204.21127082535259,38,151.06297080548333,17.775265216827393,390000,0.02248525619506836,0.003967012,18.050748348236084,-0.0026807236,0.25299787521362305,5.697169741378881,210.04386973631415,3.123136043548584,100,14.31723690032959
120.93774345568374,736.0634734630585,204.82453114135947,39,200.72479271322337,18.277570486068726,400000,0.02700042724609375,6.1035155e-09,18.557084321975708,-0.005726715,0.25251340866088867,1.699767246420722,210.7377671030758,3.2208759784698486,100,14.811113834381104
121.17921485879077,754.1978709697723,205.174442866454,40,199.04432940312665,17.822880029678345,410000,0.025999069213867188,-3.0517577e-09,18.12039875984192,-0.004064035,0.27051830291748047,1.7376633105899488,208.56806509480927,3.121508836746216,100,14.436167001724243
121.31078080131924,772.3652119636536,205.75672582338566,41,201.05049707426866,17.812824964523315,420000,0.0279996395111084,1.5258789e-09,18.15334129333496,-0.00412807,0.3125166893005371,1.8899974430440858,211.2121060075094,3.1494977474212646,100,14.401839971542358
121.40037463784859,790.845948934555,205.94454407440927,42,200.27174890431252,18.18114995956421,430000,0.023590803146362305,1.2969971e-08,18.466736793518066,-0.0037012196,0.2619960308074951,2.0304909874251464,210.99461516543045,3.1795246601104736,100,14.73356318473816
121.79377044424734,809.0090680122375,206.85209195572156,43,200.65626692137963,17.839147806167603,440000,0.017969131469726562,-0.00096437987,18.15011954307556,-0.0048200623,0.2910022735595703,2.389384014872582,213.49447885135888,3.085500955581665,100,14.48210096359253
122.11617046991776,827.0331518650055,207.72289521118327,44,201.9243158641484,17.736084938049316,450000,0.021997928619384766,1.2207031e-08,18.011085033416748,-0.0035050903,0.24999594688415527,2.472153008504308,214.20590678918444,3.108433246612549,100,14.364647388458252
122.45249053807987,845.0816576480865,208.37216620143226,45,201.0939330184262,17.754989624023438,460000,0.02700042724609375,-6.1035155e-09,18.034505128860474,-0.003442749,0.2525150775909424,2.5971353260418284,216.26803730324335,3.129772901535034,100,14.350955247879028
122.67054412394658,863.4038624763489,209.0805494635267,46,202.6658630522043,18.020196676254272,470000,0.024971723556518555,6.1035155e-09,18.308205366134644,-0.0024659913,0.2620368003845215,2.3543270346820906,215.1204408742586,3.19235897064209,100,14.55458688735962
123.01825702245175,883.4446308612823,209.96994881053976,47,200.32053361806052,19.73722505569458,480000,0.01999807357788086,-0.0016564941,20.02677059173584,-0.0044454252,0.26854777336120605,2.7316864915419754,218.77001555639927,3.4094512462615967,100,16.01488447189331
123.30792422564122,902.2623791694641,210.66671012119704,48,204.71015421762155,18.48915147781372,490000,0.023998260498046875,-2.2888185e-09,18.804748058319092,-0.0009678551,0.2915983200073242,2.5524813088100298,218.91508515109714,3.157928228378296,100,15.021399736404419
123.87506795274305,922.4751012325287,212.22034725392746,49,201.79872800766455,19.92482566833496,500000,0.01796698570251465,-4.529953e-09,20.197794198989868,-0.0025251254,0.25299978256225586,3.381926256278761,221.88724817609761,3.487910270690918,100,16.09467101097107
123.97989310867071,941.1946587562561,212.4506630718748,50,202.92884075409626,18.4325954914093,510000,0.01909637451171875,6.1035155e-09,18.706557750701904,-0.0019390091,0.25386595726013184,3.583652596115473,223.68857003776992,3.1929495334625244,100,14.954926252365112
124.12416607768962,959.4612565040588,212.79342818928183,51,205.55924483489042,17.967597723007202,520000,0.02403092384338379,-3.0517577e-09,18.253597736358643,-0.0034159364,0.26196908950805664,3.592650196910884,226.16835366539948,3.191667318344116,100,14.49318528175354
124.6398621810946,977.8431391716003,214.24657022716084,52,206.42476609817342,18.093884229660034,530000,0.02499842643737793,9.155274e-09,18.368883848190308,-0.0010279663,0.24900197982788086,3.335019562295,222.12844504357787,3.116149425506592,100,14.697109460830688
125.53153366503824,996.1087200641632,216.32362111750237,53,203.52829763497334,17.964722156524658,540000,0.020920515060424805,-6.1035155e-09,18.252582788467407,-0.00202937,0.2669401168823242,3.5999622236443587,223.67158205896774,3.099830150604248,100,14.592058897018433
126.07373636320776,1014.6479423046112,217.76497545017605,54,206.38315732593242,18.230223417282104,550000,0.02700042724609375,6.1035155e-09,18.526222705841064,-0.000629483,0.2670001983642578,3.4121998264589863,224.7235824273335,3.167323112487793,100,14.793273448944092
126.41040456418105,1032.7167475223541,218.4519847500821,55,208.99923282204503,17.789806604385376,560000,0.020998239517211914,-6.866455e-09,18.055803060531616,0.0026413738,0.24499821662902832,3.3354198707102953,225.974399684152,3.122603416442871,100,14.412797927856445
126.29635191913972,1050.995802640915,218.51441354255311,56,205.08099499051912,17.97105598449707,570000,0.024999618530273438,-6.4849854e-09,18.266056299209595,-0.0022325492,0.270000696182251,3.6932869230372387,225.9671669640739,3.1192209720611572,100,14.584753513336182
126.97704115348326,1069.2073216438293,219.92146174907717,57,212.33082438142685,17.918042182922363,580000,0.025965213775634766,6.1035155e-09,18.19852066040039,-0.00229953,0.2535126209259033,3.185139663538261,226.99095091431963,3.200218915939331,100,14.474252462387085
127.29289757619472,1087.1392271518707,220.67161930564922,58,212.0595719229754,17.65293574333191,590000,0.01896977424621582,-2.4017334e-06,17.91790461540222,-0.0033294738,0.24599909782409668,3.201411998235007,227.06990315020684,3.095235586166382,100,14.306658267974854
127.48368536095711,1105.001095533371,221.3191266416518,59,213.41112728588934,17.58038306236267,600000,0.01896810531616211,1.2207031e-08,17.84886884689331,-0.0027579712,0.248518705368042,2.9642875974861957,229.35663293107785,3.0034337043762207,100,14.309908151626587
127.49296035974497,1122.9945049285889,221.07493516853106,60,212.5400135048757,17.714361667633057,610000,0.022999048233032227,6.1035155e-09,17.98040747642517,-0.0037812225,0.24204707145690918,2.906827197207561,227.51954061087596,3.023688793182373,100,14.361420392990112
127.77270203553951,1140.7462921142578,221.81682987531386,61,212.7376492480701,17.471296548843384,620000,0.02296924591064453,-4.577637e-09,17.738786935806274,-0.0013177482,0.24352145195007324,2.994255696769925,228.0979733647155,2.9711968898773193,100,14.226281881332397
127.88849533343009,1158.6287875175476,222.05077240295066,62,209.63912027488382,17.604978799819946,630000,0.02103734016418457,-4.577637e-09,17.869495391845703,-0.0013456527,0.24347925186157227,3.5351263968352002,230.6770054315313,3.030136823654175,100,14.317939519882202
128.37940341796318,1176.4897229671478,223.30475905347032,63,215.47857641136403,17.56493639945984,640000,0.018999338150024414,4.577637e-09,17.846935033798218,-0.0024607957,0.2629992961883545,3.48562737963814,233.5972825220361,3.0950679779052734,100,14.216582536697388
128.50784317478158,1194.4480865001678,223.60870819872292,64,212.1437694462734,17.670337915420532,650000,0.021996736526489258,-3.0517577e-09,17.943363666534424,-0.001972679,0.25102901458740234,3.7873205131000414,232.67422723490017,3.0479531288146973,100,14.336256504058838
128.37392095813698,1212.4101374149323,223.35776303738226,65,213.89492174911632,17.677090406417847,660000,0.02395772933959961,4.577637e-09,17.949050426483154,0.00052565616,0.24700164794921875,3.742165260369956,233.06290856871897,3.0494284629821777,100,14.350255489349365
128.66289243046606,1230.2745685577393,223.95905947056687,66,201.4918583071343,17.582432985305786,670000,0.024997472763061523,1.2207031e-08,17.851431369781494,6.4872744e-05,0.24400091171264648,4.977263371050648,234.75650966635732,3.0484724044799805,100,14.262528657913208
128.70734471795194,1248.5511956214905,224.44203944379387,67,192.56162276741733,17.985665559768677,680000,0.018996477127075195,-1.2207031e-08,18.26362681388855,-0.0037963684,0.25896477699279785,5.5280620269553955,243.43195594675717,3.096510410308838,100,14.620734930038452
129.23472983284535,1266.6907393932343,224.98819326773457,68,211.1113594906827,17.855572938919067,690000,0.01897430419921875,-1.525879e-08,18.126547813415527,-0.0043150657,0.2520005702972412,4.308567494159359,236.06105068382183,3.076489210128784,100,14.517148494720459
129.83181167820322,1284.8072867393494,226.3985857262726,69,211.30419584082864,17.839580297470093,700000,0.019998788833618164,2.2888185e-09,18.1025493144989,-0.0028732957,0.24199843406677246,5.126568444598141,244.15304351750632,3.0353055000305176,100,14.532057762145996
129.61368661566664,1302.658812046051,226.11229414512854,70,188.27010267171224,17.56652545928955,710000,0.019998788833618164,0.00571174,17.837525844573975,0.0013199829,0.25100159645080566,8.359660272208563,249.58269170428576,2.99196457862854,100,14.30379033088684
128.65598500338797,1321.0176713466644,225.0617408210388,71,158.15498967349654,18.071892738342285,720000,0.024970054626464844,-6.1035155e-09,18.345860958099365,0.0033637206,0.24899816513061523,14.426177155224655,247.28733782142717,3.0955355167388916,100,14.667850971221924
130.00064532320437,1338.860318183899,227.49355659846276,72,192.4417927493016,17.56513261795044,730000,0.021000385284423828,6.1035155e-09,17.82864785194397,-0.002993927,0.24251484870910645,7.974848929259765,249.2240188914981,3.0259127616882324,100,14.258062601089478
130.27203970343865,1357.149331331253,227.8799998413775,73,209.27329136248704,18.00905966758728,740000,0.020955562591552734,6.1035155e-09,18.276013374328613,-0.0005618652,0.24599814414978027,5.795194336911417,241.7717368392317,3.079885721206665,100,14.677114486694336
130.95582501591028,1375.2336049079895,229.1296591085807,74,214.96257499294944,17.78727388381958,750000,0.021999597549438477,-6.1035155e-09,18.07127285003662,-0.0025194946,0.2609994411468506,6.429423061906458,253.55899675189727,3.0772674083709717,100,14.439667463302612
131.58034697179377,1392.9771313667297,230.814771287207,75,192.48644806200056,17.466013193130493,760000,0.021999835968017578,-6.1035155e-09,17.72952628135681,-0.003668506,0.24151325225830078,8.281684108368141,251.51848356775633,3.019557476043701,100,14.188326358795166
130.958703307745,1411.433869600296,229.61718062890824,76,182.09334890833694,18.152737617492676,770000,0.027095317840576172,0.0030330566,18.443737030029297,-0.0029262635,0.2639040946960449,12.619854048120656,250.81075465107403,3.069892644882202,100,14.804791688919067
131.52310833570164,1429.6123087406158,230.74935906159772,77,177.82488653874705,17.890440702438354,780000,0.02399921417236328,2.2888185e-09,18.164439916610718,-0.0020025535,0.24900007247924805,14.918552940732477,256.8142882336041,3.086611270904541,100,14.518400430679321
132.38055975488683,1448.5253510475159,232.6101534487048,78,195.2995904666235,18.622042417526245,790000,0.020001649856567383,6.1035155e-09,18.90004253387451,-0.0003756012,0.2579984664916992,10.684132164044877,259.5038911442075,3.2399275302886963,100,15.08576512336731
133.0272146114735,1466.5153992176056,233.7045955664878,79,182.30601029999863,17.70508074760437,800000,0.01797032356262207,-1.9073487e-09,17.977049589157104,0.0015292374,0.25299954414367676,12.560047458074942,255.24060462070065,3.0803422927856445,100,14.36387324333191
132.81069471485088,1484.508570432663,232.9138078423968,80,160.5362638976345,17.700641870498657,810000,0.023999452590942383,-3.051758e-08,17.98017120361328,0.00417594,0.25552988052368164,12.312121123646065,260.4482045894157,2.953073024749756,100,14.48993182182312
133.44358407342338,1502.5689134597778,234.03659259377153,81,209.49343368035477,17.779345512390137,820000,0.018066883087158203,-6.1035155e-09,18.046343564987183,-0.00228508,0.2489311695098877,10.305228777838483,260.3935817231212,2.9915151596069336,100,14.514108657836914
133.55975405639754,1520.6625533103943,234.04381749170742,82,203.4537272511073,17.812129974365234,830000,0.021999120712280273,-9.155274e-09,18.080639600753784,-0.0029928193,0.24651050567626953,10.361754767069694,265.78773832684965,2.9812135696411133,100,14.511006355285645
135.90336617834126,1538.5349788665771,239.54125656722275,83,206.93888824225914,17.58945918083191,840000,0.01896810531616211,-3.0517577e-09,17.859426736831665,-0.004461676,0.2500004768371582,11.06441212773623,262.4353452013625,2.989590883255005,100,14.33768343925476
136.1509239346767,1556.3453929424286,240.6432193722369,84,189.82081604975198,17.515382766723633,850000,0.024999141693115234,-5.340576e-09,17.796414136886597,0.0007294975,0.25603222846984863,11.907790704630624,265.817573127208,2.991340160369873,100,14.259091854095459
136.519137284284,1574.1791570186615,241.5172322435762,85,153.66492909294507,17.536766052246094,860000,0.024998903274536133,-7.629395e-09,17.805763721466064,-0.00018833771,0.24300074577331543,14.524676307688557,259.95218541767963,2.98638653755188,100,14.285290479660034
136.2341413174411,1592.2858414649963,240.88592972449445,86,212.71251255376515,17.831688165664673,870000,0.017996788024902344,-6.1035155e-09,18.093685388565063,0.020433508,0.24400043487548828,11.155803499645012,260.2457730433712,2.9875640869140625,100,14.597764253616333
136.77226094956862,1610.1716952323914,240.98507145700555,87,215.2321087044505,17.579857110977173,880000,0.025000572204589844,1.525879e-08,17.872853994369507,0.0005855263,0.2669968605041504,10.17025457638184,259.8850615242882,2.956822395324707,100,14.376450538635254
136.38839399841328,1628.2479486465454,240.87909630499456,88,212.12765582783894,17.787253618240356,890000,0.021998167037963867,-1.5258789e-09,18.063254594802856,0.021839382,0.25099849700927734,10.549450651713904,262.17692945630534,3.028557062149048,100,14.50314974784851
132.45520104321096,1646.0505216121674,233.7118890950399,89,189.78880858990746,17.522515296936035,900000,0.025997638702392578,1.8310548e-08,17.78957176208496,0.014052551,0.2410588264465332,18.436577711946242,262.1308881200775,3.0448789596557617,100,14.236569881439209
132.89527378315327,1664.052015542984,233.8744685484662,90,171.75452371469413,17.710553884506226,910000,0.026000022888183594,0.039388057,17.988553762435913,0.031499144,0.25099682807922363,19.42389375279293,260.81044880423536,2.9866690635681152,100,14.462876081466675
136.598398153024,1682.0726907253265,241.08760041130972,91,209.5592507246899,17.74767565727234,920000,0.017998218536376953,-7.6293943e-10,18.007676124572754,0.0067858435,0.24200224876403809,10.911817636255535,268.93800897589284,3.036562919616699,100,14.46871829032898
137.4030665719781,1700.045706987381,242.94249286264835,92,207.88268994502297,17.6905255317688,930000,0.02549147605895996,1.2207031e-08,17.960017204284668,0.0031218017,0.24400019645690918,11.451509182153906,261.34491109154396,3.0054612159729004,100,14.426151514053345
137.43857843819822,1718.050045490265,242.82845051916195,93,213.5285269373151,17.727829694747925,940000,0.02309584617614746,-1.8310548e-08,17.991339683532715,-0.00197959,0.23941421508789062,10.08409532454624,264.911078980138,3.0020270347595215,100,14.409257173538208
138.82069175189187,1736.0070943832397,245.7758982861191,94,200.91222050513892,17.67802929878235,950000,0.017999887466430664,-1.5258789e-09,17.944049835205078,0.0015297104,0.24602055549621582,10.61219423139948,261.8046877554632,2.952359437942505,100,14.494897603988647
138.18334573600703,1753.822322845459,244.28642612776576,95,214.57669548082788,17.516231060028076,960000,0.02599620819091797,1.2207031e-08,17.802226305007935,-0.002848761,0.2589998245239258,10.252742508753625,262.83297734677836,3.036262273788452,100,14.210047960281372
139.78147998176365,1771.673231124878,248.1808007312744,96,216.75945890509922,17.572898626327515,970000,0.01700735092163086,0.003267743,17.837907552719116,-0.003188623,0.24599885940551758,10.369659269216722,262.33505173370287,3.0378129482269287,100,14.291487455368042
139.7446448118169,1789.704861164093,248.3837958055648,97,218.6825215297911,17.753634214401245,980000,0.017995595932006836,4.577637e-09,18.017630100250244,-0.0027413848,0.2460002899169922,10.11013371113063,263.8509187456741,2.9567716121673584,100,14.548351287841797
141.15607447525952,1807.3192853927612,251.08185512839086,98,226.31547218484158,17.328911542892456,990000,0.023995637893676758,-1.2207031e-08,17.601423978805542,-0.0040001716,0.24751663208007812,7.852115934971572,267.2507850383682,2.9697983264923096,100,14.093618392944336
141.50216157576716,1825.1253609657288,251.77214975818126,99,212.4191189099851,17.523067712783813,1000000,0.01800537109375,-0.000723468,17.792073726654053,-0.0033436646,0.25100064277648926,10.235617626293507,268.37190341557016,2.969541549682617,100,14.279327392578125
141.75388759984475,1843.0485582351685,252.25208422498233,100,222.42015806132952,17.643229961395264,1010000,0.019967317581176758,-1.5258789e-09,17.910197019577026,-0.0025799293,0.2460014820098877,8.440511445122903,265.02841905189945,2.968186140060425,100,14.43422794342041
141.71798977288873,1861.2244486808777,252.28725387379134,101,231.27186434837776,17.891926765441895,1020000,0.017960548400878906,-9.918213e-09,18.162890195846558,-0.002172077,0.2530028820037842,8.660573785003102,269.8940686061704,3.041511297225952,100,14.585458993911743
143.0964179832266,1879.2470066547394,255.2483317420053,102,234.93546020934102,17.727600574493408,1030000,0.025960445404052734,-2.2888185e-09,18.009560108184814,-0.004584266,0.2559990882873535,7.208559923452268,268.9444073999661,2.9873294830322266,100,14.48246717453003
143.26333190721564,1897.2495667934418,255.53066056524025,103,217.4741892644771,17.716047286987305,1040000,0.018000364303588867,7.041626e-05,17.988558769226074,-0.0018605957,0.25451111793518066,9.010928063377534,269.0818810913705,3.02347469329834,100,14.429370164871216
143.59906206347853,1915.4031636714935,256.60902868338366,104,227.69059833476436,17.846085786819458,1050000,0.017998218536376953,-9.155274e-09,18.140597105026245,-0.002385173,0.27651309967041016,7.544935151928594,269.15016561205044,3.010896682739258,100,14.54800271987915
144.17366944837124,1933.2867460250854,257.7020000422641,105,232.1442753758694,17.59058690071106,1060000,0.024996519088745117,2.2888185e-09,17.870582580566406,0.0012652111,0.2539997100830078,7.392002224929452,270.37691258970176,3.0264968872070312,100,14.309496402740479
144.69256717101106,1951.476857662201,259.01274894313667,106,230.1383486064057,17.89711308479309,1070000,0.0189971923828125,3.0517577e-09,18.177112579345703,0.0027678162,0.2590007781982422,8.587017603172832,270.3914144493107,3.0017640590667725,100,14.603890895843506
143.3980328808535,1969.4007239341736,256.18279426795067,107,193.02990012834542,17.625906467437744,1080000,0.017964601516723633,6.1035155e-09,17.910868406295776,-7.5323485e-05,0.26599740982055664,11.041125515155091,269.1904463322515,2.9722821712493896,100,14.373104810714722
144.5059962584038,1987.5682156085968,258.45287892276883,108,231.9850202895269,17.863572120666504,1090000,0.01799774169921875,-1.2207031e-08,18.153491497039795,0.012245712,0.27192163467407227,6.772205748182083,271.71538534111187,2.9917759895324707,100,14.622061729431152
143.79844508328114,2005.4022285938263,256.2739347497798,109,231.71062851684079,17.518013954162598,1100000,0.02099895477294922,2.670288e-09,17.820016384124756,0.005126378,0.281003475189209,8.827124033626761,270.6373593985503,2.943298816680908,100,14.306504487991333
144.53741598689192,2023.6480672359467,258.54887528211674,110,227.61174558668085,17.943875074386597,1110000,0.01799941062927246,-3.8146974e-09,18.23284125328064,0.0009611748,0.2709667682647705,8.349655339542515,275.4541429609932,3.068958282470703,100,14.616758584976196
144.89434198654612,2041.5932130813599,259.0904062841275,111,223.29642680189056,17.647101879119873,1120000,0.017968177795410156,2.670288e-09,17.93214464187622,0.0007410784,0.26604461669921875,8.271752480210749,273.13677766631463,3.017986297607422,100,14.365041732788086
145.13394903247465,2059.6406569480896,259.43338878037537,112,221.79895304258258,17.741928339004517,1130000,0.02499985694885254,-1.525879e-08,18.034443616867065,-0.0031450195,0.26551294326782227,9.283009289529264,271.3784018258473,3.00164532661438,100,14.486276388168335
145.40850254388542,2077.7527391910553,260.019985550537,113,210.91142522529873,17.810073852539062,1140000,0.024013280868530273,6.1035155e-09,18.099082708358765,-0.0023905425,0.2629971504211426,8.841947282120485,274.0646985153261,2.997659921646118,100,14.534520149230957
145.80181903445532,2095.9505620002747,260.82617194472425,114,215.9572154328929,17.889859676361084,1150000,0.024997949600219727,-3.0517577e-09,18.184824228286743,-0.0038523606,0.26799988746643066,8.965708532517056,271.9516647474786,3.013023853302002,100,14.58121109008789
145.5450607164152,2114.278100013733,260.5893891554909,115,219.45170003132316,18.001577138900757,1160000,0.024962902069091797,-1.1920929e-09,18.31453800201416,-0.003356535,0.2870011329650879,8.834009636864506,274.62907627759046,3.0496370792388916,100,14.625588178634644
146.22472785871892,2132.7478342056274,261.9106317113905,116,220.06161435168255,18.166869163513184,1170000,0.026865720748901367,1.8119812e-09,18.45573592185974,-0.0025675418,0.25999951362609863,7.296320683657044,274.7478516114348,3.1121926307678223,100,14.776920318603516
146.38659888079897,2150.954027891159,262.1346049876242,117,236.77196547791678,17.91222333908081,1180000,0.023000717163085938,0.0012635803,18.193193435668945,-0.00204747,0.2569692134857178,7.626125351257897,275.8963821695314,3.0325441360473633,100,14.573188066482544
146.58837231303315,2169.3450033664703,262.65733169153407,118,243.24600738386053,18.088977098464966,1190000,0.026999950408935547,-1.5258789e-09,18.37697458267212,0.012714018,0.2609975337982178,6.979494761247987,274.8183506617631,3.0233049392700195,100,14.799489736557007
145.72743012239968,2187.5391793251038,260.6255934850305,119,219.91091215665486,17.85611343383789,1200000,0.02599954605102539,-1.2207031e-08,18.180174589157104,0.0031394898,0.2980616092681885,9.337636393203601,273.6569894139579,3.0435757637023926,100,14.538374900817871
146.91107246348258,2206.355049133301,263.33433642178915,120,246.77767834680458,18.511873722076416,1210000,0.026999950408935547,-1.525879e-08,18.80087184906006,0.0021858634,0.26199817657470703,5.600249547583196,273.1332739402229,3.0576584339141846,100,15.155014991760254
146.43435284185887,2224.9343614578247,262.397639997582,121,220.41573745146596,18.266802072525024,1220000,0.02399921417236328,-3.0517577e-09,18.565309524536133,0.0071503785,0.2725105285644531,8.679655056219865,274.3402499629781,3.0935184955596924,100,14.874588251113892
146.7500302370823,2243.869528770447,263.70206578815504,122,222.22663846850608,18.64216923713684,1230000,0.021972179412841797,1.373291e-08,18.922167539596558,0.002938556,0.2570009231567383,8.164015979009145,275.8046767686628,3.1738948822021484,100,15.210912227630615
146.52199162026452,2262.01816034317,262.59474294800094,123,217.5373143367863,17.853633165359497,1240000,0.018997669219970703,-6.1035155e-09,18.135631799697876,0.0028326232,0.26200103759765625,9.49675329769391,275.87247156795456,2.9934756755828857,100,14.602628707885742
147.324716313867,2280.073844909668,264.5210533667719,124,237.26204175746383,17.761160135269165,1250000,0.02300119400024414,6.1035155e-09,18.04268717765808,0.00074447633,0.25752806663513184,6.898178769493156,276.7346973128147,2.9856483936309814,100,14.494520425796509
146.88179072345523,2297.972480773926,263.1713126139795,125,232.2179035739658,17.598639488220215,1260000,0.019998788833618164,-3.0517577e-09,17.884637355804443,0.000115223695,0.2650008201599121,8.537751034108412,274.98205522407284,3.0062716007232666,100,14.335776567459106
147.09518440157206,2315.9808514118195,263.98357261953106,126,234.03371207343565,17.72085928916931,1270000,0.018998384475708008,-7.2956086e-09,17.995373010635376,0.0034217406,0.2545125484466553,7.4770728644704505,276.77978096939404,3.0811574459075928,100,14.305980443954468
147.68937390987878,2333.8182697296143,264.8939242490344,127,241.28508707869054,17.534449338912964,1280000,0.024970054626464844,-6.1035155e-09,17.82441806793213,0.009087863,0.2649986743927002,7.330284418262688,276.90853040008966,2.9800143241882324,100,14.279000282287598
147.32366237947554,2351.767258167267,264.8276240561128,128,235.35168211328886,17.65299105644226,1290000,0.02000117301940918,3.0517577e-09,17.935988664627075,0.0033256959,0.26199769973754883,8.850391898788756,277.02876755942475,3.060048818588257,100,14.319484233856201
147.4100328552391,2369.5584433078766,264.7733263933896,129,232.03415475667677,17.499189853668213,1300000,0.017035245895385742,-3.0517577e-09,17.778186082839966,0.0036320586,0.26099610328674316,8.002057682362747,278.6367700469892,3.0085177421569824,100,14.231591939926147
146.17853854817642,2387.290918111801,261.7907664011607,130,234.54490856060934,17.43747591972351,1310000,0.019999980926513672,0.0056364015,17.71947479248047,0.0042186645,0.26199889183044434,9.75686130919313,276.9043034609049,2.9758641719818115,100,14.202452421188354
147.18501764503574,2405.0301988124847,263.90140789876455,131,223.70338339795416,17.437283754348755,1320000,0.024999380111694336,-9.155274e-09,17.72628116607666,0.012101855,0.2629966735839844,10.98664946276853,276.71833956020646,2.9518487453460693,100,14.220036745071411
147.1986333927569,2422.531094312668,264.48010113430877,132,237.80330085441068,17.198886156082153,1330000,0.022998571395874023,-6.1035155e-09,17.48689556121826,0.011125665,0.2640113830566406,8.683545135656109,276.0429893250871,2.9268863201141357,100,14.0153329372406
146.38179572569155,2440.2895426750183,261.9477708237845,133,234.8848527244657,17.445934057235718,1340000,0.026001691818237305,-6.1035155e-09,17.744449853897095,-0.0019261871,0.27251410484313965,7.713392599244572,275.0888590003433,2.9479446411132812,100,14.240382194519043
147.04334230452153,2458.2952535152435,263.46336211642733,134,235.67460684395485,17.710713148117065,1350000,0.018998146057128906,1.1444092e-08,17.99170970916748,-0.005961481,0.26199841499328613,7.977745227743059,275.46742365878004,2.9767234325408936,100,14.445594787597656
148.136187990362,2476.0722703933716,266.2279815213808,135,239.74890105743927,17.44601798057556,1360000,0.018998146057128906,-1.2207031e-08,17.76401662826538,0.0027927796,0.29900050163269043,6.020458624003238,274.8060556005947,2.98673152923584,100,14.192704677581787
147.23866112648184,2494.029097557068,264.87740572714023,136,230.8718045895579,17.656723737716675,1370000,0.022998809814453125,1.1444092e-08,17.941826820373535,-0.00056748197,0.2621042728424072,8.270143192197423,276.2672132945983,2.9371066093444824,100,14.447704076766968
147.88076152330595,2511.670300245285,265.84445992690763,137,231.82606185948612,17.341678857803345,1380000,0.021996021270751953,1.2207031e-08,17.628201007843018,-0.0047375974,0.26352643966674805,7.413769010925616,276.01194493229866,2.9628684520721436,100,14.053701639175415
148.3100868551824,2530.0280668735504,266.76946877469413,138,241.11773820237772,18.068768739700317,1390000,0.01799798011779785,6.1035155e-09,18.344764947891235,-0.002501233,0.2579982280731201,6.131871343425013,276.72336141286354,3.1558849811553955,100,14.624662637710571
148.98457536961956,2548.6378993988037,268.1102082713632,139,241.15879920525882,18.27383255958557,1400000,0.02599930763244629,-3.0517577e-09,18.596832513809204,-0.0027579833,0.2949998378753662,5.994015259839276,277.273342865301,3.0981056690216064,100,14.897974014282227
149.06021944178113,2567.568749189377,268.51328673244336,140,239.0525103757423,18.63585090637207,1410000,0.017996788024902344,9.155274e-09,18.916849374771118,-0.003705771,0.2630016803741455,6.490841485481421,277.4553444469299,3.1954379081726074,100,15.134885787963867
147.89799754814607,2585.483086824417,265.8221923233026,141,216.33053578097028,17.619340896606445,1420000,0.01900029182434082,-0.002724749,17.90033984184265,-0.0040475205,0.26099658012390137,10.089703852534175,277.9261165079873,2.9984147548675537,100,14.324148893356323
148.79048086955748,2604.095512866974,267.60743881023944,142,230.73698457796124,18.306913375854492,1430000,0.025997161865234375,-4.577637e-09,18.597426414489746,-0.002644319,0.26451587677001953,6.937747574098596,277.3027779845525,3.1573610305786133,100,14.869861602783203
149.8091509719555,2621.6882519721985,269.8215535238949,143,253.9905176614404,17.2941575050354,1440000,0.024996280670166016,-3.0517577e-09,17.578667640686035,0.0112641025,0.25951385498046875,5.171302867822106,278.3748796115719,2.9579296112060547,100,14.063774824142456
147.8882687544144,2639.924464225769,265.1157672060446,144,225.39779238101906,17.938575506210327,1450000,0.023003101348876953,-6.1035155e-09,18.223214864730835,0.0018315674,0.25963568687438965,8.615892646542715,277.3128407836421,3.0023486614227295,100,14.646657466888428
148.97971259151151,2657.9025716781616,267.7899376779658,145,223.13470850462167,17.686606884002686,1460000,0.024998188018798828,0.0045787003,17.96510624885559,-0.0013034607,0.2525017261505127,9.780600054352039,280.5466740914902,3.0007095336914062,100,14.403412342071533
149.26226756844642,2676.0833547115326,268.602331039503,146,227.84618508379825,17.88025975227356,1470000,0.024998188018798828,-1.2207031e-08,18.167779207229614,-0.00057206117,0.2615211009979248,7.381454044023537,277.8652580702944,3.0498411655426025,100,14.543396711349487
150.1346347146604,2694.00896525383,270.4816610226833,147,249.4631909853889,17.628612518310547,1480000,0.01799917221069336,-3.0517577e-09,17.912610292434692,0.0046499968,0.26599860191345215,5.243746474739805,279.02200928869536,2.9778552055358887,100,14.373223543167114
149.2437652845907,2712.0908465385437,268.5907435850652,148,237.6191961496321,17.759883880615234,1490000,0.024997472763061523,1.0299683e-08,18.068881273269653,-0.0014526928,0.28299951553344727,8.035393615708744,278.8182499489839,3.0239787101745605,100,14.391649007797241
149.96817000637037,2730.051727294922,270.3315907289789,149,242.95201164200344,17.668882608413696,1500000,0.017996549606323242,2.4414062e-08,17.94788098335266,0.00020529785,0.2590010166168213,6.497211073223269,280.50943274312743,2.983961582183838,100,14.402428388595581
150.22417441958166,2748.0535411834717,270.81302853631837,150,244.64767984200077,17.703343629837036,1510000,0.018992900848388672,-9.155274e-09,17.98881483078003,-0.0013063385,0.26550841331481934,5.533577802492748,277.7121933198385,3.073089599609375,100,14.3735933303833
149.95922353841715,2765.983792066574,270.41297450103156,151,240.19363048421178,17.636253595352173,1520000,0.017998933792114258,6.1035155e-09,17.916250705718994,-0.003208136,0.26199817657470703,5.7467818981666925,279.22817772806224,3.0368447303771973,100,14.346734046936035
149.9761754366279,2784.2159309387207,270.47050294907416,152,242.99399555229104,17.909096717834473,1530000,0.026999235153198242,-2.2888185e-09,18.219138145446777,-0.0032345864,0.28304219245910645,6.550083609499439,280.07161007957427,3.1170828342437744,100,14.513317584991455
149.8966894116595,2803.981504917145,270.41262200263697,153,236.68480270331872,19.42757821083069,1540000,0.023996591567993164,1.8310548e-08,19.74757409095764,-0.0025790466,0.2930006980895996,8.206875898017751,280.2603901494899,3.3292431831359863,100,15.773591041564941
150.6689462690647,2822.610695362091,271.7423698350204,154,259.27619958905757,18.32514452934265,1550000,0.023000001907348633,-1.525879e-08,18.61219048500061,-0.0025631103,0.2630460262298584,4.56289953634086,280.1873336693037,3.1746137142181396,100,14.849238157272339
150.64568682099664,2840.5951285362244,272.0484728085714,155,237.61158737696977,17.679920196533203,1560000,0.026001930236816406,6.1035155e-09,17.971434593200684,-0.0004289093,0.26551246643066406,6.445130678294407,281.34544732904413,2.9993889331817627,100,14.40739631652832
151.04760700343297,2858.7827003002167,272.4493016182416,156,247.00534324836278,17.891576766967773,1570000,0.02007317543029785,-3.0517577e-09,18.174572229385376,0.0036227845,0.2629222869873047,5.288317271962554,280.90200088639284,3.0797574520111084,100,14.538410663604736
150.4987955999597,2876.4262115955353,270.90961270099996,157,229.08220253063473,17.349021196365356,1580000,0.02096700668334961,2.4414062e-08,17.630511045455933,-0.0013502259,0.2595198154449463,7.716679925921406,278.8025979358848,2.986266613006592,100,14.111831426620483
150.86502584328343,2895.0639243125916,272.1733224238804,158,249.580856988931,18.323716402053833,1590000,0.029029369354248047,-1.2207031e-08,18.624714136123657,-0.00069611205,0.26996922492980957,5.729038220487482,280.36410962442443,3.162835121154785,100,14.902502059936523
151.23470236013245,2912.9857547283173,272.91282930342777,159,244.18459573783483,17.617830753326416,1600000,0.01999974250793457,-3.0517577e-09,17.907829999923706,-0.00057023315,0.26999950408935547,5.381138195822632,281.1722274229124,2.9906294345855713,100,14.30471920967102
151.21347226702272,2931.228056192398,273.31129263264813,160,248.67668041925612,17.914304971694946,1610000,0.027029037475585938,-6.1035155e-09,18.221302032470703,0.0065699555,0.27899622917175293,5.349983870924671,282.0897453946003,3.1109328269958496,100,14.524821519851685
151.17852809322866,2949.159962415695,272.66640604122665,161,251.95794533802086,17.63639211654663,1620000,0.02351212501525879,9.155274e-09,17.918904542922974,-0.0009766372,0.259000301361084,5.565734196866949,280.7299336508671,2.9389307498931885,100,14.432928800582886
150.96794187126446,2967.5773866176605,272.7299448864979,162,241.976942701042,18.128425359725952,1630000,0.019999980926513672,-1.2207031e-08,18.404425144195557,-0.0011631653,0.2559998035430908,6.065504592124918,279.6726241141832,3.0961661338806152,100,14.750489711761475
151.36146831922372,2985.2968373298645,273.2357177825703,163,258.00236511209886,17.427451133728027,1640000,0.02100062370300293,6.1035155e-09,17.706450700759888,-0.0011095642,0.2579989433288574,4.958010172238593,281.65762534827326,2.96152925491333,100,14.206244707107544
150.77388242531487,3003.2439954280853,272.19159362097287,164,230.796453590832,17.654590845108032,1650000,0.02302837371826172,1.2207031e-08,17.93410086631775,0.007232245,0.2564816474914551,6.667709805393007,281.68695031149906,2.977754592895508,100,14.40003490447998
150.90524234995928,3021.01411318779,271.976775830817,165,252.51801112473117,17.471120834350586,1660000,0.02099776268005371,6.1035155e-09,17.75811791419983,0.012827844,0.2649991512298584,5.2262258715473635,279.86837939251836,2.9548704624176025,100,14.240513324737549
151.03756083591395,3038.6935756206512,272.5440375043431,166,231.1798773775162,17.381491661071777,1670000,0.02396702766418457,1.5258789e-09,17.66546082496643,0.005659423,0.26000213623046875,6.898853253934958,281.76408779789557,2.9455695152282715,100,14.168240785598755
150.79113297111232,3056.5428714752197,271.4868688071026,167,240.29440824177922,17.535298585891724,1680000,0.023997068405151367,0.029311683,17.8362979888916,0.021138908,0.2760000228881836,7.084085984195778,279.5649375586972,2.9801881313323975,100,14.283809661865234
150.57624497781697,3074.8658657073975,271.8822838096606,168,244.08325648986147,18.02499771118164,1690000,0.02399921417236328,6.67572e-10,18.30999517440796,0.00056591874,0.2609982490539551,5.47617499402325,280.1320658214646,3.033839702606201,100,14.70558476448059
150.82407274925492,3092.61882686615,271.8329504003261,169,231.96227058318493,17.433961868286133,1700000,0.017968177795410156,1.5258789e-09,17.73996067047119,-0.0037082587,0.285001277923584,6.112344371815677,280.5174302801269,2.953523635864258,100,14.221157550811768
151.0242832259909,3110.6694779396057,272.011165533347,170,245.30260504556512,17.758578300476074,1710000,0.023998498916625977,2.4414062e-08,18.036648750305176,-0.0027612427,0.2540719509124756,5.63695045757967,280.6947871743758,3.029256820678711,100,14.421368837356567
150.4980674583035,3128.8888862133026,270.7256376951527,171,218.10398926041736,17.90811586380005,1720000,0.021965503692626953,3.0517577e-09,18.206481218338013,-0.0038120393,0.2733638286590576,8.420917417972603,280.89840655585743,3.0549724102020264,100,14.597752094268799
150.95066231432395,3148.0609097480774,272.0550119638934,172,241.537639857928,18.89002776145935,1730000,0.017996788024902344,6.1035155e-09,19.159024000167847,-0.002060199,0.25099945068359375,6.258935739719814,279.32687874744164,3.213512659072876,100,15.360461950302124
150.92412509911594,3165.6373584270477,271.89527880365443,173,256.0104960474125,17.286438941955566,1740000,0.023010730743408203,-9.155274e-09,17.563447952270508,0.0019292327,0.2539982795715332,5.047831508545655,279.8576370131699,2.9183173179626465,100,14.123247623443604
151.95177852918914,3183.078858613968,274.4320861087016,174,263.131970297503,17.16250252723694,1750000,0.018996477127075195,0.021661308,17.42849898338318,0.004419629,0.2460014820098877,3.501860765492156,280.7343876595087,2.886922597885132,100,13.99787974357605
151.49610164474345,3200.6717326641083,273.34961643104054,175,237.6652852891756,17.308876514434814,1760000,0.01799917221069336,-9.155274e-09,17.579874515533447,0.006214542,0.25299882888793945,5.974716054200962,280.57244276162413,2.915386915206909,100,14.117039918899536
151.78512307090486,3218.2608857154846,273.97120621587334,176,263.9743008438598,17.293181896209717,1770000,0.02696990966796875,0.003877234,17.576152086257935,0.003214691,0.256000280380249,3.552240367206215,279.97399881691086,2.9311697483062744,100,14.108325481414795
151.17615831428475,3235.7205266952515,272.12854442212273,177,241.24504319266057,17.17364263534546,1780000,0.021095991134643555,6.1035155e-09,17.446641445159912,-0.00021503906,0.250901460647583,7.484543402182105,281.5943536130495,2.8518149852752686,100,14.066155910491943
151.7599458247723,3253.219954967499,273.7406482336353,178,250.1414567124556,17.209428548812866,1790000,0.02500152587890625,0.0056313486,17.48642635345459,0.0019336747,0.25099611282348633,5.781361548561679,281.9013772208142,2.893038034439087,100,14.063679218292236
151.8501829786969,3270.8077161312103,274.2077282513342,179,252.47037590106459,17.285245895385742,1800000,0.024965524673461914,6.1035155e-09,17.57476019859314,0.0074190004,0.2635164260864258,5.720195679880514,282.8671028003492,2.964268922805786,100,14.055649995803833
151.4977973691935,3288.4202868938446,273.8019091635873,180,243.01358046273722,17.31768560409546,1810000,0.018887042999267578,6.1035155e-09,17.599573373794556,0.028382728,0.26199936866760254,6.0353916431917405,280.39162805767626,2.9125354290008545,100,14.092189073562622
151.97382259731745,3305.921247959137,274.14817228461,181,255.485109224873,17.20695447921753,1820000,0.01900768280029297,-3.0517577e-09,17.48796057701111,0.00022422486,0.2609984874725342,4.1797729328208835,279.6228288086357,2.9374306201934814,100,14.022669076919556
151.55287945390677,3323.5867562294006,273.33731698840774,182,203.46712979990974,17.354028940200806,1830000,0.025968313217163086,-4.577637e-09,17.651507139205933,0.0069560716,0.27150988578796387,8.4751426442053,280.9216884001481,2.9204440116882324,100,14.17403268814087
151.56210303027524,3341.0965523719788,273.30944700776405,183,239.40042301584438,17.197861433029175,1840000,0.024937152862548828,-4.577637e-09,17.495797395706177,0.005949164,0.2709975242614746,6.82263629613682,282.62888815937106,2.875997543334961,100,14.059234380722046
152.31503981463268,3358.5681624412537,275.0094338575272,184,257.80999714651364,17.17461085319519,1850000,0.02499842643737793,-3.0517577e-09,17.458609104156494,0.008074896,0.2589998245239258,4.698718378006827,281.85847974914236,2.8972036838531494,100,14.017777681350708
152.1662322456269,3376.164021730423,274.75505580775376,185,253.43124508166667,17.301862001419067,1860000,0.023029327392578125,1.2207031e-08,17.582858324050903,0.010735665,0.2579669952392578,5.029251070522005,281.4214605779588,2.9060871601104736,100,14.128658533096313
151.54252351970334,3393.7789857387543,273.16932236240785,186,245.1100811141671,17.29696559906006,1870000,0.02199721336364746,3.0517577e-09,17.601962566375732,0.00278078,0.2800004482269287,6.691214399324549,281.5690325072954,2.903263807296753,100,14.126503467559814
151.6178829329563,3411.5521252155304,273.51845155340243,187,251.41381600367646,17.48314142227173,1880000,0.01999974250793457,0.017381012,17.760138988494873,0.0083814515,0.25699782371520996,6.773026691084321,281.4359263464253,2.900453805923462,100,14.319977045059204
152.49131986787384,3429.083262681961,275.2411662504777,188,235.10330433316258,17.23314094543457,1890000,0.02599644660949707,0.020884568,17.518136978149414,0.008965832,0.2589995861053467,5.601016865404739,280.35135926483497,2.8584423065185547,100,14.083266258239746
151.63454067691188,3446.6838824748993,273.3826654786271,189,230.62697360135058,17.304621696472168,1900000,0.02499842643737793,7.6293943e-10,17.58761978149414,-0.0043165684,0.2579996585845947,7.114647022846575,281.19290650364644,2.974893093109131,100,14.069660186767578
151.78295300300942,3464.316234588623,274.1823300896138,190,256.99142249780175,17.346840143203735,1910000,0.017998695373535156,1.2207031e-08,17.618353366851807,0.0041390806,0.25351452827453613,5.266481194366802,280.8833032126803,2.96858286857605,100,14.121279954910278
151.89181368058507,3482.0852530002594,274.5891804819168,191,254.33998779200692,17.47702407836914,1920000,0.024999380111694336,-1.2207031e-08,17.75602078437805,7.084961e-05,0.2539973258972168,5.22823404153134,281.2674639863999,2.916651725769043,100,14.25510311126709
152.11958247041366,3499.643655061722,274.72559963995576,192,255.5329617871155,17.26089119911194,1930000,0.023998737335205078,-7.05719e-09,17.545400142669678,0.0015801908,0.25951123237609863,4.627689924967456,282.4895041458885,2.927316188812256,100,14.08061957359314
152.07824465552764,3517.20987701416,274.5627221050379,193,254.98568018179057,17.252154111862183,1940000,0.027999401092529297,3.0517577e-09,17.553224563598633,0.005277042,0.2730710506439209,4.82395782402827,282.3546839797714,2.9331090450286865,100,14.062093019485474
152.12071214408482,3534.8306987285614,274.86127462172914,194,236.71374208095625,17.321892976760864,1950000,0.021999597549438477,9.155274e-09,17.60689067840576,0.0045887535,0.262998104095459,7.033284283779376,281.50871378908596,2.9664669036865234,100,14.090053796768188
151.9665802308087,3552.641351699829,274.59702365407384,195,256.47627728883145,17.509655237197876,1960000,0.026000261306762695,-3.0517577e-09,17.796652793884277,-1.3366699e-06,0.26099729537963867,5.283649372494527,280.919639939499,2.9680685997009277,100,14.284303903579712
151.61105850152327,3570.707646369934,273.7897280750045,196,253.99914182748017,17.75629734992981,1970000,0.021996259689331055,9.155274e-09,18.052295923233032,-0.0016436188,0.2740023136138916,5.059861157336937,281.1821584751544,2.999988317489624,100,14.463847398757935
152.31828445493943,3591.3723368644714,275.1986001164542,197,246.18650817905,20.335174083709717,1980000,0.02402949333190918,-9.155274e-09,20.651691675186157,0.005175276,0.291487455368042,5.001618219632185,281.7381467900808,3.483241558074951,100,16.534611463546753
150.88260938302778,3611.7700493335724,271.464576502333,198,238.834291144969,20.084203004837036,1990000,0.02299976348876953,6.1035155e-09,20.380715370178223,-0.004001831,0.27251195907592773,8.333436935617009,280.802438663305,3.292668342590332,100,16.46843194961548
151.75325947628832,3631.850259542465,273.57267314252607,199,253.04260593235452,19.767210960388184,2000000,0.02199721336364746,0.012309299,20.06721019744873,-0.004329944,0.27700138092041016,6.251763674111864,281.61332589465945,3.136922836303711,100,16.342069625854492
152.60704299186318,3651.889138698578,275.7209996270131,200,259.1802696306505,19.701882123947144,2010000,0.02899456024169922,1.1539459e-08,20.024879217147827,-0.006109957,0.2940025329589844,4.1391398461970645,282.98559263843237,3.2332937717437744,100,16.159895420074463
152.44399259619848,3672.146544933319,275.2643931565791,201,225.93070937900436,19.94240641593933,2020000,0.026999235153198242,6.1035155e-09,20.24340796470642,-0.0018801423,0.2729973793029785,6.269487975136585,281.45194350489845,3.3261260986328125,100,16.307534217834473
152.23698498960835,3692.435455560684,274.92391740809836,202,251.69612722463972,19.969910621643066,2030000,0.021999120712280273,-4.577637e-09,20.275911331176758,-0.00051619415,0.283001184463501,4.872948135009856,281.3465754037747,3.2110421657562256,100,16.39644742012024
152.53191231192173,3712.288994073868,275.59974589747964,203,257.95643503124325,19.53354001045227,2040000,0.025998353958129883,0.011777716,19.83753991127014,-0.00093027344,0.2780015468597412,4.646448462771978,282.1208430922832,3.2073490619659424,100,16.032053470611572
152.72574296820147,3730.5178384780884,275.9268296076824,204,254.8631432598624,17.909807443618774,2050000,0.022998809814453125,-9.155274e-09,18.21284246444702,-0.0009032318,0.28003621101379395,3.817006179837989,281.2244760196812,3.0679686069488525,100,14.585945129394531
153.02337199939564,3748.5620679855347,276.76403834252227,205,267.96533806607056,17.746230125427246,2060000,0.02399730682373047,0.016013315,18.031229496002197,0.014509363,0.2610020637512207,3.2880557256987366,282.94773094760114,2.971642017364502,100,14.474677085876465
152.88241492214715,3766.753629922867,276.2768897671518,206,259.94830940791786,17.900564908981323,2070000,0.021999835968017578,4.577637e-09,18.178563833236694,-0.002163957,0.2559990882873535,3.9742166211866445,281.448723994216,2.9726576805114746,100,14.645896911621094
153.0526663758181,3784.4000198841095,276.76237952276864,207,264.70568163227097,17.352401971817017,2080000,0.021989822387695312,4.577637e-09,17.632391452789307,-0.0026325348,0.2579996585845947,3.507069616417394,282.0564623940719,2.899378776550293,100,14.18775725364685
152.7891034588522,3803.126727581024,276.3545758037271,208,253.43994953131957,18.41271209716797,2090000,0.022995948791503906,-2.746582e-08,18.71370840072632,0.003190509,0.27700066566467285,4.295414594034891,281.9443630976294,3.097346305847168,100,15.03326940536499
153.06354867282292,3821.255387544632,276.83305766650415,209,260.4952320383811,17.80366039276123,2100000,0.025997638702392578,6.1035155e-09,18.115660667419434,0.006198575,0.2850031852722168,3.5921649357345142,282.7878771934596,2.9931018352508545,100,14.552293539047241
152.58680612616402,3840.076604127884,275.1557071440949,210,248.62429458949742,18.50422215461731,2110000,0.018996477127075195,-1.3351441e-08,18.808218240737915,-0.0055966987,0.2849996089935303,5.990248456515864,281.8227186356517,3.181128740310669,100,15.03020453453064
153.13613599528063,3858.476865053177,276.7975387783318,211,252.43980292966614,18.09119749069214,2120000,0.023999691009521484,-9.155274e-09,18.38719606399536,0.005750238,0.2709977626800537,4.427894288350765,282.988691534553,3.110733985900879,100,14.696442127227783
152.72443392454664,3876.5417551994324,275.38989664928596,212,250.55622705694165,17.77540946006775,2130000,0.018967866897583008,-8.9645384e-09,18.0518901348114,0.0025178825,0.2565138339996338,5.365841286438839,281.9856476783099,3.0217814445495605,100,14.459043741226196
153.26522287144292,3894.389220714569,276.85540811255794,213,263.65777465718753,17.557979583740234,2140000,0.019968271255493164,-6.1035155e-09,17.833465337753296,0.003437146,0.25551748275756836,3.5435535727045364,283.1468657105014,2.9736711978912354,100,14.267661333084106
153.02024963865287,3912.562135696411,276.19894788884403,214,261.62416461035025,17.87340021133423,2150000,0.017999887466430664,-1.0681152e-08,18.15991449356079,0.0071775336,0.26851439476013184,4.009681114083249,281.86448206895784,2.9762609004974365,100,14.607719898223877
152.96599268784445,3930.776499271393,276.6695852302311,215,257.8307014649959,17.92487359046936,2160000,0.019971847534179688,3.0517577e-09,18.201366424560547,0.008338192,0.2555198669433594,4.461040514742569,282.4772689030677,3.076193332672119,100,14.585136413574219
153.0544684300062,3948.6628692150116,276.42837084818916,216,245.33629229598503,17.596405744552612,2170000,0.01796412467956543,-9.155274e-09,17.872369050979614,0.0060519776,0.2579991817474365,4.880544232936422,282.44132336647095,2.915637254714966,100,14.41436767578125
153.0848223796502,3966.560700893402,276.2471598778843,217,250.51757695219354,17.5963191986084,2180000,0.020969390869140625,4.577637e-09,17.88383173942566,0.004500584,0.26551127433776855,4.456296494975062,281.93528385968216,2.918562173843384,100,14.422922611236572
152.89239705850608,3984.508124113083,275.991762410499,218,261.4357506409357,17.635425090789795,2190000,0.026030302047729492,2.2888185e-09,17.934423685073853,0.0036526986,0.27196812629699707,4.194788933812048,282.3553259244722,3.013453483581543,100,14.37072205543518
152.82430638482444,4002.299851179123,275.74331562009434,219,263.45677527139,17.48569893836975,2200000,0.02498030662536621,-1.373291e-08,17.778726816177368,-0.0013124328,0.2660481929779053,3.935840294509285,283.15543132704613,2.895230770111084,100,14.325127363204956
152.89836953821882,4020.404459476471,275.98646781286925,220,251.7150626363891,17.80211353302002,2210000,0.025983095169067383,1.2207031e-08,18.09160804748535,0.002185022,0.26351141929626465,4.529925798432924,282.0935598670112,3.0560786724090576,100,14.473222732543945
152.68130074245394,4038.6445450782776,275.30519704753647,221,243.94707972765497,17.94906258583069,2220000,0.018996477127075195,-1.5258789e-09,18.227084398269653,-0.0021595962,0.25902533531188965,5.473755914625021,280.98436100960777,3.053556203842163,100,14.621652841567993
152.5830813222377,4056.2365353107452,274.73155001932946,222,256.54680704531813,17.286709547042847,2230000,0.02174830436706543,-6.1035155e-09,17.57899045944214,-0.00251045,0.27053260803222656,4.534018517727731,280.3498626168121,2.8430347442626953,100,14.163746118545532
153.38975885358062,4074.2734525203705,276.7867382586557,223,260.18533070850896,17.695395946502686,2240000,0.028000593185424805,-6.1035155e-09,18.023918390274048,0.0039031554,0.3005218505859375,3.060718860454574,280.86880969043904,2.9746344089508057,100,14.44473385810852
153.1649969295642,4092.2602870464325,276.24913459109723,224,244.04425481402532,17.693861961364746,2250000,0.01897573471069336,-1.2207031e-08,17.97283363342285,-0.001361316,0.25807690620422363,5.054230053808001,281.4943053685719,2.9600865840911865,100,14.393832683563232
153.18325740510977,4110.552118301392,276.44051956252383,225,256.9693040932369,18.00543975830078,2260000,0.017973899841308594,1.2207031e-08,18.27883291244507,-0.0023642823,0.25351381301879883,4.354768995240019,282.40738290246446,3.005718469619751,100,14.731942653656006
153.27085665136224,4128.209100484848,276.68888904378053,226,265.8923481194149,17.34591770172119,2270000,0.017999887466430664,-1.5258789e-09,17.643981218338013,-0.0032043792,0.2800636291503906,3.3314076436497277,282.1083046990209,2.8987975120544434,100,14.176827430725098
153.52295611656095,4146.3107743263245,277.1174254191376,227,258.275041199543,17.779771089553833,2280000,0.02696704864501953,-1.8310548e-08,18.087738513946533,-0.0037244933,0.2800004482269287,4.284143816545399,282.87293287540683,2.98557186126709,100,14.535873413085938
153.44819059295267,4164.182673931122,276.8672475098637,228,256.10585203453365,17.542903423309326,2290000,0.031000137329101562,-1.2207031e-08,17.85690140724182,-0.0034819245,0.2819976806640625,3.8727177556392713,281.81620821677194,2.964134693145752,100,14.312586784362793
153.93282051764848,4182.211305618286,277.91977532643847,229,268.0830948733023,17.735615491867065,2300000,0.022020578384399414,-7.6293943e-10,18.015632390975952,-0.003922055,0.2579963207244873,2.8535326668898833,282.819289253042,3.016655445098877,100,14.435708284378052
153.66626253978006,4200.453540325165,277.2521956318382,230,239.50469332388707,17.93223524093628,2310000,0.023998260498046875,2.746582e-08,18.229233741760254,0.009436566,0.2700021266937256,4.774734967005567,282.77656007560597,3.0746800899505615,100,14.59266471862793
153.36101472689236,4218.18686580658,276.6043942966863,231,263.49704480131254,17.43332815170288,2320000,0.021981239318847656,-1.8310548e-08,17.720325469970703,-0.0029477845,0.2630002498626709,3.4988527863992247,281.95913456979105,2.9440665245056152,100,14.227767705917358
153.59321367258175,4236.2431745529175,277.0607896572126,232,245.65404965426234,17.741309642791748,2330000,0.025000333786010742,2.4414062e-08,18.042308568954468,-0.001033844,0.27499985694885254,4.398633300744901,283.1291170019688,2.933830499649048,100,14.509556293487549
153.5643993442025,4255.137624263763,277.17741074433695,233,253.82612810116677,18.601462364196777,2340000,0.01898646354675293,1.2207031e-08,18.880449771881104,-0.0045803892,0.26000094413757324,4.734817903155286,282.4422213900656,3.1720476150512695,100,15.144249200820923
154.13156609446594,4273.29896235466,278.451399817004,234,263.9265316719255,17.860778331756592,2350000,0.020967960357666016,-0.00021942139,18.148338079452515,-0.00538089,0.26558494567871094,3.0858166593802983,283.37604219777984,3.0347681045532227,100,14.564255237579346
154.246398655453,4291.117227077484,278.4259427697225,235,261.87081253130157,17.517338037490845,2360000,0.023000478744506836,-1.2207031e-08,17.80533790588379,-0.0012437378,0.2629978656768799,2.9497766191877792,283.81935823533354,2.9412333965301514,100,14.268059730529785
154.3450585297743,4309.851382017136,278.8404700156294,236,265.9369698799267,18.446155548095703,2370000,0.017000198364257812,-9.155274e-09,18.721154928207397,0.00422012,0.2569277286529541,3.013458578978301,282.42462785200865,3.1662020683288574,100,14.986255168914795
153.52925757208956,4329.362253665924,277.0160629695755,237,230.5172106118526,19.218952178955078,2380000,0.020920753479003906,-1.8310548e-08,19.497798442840576,-0.0022301697,0.25699877738952637,6.411695575805116,282.9248613331909,3.204951047897339,100,15.707474946975708
153.95475525058427,4347.314262866974,278.1879548119708,238,252.34863942974627,17.661008596420288,2390000,0.01999974250793457,3.3569336e-08,17.939008712768555,0.000961264,0.25800037384033203,4.234301529541264,282.89418410173226,3.0361101627349854,100,14.36613416671753
154.08484194527406,4365.679602861404,278.322427162663,239,254.69218638137562,18.069852352142334,2400000,0.022976160049438477,1.5258789e-09,18.352339267730713,0.0016690857,0.25851869583129883,4.075625212986192,283.1853956781246,3.0508978366851807,100,14.760725498199463
153.7424021573049,4383.506042480469,277.37397970439474,240,221.47547252917505,17.522472143173218,2410000,0.025966882705688477,2.4414062e-08,17.81343936920166,0.0038332946,0.2650003433227539,6.358920536455058,283.2107202687494,2.8588199615478516,100,14.38492727279663
153.78869175413757,4401.363382577896,277.69088476600024,241,260.4236529827478,17.541805028915405,2420000,0.023991107940673828,-1.373291e-08,17.844340085983276,-0.0030601271,0.27854394912719727,3.5751296220103503,282.4523418983025,3.0135862827301025,100,14.25401520729065
154.37777381441995,4419.599534273148,278.85394842909284,242,270.6030674043596,17.93215250968933,2430000,0.01900029182434082,1.525879e-08,18.223151683807373,0.001788588,0.27199888229370117,2.5962831312631676,283.17170668249395,3.0021626949310303,100,14.660197734832764
154.22855466059247,4437.798584461212,278.48110551326033,243,266.83064036149005,17.898979663848877,2440000,0.019998788833618164,-8.201599e-09,18.184980392456055,0.006030416,0.26600193977355957,2.8537793112262726,283.48628034145725,2.953298330307007,100,14.666347026824951
153.87040239068403,4456.468955516815,277.8063597577419,244,252.15119447807587,18.37986993789673,2450000,0.019997835159301758,-1.2207031e-08,18.6568660736084,0.0073487977,0.25699830055236816,4.687355680923727,283.3794805842236,3.0881659984588623,100,15.014919996261597
154.22438471451372,4474.113287687302,278.62665118748134,245,260.5329396875578,17.339365243911743,2460000,0.018997669219970703,3.0517577e-09,17.631333589553833,-0.0015990615,0.2719690799713135,3.2159841854118496,283.0284335936397,2.9552204608917236,100,14.118382215499878
154.33641798611643,4492.208215475082,278.7604692291876,246,265.5341506575877,17.788020372390747,2470000,0.017878055572509766,-6.1035155e-09,18.082928895950317,0.0008817871,0.2760305404663086,2.519467536465566,283.34472457956394,2.965773344039917,100,14.523020267486572
154.16244418729434,4510.237227678299,278.2108352487188,247,268.19257570432995,17.694949626922607,2480000,0.022002696990966797,-3.8146972e-10,18.015012502670288,0.006921356,0.29606199264526367,2.8860158332145756,283.89656309516204,3.0640501976013184,100,14.364583730697632
154.02817965562002,4528.654211759567,278.0418667695126,248,264.3249857758037,18.097984552383423,2490000,0.0449986457824707,0.01298735,18.403982162475586,0.015704187,0.2609989643096924,3.319768984348392,282.62677641395237,3.061771869659424,100,14.749309778213501
153.905817640246,4547.024687290192,277.81427939831235,249,257.308220634722,18.055449724197388,2500000,0.02400064468383789,1.2207031e-08,18.35747504234314,0.0016065369,0.27802467346191406,3.977063270997334,283.17070324844565,2.9736554622650146,100,14.815205574035645
153.7114707138675,4565.420255184174,277.31381980226524,250,263.7341413858994,18.094569444656372,2510000,0.024929285049438477,-1.525879e-08,18.38156771659851,0.00427381,0.2609994411468506,3.7022518468179504,283.27059443843604,3.0810961723327637,100,14.743706941604614
153.4348232548999,4584.120209693909,276.79788186806104,251,252.8808242135225,18.354957342147827,2520000,0.026997804641723633,0.0055256346,18.686954975128174,0.0016864868,0.303999662399292,4.128760228808411,282.8911194904724,3.0383718013763428,100,15.023818254470825
154.27126051989788,4602.771462678909,278.5578245559931,252,268.7027950510637,18.345716953277588,2530000,0.02400040626525879,1.3160705e-08,18.638253927230835,0.0024640118,0.2675354480743408,2.7314891843318496,284.072451095216,3.1018614768981934,100,14.980452060699463
154.37175763891568,4621.5018627643585,278.6319439343445,253,268.00118873702985,18.35540270805359,2540000,0.021967172622680664,6.1035155e-09,18.70339822769165,0.0055460753,0.32202672958374023,2.3744478595992518,282.45045211501,3.1141443252563477,100,14.96604323387146
154.39153288287386,4640.250381946564,278.8022328251439,254,266.2197159303793,18.430988550186157,2550000,0.027997970581054688,2.746582e-08,18.733519554138184,0.00964917,0.27253270149230957,2.7752650626392357,283.6605523914689,3.0898306369781494,100,15.048282861709595
154.00614344112918,4658.801921129227,277.61295827323914,255,264.9638665260938,18.23353862762451,2560000,0.023000240325927734,6.1035155e-09,18.53753924369812,0.006787189,0.28100037574768066,3.5542352946372047,283.9289261474096,3.0659945011138916,100,14.883581161499023
154.5962473885591,4677.324414491653,279.1682922819316,256,267.4722381148508,18.22546935081482,2570000,0.024999380111694336,-6.1035155e-09,18.50949478149414,0.0031222657,0.25702810287475586,2.9962415202547676,284.3230754368613,3.1448981761932373,100,14.802852630615234
154.59902722809247,4695.2658433914185,279.41994934035654,257,262.8587868234483,17.65102243423462,2580000,0.018970251083374023,-3.2043456e-08,17.928428888320923,0.01631122,0.25743579864501953,2.749709359543841,283.0829322935916,3.0288515090942383,100,14.300694227218628
154.08923776183937,4713.584177732468,278.45037249868835,258,259.1475772355601,18.005367755889893,2590000,0.024969100952148438,3.0517577e-09,18.305335760116577,-0.0024799774,0.27499890327453613,3.602905255126064,283.8841595971537,3.102321147918701,100,14.639046907424927
154.3555119670941,4732.0634207725525,278.85311086944915,259,266.8175514341324,18.18124508857727,2600000,0.021998882293701172,-9.918213e-09,18.466243028640747,0.0013298098,0.2629990577697754,2.9665000417209173,283.55932498938574,3.042980194091797,100,14.87919020652771
154.1386540960188,4750.7410044670105,278.24597120283244,260,242.4444844745382,18.350614070892334,2610000,0.0239715576171875,-2.4414062e-08,18.664581537246704,0.00081206055,0.28899550437927246,4.769483562800884,284.0802919421554,3.1373069286346436,100,14.951233625411987
153.8685839683975,4769.021979093552,277.7363240066835,261,241.04387822841443,17.982484102249146,2620000,0.020004749298095703,4.577637e-09,18.26797366142273,-0.0018166809,0.2654848098754883,5.474973573539131,284.44161213934586,3.1692028045654297,100,14.535423994064331
154.73311928251454,4787.005836963654,279.75837772549914,262,274.27697576300784,17.670372486114502,2630000,0.017968416213989258,1.8310548e-08,17.97085666656494,0.002166748,0.28151488304138184,2.043623783623491,284.4732551406636,2.979156970977783,100,14.408397436141968
154.48405472667292,4805.093203306198,279.2445542729981,263,252.71736745280745,17.78739619255066,2640000,0.018970251083374023,-2.4414062e-08,18.073365926742554,-0.0025598938,0.2669994831085205,4.271456274488378,284.4435194108342,3.0773935317993164,100,14.434472799301147
154.60130207476868,4823.535434961319,279.4275294358602,264,255.82459865807323,18.146264791488647,2650000,0.017969608306884766,3.0517577e-09,18.429232120513916,-0.0012222534,0.2649977207183838,3.69333413213842,285.6642641074956,3.127854347229004,100,14.758985042572021
154.94445645941659,4842.43935918808,280.2058849243678,265,271.0817769403561,18.590924739837646,2660000,0.036002159118652344,1.2207031e-08,18.8899245262146,0.018603375,0.2629976272583008,2.719180747077486,284.89896061239693,3.177049398422241,100,15.129503726959229
154.82457084645003,4860.781786203384,279.92300612157993,266,269.7672774190845,18.037455320358276,2670000,0.024974822998046875,0.033857573,18.329426288604736,0.0029034058,0.26399660110473633,2.556119192829447,283.38095763679956,3.104435443878174,100,14.646254539489746
154.82428283371706,4879.441401958466,280.0302965876269,267,266.6661647052149,18.357619047164917,2680000,0.019995450973510742,3.0517577e-09,18.646615982055664,0.0031349487,0.26800084114074707,3.09009525494679,284.45083810642495,3.0971076488494873,100,14.952589273452759
154.84684178927037,4897.979503154755,280.0633514132648,268,267.5639791418104,18.210623025894165,2690000,0.022969961166381836,-1.8310548e-08,18.52510166168213,0.0023445373,0.29150867462158203,2.98174996730957,284.34794744282186,3.0569217205047607,100,14.813909530639648
155.0501141254607,4916.102991104126,280.4417829255205,269,268.3619054816753,17.828490018844604,2700000,0.023070812225341797,1.9073487e-09,18.11048936843872,0.002817163,0.2589285373687744,2.947630435951265,285.80129806644635,3.0634145736694336,100,14.49748420715332
154.71094141720152,4933.943633079529,279.5983409274682,270,253.36941901351864,17.541240692138672,2710000,0.02603006362915039,6.1035155e-09,17.82764196395874,-0.005006998,0.25837159156799316,4.097105563132257,284.6750471924123,2.979987621307373,100,14.290431261062622
155.32628340865796,4952.215395450592,280.95232506454573,271,271.77622948430496,17.95227813720703,2720000,0.019966840744018555,1.9073487e-09,18.258763313293457,0.008687827,0.2865183353424072,2.4983172678008754,284.7867454061877,3.110833168029785,100,14.558579444885254
154.9992325090626,4970.386089324951,280.19553350492413,272,267.10297225039676,17.879698753356934,2730000,0.02296924591064453,2.1362304e-08,18.156696319580078,0.0027409028,0.25299882888793945,3.0361807088064565,284.5933422417166,3.0426177978515625,100,14.558427333831787
155.28830004318547,4988.600386619568,281.2183196339771,273,274.0286041591586,17.908395290374756,2740000,0.02200007438659668,-2.5939942e-08,18.200296878814697,0.0050945207,0.2699015140533447,2.269107336240696,284.88885215875945,3.05775785446167,100,14.585391521453857
155.24209676188207,5006.6344928741455,280.87497954626735,274,242.87917986550133,17.7331383228302,2750000,0.018965721130371094,-4.196167e-09,18.02110505104065,0.0031378083,0.2690010070800781,4.404224578288964,285.34353619869023,3.030198812484741,100,14.430497646331787
155.1123867762584,5025.802402019501,280.8254406354147,275,268.8175541251978,18.87188744544983,2760000,0.02251267433166504,-6.1035155e-09,19.15490984916687,0.0072035524,0.260509729385376,2.94602717890417,286.23864179793526,3.2692782878875732,100,15.311043977737427
155.2578795593988,5043.402674436569,280.9740778626575,276,272.51593587105236,17.303311109542847,2770000,0.024963855743408203,9.155274e-09,17.58727264404297,-0.0019906068,0.25899767875671387,2.5884724587132295,286.0385410159342,2.995466947555542,100,14.062671899795532
155.38242998224968,5061.676867723465,281.42194986352666,277,276.5697789055241,17.96671223640442,2780000,0.028968095779418945,-1.525879e-08,18.26119303703308,-0.0006691101,0.26351141929626465,1.8024338669461777,285.91977275001676,3.0870399475097656,100,14.589720964431763
155.14189017423797,5079.812230348587,280.88157359132504,278,274.2162778771933,17.8563814163208,2790000,0.019982576370239258,6.1035155e-09,18.122361660003662,-0.00075026246,0.24599766731262207,2.6611502664358295,285.9661841962863,3.011125326156616,100,14.571250915527344
155.36443708671882,5097.978630304337,281.14126441393984,279,271.5401880064439,17.86690664291382,2800000,0.02296924591064453,3.051758e-08,18.153401374816895,-0.0018237549,0.26352548599243164,2.834269475353054,285.5506890687297,3.000218391418457,100,14.550448656082153
155.14311471826272,5115.952825784683,280.4976742032381,280,270.05717695017273,17.682196855545044,2810000,0.020003080368041992,1.2207031e-08,17.960196256637573,0.0010030868,0.25699663162231445,3.160762593728231,285.48785649817995,3.0423121452331543,100,14.352842807769775
155.4852076894519,5134.056005954742,281.351925680491,281,274.07987888008796,17.804211616516113,2820000,0.019047975540161133,0.027213648,18.089179039001465,0.015695874,0.26591944694519043,2.2565057616807542,285.7200936886002,3.0768673419952393,100,14.441149711608887
155.64160822484396,5152.056163549423,281.78368300391594,282,270.80769014292724,17.702640771865845,2830000,0.02648305892944336,1.2207031e-08,17.986156940460205,0.0044102417,0.257033109664917,2.804118995827851,285.53806299093407,3.0038576126098633,100,14.450922966003418
155.71968560477654,5170.142387866974,281.7704674265946,283,269.19239047008665,17.776186227798462,2840000,0.02096724510192871,-2.6702882e-08,18.072155714035034,0.0036208266,0.2740006446838379,2.572134585598216,285.8068061981907,2.984379768371582,100,14.546486854553223
155.70037006971359,5188.418629169464,282.0981612573614,284,270.44120274176487,17.963244438171387,2850000,0.026475906372070312,-1.373291e-08,18.262242078781128,0.0077958056,0.2725217342376709,2.8757900365180307,285.84092867583473,3.094882011413574,100,14.583061218261719
155.89452004236193,5206.467903614044,282.2572457291896,285,269.8656599673027,17.754236221313477,2860000,0.022999048233032227,3.0517577e-09,18.036274194717407,0.0014936859,0.2580387592315674,2.733644227218271,286.4942681081464,2.9586822986602783,100,14.514098644256592
155.6221101207474,5224.371663570404,281.6418315884775,286,272.79939763361915,17.59196138381958,2870000,0.027382612228393555,1.2207031e-08,17.890758991241455,0.010997437,0.27051258087158203,2.556915564756968,286.34788109474107,3.078951835632324,100,14.236498355865479
155.5809340986022,5242.28981924057,281.07728190928634,287,262.70548029011616,17.63015580177307,2880000,0.01996588706970215,-6.1035155e-09,17.905155420303345,0.0057676393,0.2550337314605713,3.7894069136686226,286.3300851212347,2.9995622634887695,100,14.355152130126953
155.88428265814238,5260.3130078315735,282.085407759774,288,273.96791764740294,17.70211958885193,2890000,0.02513718605041504,-4.577637e-09,18.01018762588501,0.016228944,0.282930850982666,2.2991642300602786,286.11215627326044,3.0587453842163086,100,14.385246753692627
155.73219411051966,5278.636166572571,281.74167460098573,289,261.59115118470567,17.993651628494263,2900000,0.02796769142150879,0.041880243,18.309157371520996,0.04007893,0.2875380516052246,3.2111446283425527,285.2302211918885,3.0604138374328613,100,14.670836210250854
155.67064406064986,5297.139320373535,281.3992091297086,290,271.15571127017915,18.17363929748535,2910000,0.02500176429748535,1.2207031e-08,18.489644289016724,0.039222483,0.2890329360961914,3.220692041808208,285.9597788547983,3.2089569568634033,100,14.643016576766968
156.1285671186428,5315.976867198944,282.6569307595155,291,271.34010997307655,18.53755283355713,2920000,0.019999265670776367,1.5258789e-09,18.82454776763916,0.011665903,0.2649962902069092,2.524119740867756,286.42392974503855,3.1891984939575195,100,15.032689094543457
155.80463241399895,5334.04795217514,282.2156403300381,292,270.0047367610318,17.768115758895874,2930000,0.023969411849975586,0.014391745,18.058085203170776,0.003848227,0.2649986743927002,3.419946718631057,286.91446548202373,2.9772915840148926,100,14.52939748764038
155.38145098294396,5352.0028302669525,281.58580767599494,293,259.73288870821955,17.64186453819275,2940000,0.024013280868530273,-2.0885468e-08,17.941876649856567,-0.002037141,0.2759988307952881,4.392495327793606,286.7090808197697,2.9779179096221924,100,14.379183769226074
155.46056101408433,5370.578030347824,281.84024056414694,294,270.08928032370034,18.272688388824463,2950000,0.022004127502441406,-6.1035155e-09,18.562198638916016,-0.0026737,0.26750612258911133,3.482577294760265,287.52371821556955,3.1567883491516113,100,14.821693658828735
156.31716910612286,5389.215677976608,283.2817420883588,295,276.934806618486,18.335651636123657,2960000,0.02200031280517578,-1.5258789e-09,18.623648643493652,-0.002163005,0.2649877071380615,2.0188236392947942,286.97524805953566,3.056687116622925,100,14.97853136062622
156.15523840237586,5407.215065717697,283.1016647986917,296,269.7897217334983,17.68895721435547,2970000,0.023848295211791992,9.155274e-09,17.986387729644775,-0.0029374633,0.2715110778808594,2.437457457413606,286.6663623607602,3.03167462348938,100,14.381168127059937
156.23868107549976,5425.140775442123,283.17432393120015,297,267.0782189180187,17.623649835586548,2980000,0.020000934600830078,-3.6621095e-08,17.91065001487732,-0.0013683625,0.2669992446899414,2.861210221943312,287.3100045260259,3.007638931274414,100,14.355295181274414
156.41091732733537,5443.781226634979,283.45307365081305,298,274.93181293080573,18.32945466041565,2990000,0.023039817810058594,4.577637e-09,18.626452207565308,-0.00019832306,0.2739577293395996,2.498412193268674,287.74168163193843,3.060879945755005,100,14.993796110153198
156.47959823586874,5462.717276334763,283.5474432653645,299,277.56705810991684,18.62091064453125,3000000,0.020616531372070312,-3.0517577e-09,18.923049688339233,-0.0021335206,0.28052449226379395,2.3949149445826143,287.566874360708,3.1675937175750732,100,15.170843124389648
