Time,Itr,train-AverageReturn,train-MinReturn,LossAfter,train-MaxReturn,ItrTime,train-StdReturn,LossBefore,train-AverageDiscountedReturn,n_timesteps,train-PolicyExecTime,Time-Optimization,Time-SampleProc,train-NumTrajs,Time-Sampling,train-EnvExecTime
19.649293184280396,0,76.58147029463336,-47.85144766007576,-0.19791403,188.1145687016113,19.649293184280396,59.29867503415282,1.2207031e-08,54.72562155082618,10000,15.764870166778564,0.35399961471557617,0.12998652458190918,100,19.16530704498291,3.1294028759002686
40.140225648880005,1,196.69736647329475,159.17048282436673,-0.032922488,211.8274471266616,20.473933935165405,9.044808887714177,-7.6293943e-10,116.11381503028673,20000,16.39397668838501,0.2910470962524414,0.025997161865234375,100,20.155887126922607,3.462456226348877
59.45930314064026,2,198.0346708831075,183.5688011247035,-0.11769314,205.12111812038668,19.304077625274658,4.465856118619463,7.629395e-09,117.64268867842362,30000,15.380850315093994,0.35700058937072754,0.03200054168701172,100,18.91307806968689,3.224729061126709
79.71390748023987,3,196.46858415216386,183.2015440272317,-0.04219864,205.7938611468189,20.231603860855103,4.96556467892739,0.011311981,114.86750721032638,40000,16.07930064201355,0.2759668827056885,0.02003002166748047,100,19.935606956481934,3.515415668487549
98.83750295639038,4,196.9631442715076,178.0404494402144,-0.0771886,203.6079454923095,19.11059546470642,4.463030814604792,-0.01549364,115.44161540732341,50000,15.311810970306396,0.26000046730041504,0.018999099731445312,100,18.830595016479492,3.234556198120117
117.38331651687622,5,197.49750444131587,194.99263201094612,-0.04207507,199.4329056198046,18.532814502716064,0.9732806397175604,1.525879e-08,116.79409926970285,60000,14.842907905578613,0.27599573135375977,0.022975921630859375,100,18.233842849731445,3.136810541152954
135.78798079490662,6,200.4722502073053,195.81180160753652,-0.14401992,203.8067740411466,18.3916654586792,1.654995504556127,-0.017055009,118.21646839425517,70000,14.629318714141846,0.2629973888397217,0.02097177505493164,100,18.10669708251953,3.152700901031494
154.53292655944824,7,200.74786523951133,196.19163452101452,-0.029658344,206.17144774286783,18.731945514678955,1.7987290494944503,-4.577637e-09,118.01444615236532,80000,14.9805428981781,0.268998384475708,0.021006345748901367,100,18.441940784454346,3.20121169090271
173.13244915008545,8,202.81329477195078,197.86195646311737,-0.06201341,207.18434785277253,18.5855233669281,1.9071462314073382,-3.0517577e-09,118.79409493005669,90000,14.850844860076904,0.26599884033203125,0.019001007080078125,100,18.299521684646606,3.196042537689209
192.06022715568542,9,206.88799273588586,200.58232552620476,-0.07793869,210.7820829880246,18.91377902030945,1.8674815578294695,-0.003668454,120.77127146614977,100000,15.156514167785645,0.259932279586792,0.022066593170166016,100,18.63178014755249,3.2040035724639893
210.49152088165283,10,204.18772228864955,197.00021883304944,-0.006125836,207.44462876163084,18.418292760849,1.8160202927461933,0.005340796,119.89483814855016,110000,14.69706392288208,0.26600003242492676,0.02399897575378418,100,18.12629246711731,3.137808322906494
229.16140413284302,11,204.6844061097253,198.5147492145059,-0.030051868,210.12307452736945,18.655883312225342,2.0479203309441925,2.670288e-09,120.11284192023399,120000,14.88458800315857,0.2780003547668457,0.024998903274536133,100,18.351884365081787,3.1890411376953125
249.20236802101135,12,204.44917661814594,194.03427438486077,-0.06273854,216.12988426014618,20.026963710784912,4.148593272035523,2.4414062e-08,119.89384171950728,130000,16.03465223312378,0.30699777603149414,0.0269775390625,100,19.690995454788208,3.3595690727233887
268.8242025375366,13,213.27315289889847,201.56081000927833,-0.13068743,230.85341707484292,19.606833457946777,5.049998983800073,1.8310548e-08,123.91489388557419,140000,15.670820236206055,0.28499865531921387,0.030998706817626953,100,19.290836095809937,3.31028151512146
287.7906677722931,14,211.0980078239765,189.74134204429706,-0.020056766,229.42666152353007,18.95246434211731,8.31431658937582,-9.155274e-09,122.87868379959724,150000,15.198018312454224,0.29615235328674316,0.029998779296875,100,18.625313997268677,3.1276776790618896
307.5681402683258,15,223.43381810185633,208.32295532086073,-0.039724123,229.76997595364097,19.760592222213745,4.157368313294717,-0.0028367555,128.00928434279294,160000,15.80953049659729,0.2720005512237549,0.02696704864501953,100,19.46162462234497,3.337125778198242
327.20417404174805,16,205.7217464041846,157.61145347863277,-0.13754013,229.3722197143583,19.622034072875977,12.385604043210513,4.9591065e-09,120.2857301500904,170000,15.832748413085938,0.29600000381469727,0.024985313415527344,100,19.301048755645752,3.1794230937957764
348.10103392601013,17,210.44569234553256,169.0961733787749,-0.07306855,223.75360711436156,20.88285994529724,9.359543554498622,-0.007919927,122.12869466357398,180000,16.785390615463257,0.26999807357788086,0.018967390060424805,100,20.593894481658936,3.4207730293273926
367.11043643951416,18,220.09964202226666,211.36414093345633,-0.000286483,227.32165159255757,18.996402263641357,3.4798068663157506,-1.4305115e-09,125.89940396507474,190000,15.21609354019165,0.26599740982055664,0.01800084114074707,100,18.71140170097351,3.2215917110443115
385.95923495292664,19,226.5192358575618,212.46524973752648,-0.019827584,231.2677443776265,18.834798336029053,2.9420722250062648,-1.2207031e-08,128.44952597434786,200000,15.202534198760986,0.26599812507629395,0.02496933937072754,100,18.54283046722412,3.0739777088165283
405.03170895576477,20,225.26686462122439,207.93942974655704,-0.040629823,233.32811345704243,19.058473110198975,5.874073605230728,-1.7929077e-08,127.7304591011137,210000,15.299008846282959,0.27300047874450684,0.021969079971313477,100,18.762474536895752,3.1873035430908203
424.22846007347107,21,225.68185019659683,212.264576919396,-0.011659059,233.7167899016426,19.18275213241577,4.68914468929371,6.1035155e-09,127.5026183133281,220000,15.447021245956421,0.276996374130249,0.026002168655395508,100,18.87875533103943,3.148832321166992
445.8684048652649,22,219.26599174391447,197.47594955400137,-0.059029173,233.53481715182394,21.625943422317505,6.238631687569806,-6.1035155e-09,123.72197625203891,230000,17.446089029312134,0.2839977741241455,0.025974273681640625,100,21.31597137451172,3.5413732528686523
467.34460616111755,23,230.68726164774597,219.98972493113078,-0.05063549,236.1891649770129,21.46320128440857,3.492697621479923,-1.2207031e-08,129.31837698383507,240000,17.2548987865448,0.28100013732910156,0.027995824813842773,100,21.153205394744873,3.554520845413208
486.0607361793518,24,215.4534116763984,200.259300429967,-0.04093608,230.0689562225935,18.70313024520874,5.228426445711025,-7.6293943e-10,123.09791641872685,250000,14.882421255111694,0.2819976806640625,0.024969816207885742,100,18.396162748336792,3.208803653717041
503.8746511936188,25,227.50893842860128,213.48139729878324,-0.0066548353,234.714539326056,17.799912929534912,4.258426403071803,-6.1035155e-09,128.4656057860603,260000,14.217964887619019,0.2539985179901123,0.017967939376831055,100,17.52694821357727,3.0464091300964355
522.2764272689819,26,186.5040546084204,59.6325127207808,-0.1191877,234.4104166200003,18.387776374816895,37.17385350853073,-3.0517577e-09,109.60942148587374,270000,14.701103210449219,0.3229963779449463,0.04199862480163574,100,18.021780252456665,3.04789137840271
540.5593781471252,27,209.7217498629781,155.1610648232637,-0.060773835,233.62783433848955,18.26595187187195,18.873183907697317,-1.2207031e-08,118.33231769084567,280000,14.7185378074646,0.2629988193511963,0.01999807357788086,100,17.98295497894287,2.9478960037231445
558.9163312911987,28,188.61712798720336,163.40932022850401,-0.39725807,224.04906042118333,18.342952728271484,14.262372878641642,1.1920929e-08,105.63273872488499,290000,14.78037166595459,0.26600027084350586,0.018965721130371094,100,18.057986736297607,3.0036392211914062
577.1212832927704,29,220.59173047326277,213.4271608689749,-0.056138597,227.20578074947198,18.19195294380188,2.6536533608209942,1.2207031e-08,123.80458356658215,300000,14.61504602432251,0.2589995861053467,0.01897454261779785,100,17.9129798412323,3.0292699337005615
594.6012377738953,30,217.44658502040573,208.36429473269789,-0.17704669,225.05358603852468,17.46595311164856,3.6609588874505117,1.8310548e-08,124.17740212138965,310000,14.086746454238892,0.2539980411529541,0.025974750518798828,100,17.185980319976807,2.832538604736328
612.229193687439,31,215.06284375906984,208.14883067047882,-0.02701786,222.2737619469465,17.61495590209961,3.1065823025344015,0.014785944,123.75355910781718,320000,14.196168184280396,0.2610020637512207,0.017966508865356445,100,17.333959579467773,2.9071741104125977
629.9211461544037,32,205.497774213745,197.25978446317197,0.012157666,213.1571274463821,17.678953409194946,2.8702734498349844,0.006725549,120.17431991640268,330000,14.203685998916626,0.25299954414367676,0.018973588943481445,100,17.40595579147339,2.9520812034606934
647.6861000061035,33,200.90196528070317,190.2779607442292,-0.19775131,208.95631231799652,17.750953912734985,4.393512308088938,6.1035155e-09,118.27741542275169,340000,14.266008853912354,0.260998010635376,0.020987749099731445,100,17.468968152999878,2.9280920028686523
665.461053609848,34,208.7348570798227,199.6069646043803,-0.024598755,217.14127450379218,17.760953664779663,3.2614413588839026,-0.008585199,121.5061272365066,350000,14.299306869506836,0.27300071716308594,0.02499675750732422,100,17.461957454681396,2.912203550338745
682.9630079269409,35,208.24414973014652,203.602327783562,-0.06386055,213.86699565528215,17.488954305648804,2.139624853237957,-6.1035155e-09,121.08209179132056,360000,14.095032215118408,0.2579989433288574,0.020998001098632812,100,17.209957361221313,2.834350347518921
700.6879622936249,36,206.84759058930754,202.6471596045896,-0.0153685305,211.82519426930287,17.711955070495605,1.8272405745349107,-6.1035155e-09,120.2561467705511,370000,14.246769666671753,0.26599717140197754,0.01797962188720703,100,17.426977157592773,2.9286632537841797
718.4759194850922,37,207.9232485939451,204.78802211643895,-0.024302177,211.1121135427441,17.774955987930298,1.5514777722639221,-0.010236924,120.79209919975821,380000,14.277403831481934,0.25499868392944336,0.017001628875732422,100,17.501956701278687,2.95538067817688
736.1408751010895,38,213.77577091970446,209.48925691757557,-0.02560269,218.0004915428786,17.651955604553223,1.8109862543856303,-1.8310548e-08,123.26176919000235,390000,14.142978429794312,0.2649991512298584,0.025999784469604492,100,17.35995650291443,2.916799306869507
756.059739112854,39,215.04952653307984,210.4957048284458,-0.022643665,220.270756343091,19.90486454963684,1.8460736384242569,3.0517577e-09,123.81488302496798,400000,15.846467971801758,0.30100560188293457,0.0239717960357666,100,19.57988715171814,3.4598593711853027
774.4707245826721,40,215.84863231397736,209.70845810683772,-0.030809863,222.35335574327596,18.397992372512817,2.690843153239473,-6.1035155e-09,124.389156087044,410000,14.738753318786621,0.25699734687805176,0.019001245498657227,100,18.1209933757782,3.1215767860412598
793.1217179298401,41,219.18357127603767,210.66775048197073,-0.017473774,228.5874355328277,18.635993242263794,3.073005500949458,-6.1035155e-09,125.92324287792675,420000,14.893434047698975,0.26999902725219727,0.034957170486450195,100,18.32999324798584,3.1631851196289062
811.7527098655701,42,223.925969357284,210.5513704121732,-0.015299455,231.6996780365252,18.617992639541626,3.4171001474667033,-0.00768305,128.15712473997863,430000,14.88739013671875,0.2649993896484375,0.020974159240722656,100,18.330018758773804,3.1772401332855225
829.780702829361,43,221.8467875784811,208.25494658868877,-0.007184729,227.2677629001481,18.014991521835327,3.762245211326356,0.00070305174,127.24458810485795,440000,14.501126289367676,0.27499842643737793,0.025996685028076172,100,17.711997747421265,2.932903528213501
847.5206437110901,44,220.4694041117944,207.9434762824407,-0.012026038,226.85804677449414,17.725940465927124,3.302552929029288,1.2207031e-08,126.58419332862351,450000,14.286838293075562,0.25499963760375977,0.0189974308013916,100,17.451943397521973,2.917545795440674
865.379894733429,45,217.86997503555358,205.24276554812747,-0.005409314,225.90417744011788,17.845197200775146,4.153241615765449,1.525879e-08,125.47323136518291,460000,14.370550394058228,0.2559981346130371,0.01796889305114746,100,17.571230173110962,2.9309589862823486
884.6431963443756,46,217.89002091352563,204.8474584732791,-0.09179995,225.09139227115216,19.2503023147583,4.756216478484891,-1.8310548e-08,125.46592566422544,470000,15.28275752067566,0.2870001792907715,0.026973247528076172,100,18.935272455215454,3.342057943344116
903.0048432350159,47,220.31068885632433,202.46338209725744,-0.06795581,228.34611233003176,18.34864354133606,5.04447637728216,1.5258789e-09,126.53315755746789,480000,14.697673320770264,0.2890009880065918,0.03399848937988281,100,18.02464509010315,3.059798002243042
921.5384380817413,48,222.53758182541267,207.96632542432513,-0.041999023,231.1909503172047,18.52059555053711,4.884139353792978,0.007116626,127.5313950925232,490000,14.858363389968872,0.2579987049102783,0.01997065544128418,100,18.242626190185547,3.113443374633789
939.2815749645233,49,215.36790155442748,208.08289503667748,-0.05161165,222.153036518855,17.730135440826416,2.904361678192423,2.2888185e-09,124.3371672052707,500000,14.14252781867981,0.25600218772888184,0.016999006271362305,100,17.45517086982727,3.0004353523254395
957.0903427600861,50,215.4774692945438,209.5027020639733,0.006452545,221.78747939102774,17.795769929885864,2.876165920541,1.8310548e-08,124.16773783448878,510000,14.342090129852295,0.2559030055999756,0.020065784454345703,100,17.517777919769287,2.919598340988159
974.8100256919861,51,213.1532977457912,204.55042806300054,-0.021305664,223.12481782233462,17.70568299293518,3.885956620063756,8.010864e-09,123.20697898069646,520000,14.2063627243042,0.2559993267059326,0.024998188018798828,100,17.424624919891357,2.9465696811676025
992.5716361999512,52,215.35865646061058,203.63128361774434,-0.10115035,226.64991276510986,17.748610258102417,4.577880041297841,6.1035155e-09,124.25526761724645,530000,14.234048128128052,0.25499987602233887,0.023998737335205078,100,17.467617511749268,2.9657580852508545
1010.1531646251678,53,218.9385808270024,162.65996237070797,-0.1187813,227.13560887965372,17.567528247833252,10.982238050249228,-7.6293943e-10,125.80809818959105,540000,14.05617880821228,0.25300073623657227,0.01899862289428711,100,17.295528888702393,2.9895803928375244
1027.9225313663483,54,215.10421062186808,155.1911043513533,-0.07335159,226.82724170556912,17.756367921829224,10.232673240803406,9.155274e-09,124.17182143710133,550000,14.242267847061157,0.2599680423736572,0.02299952507019043,100,17.473400354385376,2.9706625938415527
1046.0686769485474,55,225.63712811033488,216.99480580564472,-0.02873392,230.586920981248,18.133145093917847,2.408314978366372,-9.155274e-09,128.41413808551468,560000,14.547817707061768,0.26551055908203125,0.01850605010986328,100,17.84812879562378,3.0380752086639404
1064.3227434158325,56,223.6682825666929,208.3622630740449,-0.032615922,232.90271866150212,18.241066694259644,5.572229512447039,9.155274e-09,126.84646695304913,570000,14.60974383354187,0.26851892471313477,0.02199697494506836,100,17.949549913406372,3.065415382385254
1082.4356911182404,57,222.30836209650425,198.89202047950857,-0.14973015,231.14863050234342,18.099945783615112,5.8771806457923,-2.1743775e-08,125.2298787534098,580000,14.413981437683105,0.2900047302246094,0.01999521255493164,100,17.7889461517334,3.1178464889526367
1100.4924001693726,58,218.85700234277476,207.50296561119737,-0.0022896621,225.6201001753271,18.04371428489685,3.597470914687486,1.8310548e-08,122.23735261473757,590000,14.393320322036743,0.2520003318786621,0.023997068405151367,100,17.766717672348022,3.10962176322937
1118.5607872009277,59,216.2936947683912,188.87090428068126,-0.22144426,223.70591205530044,18.055384635925293,4.91968852883512,-0.009555449,121.03630129867574,600000,14.479490756988525,0.2550015449523926,0.01899862289428711,100,17.781384468078613,3.053982973098755
1136.3724327087402,60,222.03348758558687,110.70485957728602,-0.11232256,229.55268570787425,17.797645568847656,14.853092383907445,4.119873e-08,125.05389442538997,610000,14.228216409683228,0.257000207901001,0.024996519088745117,100,17.51464819908142,2.9735121726989746
1154.42058467865,61,225.79228009121024,218.4045335203864,-0.05861969,230.01347738479095,18.03515076637268,2.2521741299852946,1.525879e-08,127.05958405509124,620000,14.515203952789307,0.25951290130615234,0.025996685028076172,100,17.748641967773438,2.943375587463379
1172.8128759860992,62,225.12507238327956,218.8571739147622,-0.15060894,231.0065838138156,18.379291772842407,2.642575957365139,-1.0681152e-08,126.69636154576217,630000,14.785262823104858,0.2475123405456543,0.024950742721557617,100,18.10582995414734,3.0450432300567627
1190.524426460266,63,221.51521863312976,207.44870812618748,-0.03662493,229.83706996701767,17.698550701141357,3.2216032866292337,1.2207031e-08,125.02877432074291,640000,14.179978847503662,0.25300073623657227,0.018996477127075195,100,17.425551414489746,2.9707891941070557
1208.4479541778564,64,220.1540053504351,202.99257113835094,-0.12379373,227.64877854885947,17.91052770614624,4.086745653669407,6.1035155e-09,124.01627478666974,650000,14.36890196800232,0.255507230758667,0.021001815795898438,100,17.633018493652344,3.000105142593384
1226.17444896698,65,217.1082488215003,211.27934473575058,-0.027861364,223.92388843851026,17.71349596977234,2.837185236885587,-6.866455e-09,122.10137236170368,660000,14.157273292541504,0.2599983215332031,0.018968582153320312,100,17.43266773223877,3.0208451747894287
1244.3883681297302,66,217.61579347557017,213.4884176236442,-0.034669977,222.68572225937814,18.20091962814331,2.1208844720546502,3.0517577e-09,122.46477153655496,670000,14.524763107299805,0.2620081901550293,0.024817943572998047,100,17.914093494415283,3.1317811012268066
1262.3132095336914,67,220.0690397614802,213.9516534493823,-0.07112882,225.1553533542449,17.911842823028564,2.2185607823937743,-1.2207031e-08,123.35324926986374,680000,14.377366542816162,0.2670004367828369,0.025963306427001953,100,17.618879079818726,2.9792683124542236
1280.418304681778,68,223.10452658408755,218.75103926956223,-0.24805762,227.84507898533366,18.089094638824463,1.8419492163991977,6.1035155e-09,124.93575797340462,690000,14.478495121002197,0.26199936866760254,0.02699899673461914,100,17.80009627342224,3.0459513664245605
1298.645718574524,69,219.83084558217953,176.6838777923337,-0.07504507,230.29013881525364,18.21341562271118,9.044084204555961,6.1035155e-09,124.00026780713213,700000,14.571593761444092,0.27100110054016113,0.026998281478881836,100,17.91541624069214,3.0572309494018555
1316.5180234909058,70,175.65947927312703,127.19976658653641,-0.2126219,224.40230886714824,17.858307361602783,23.44670754525282,-0.0017802032,104.91547249334559,710000,14.297050714492798,0.2605154514312744,0.01800084114074707,100,17.57879137992859,3.0134260654449463
1334.326135635376,71,212.19828658831963,133.33641475530536,-0.24898182,228.87907027673907,17.794111013412476,21.848727882220054,-6.1035155e-09,120.21981758266018,720000,14.216464757919312,0.25699925422668457,0.01999950408935547,100,17.51611304283142,3.0041072368621826
1352.1455373764038,72,201.790274947282,190.53902631885742,-0.83319783,218.41395448378643,17.805402040481567,7.091373997284639,1.1134148e-08,115.36721411301173,730000,14.249740600585938,0.2900354862213135,0.023968219757080078,100,17.491398334503174,2.9906904697418213
1370.0445144176483,73,188.23898689353533,182.87414572842314,-0.14023447,194.22655511342955,17.8859760761261,1.9137938474494398,-3.0517577e-09,109.06751149936008,740000,14.302006483078003,0.25951313972473145,0.025967836380004883,100,17.600495100021362,3.0364890098571777
1387.8852980136871,74,177.95867900160158,141.0665267258964,-0.05718675,188.90990659144035,17.82778286933899,6.874639631618313,1.2207031e-08,104.47085439356417,750000,14.294936418533325,0.2550010681152344,0.023997068405151367,100,17.548784732818604,2.984419584274292
1405.8418765068054,75,133.43316148763913,31.356796136218207,-0.091843784,189.44648964033047,17.942578554153442,58.173937381221705,-1.8310548e-08,81.9051768812854,760000,14.389984846115112,0.2720372676849365,0.025995969772338867,100,17.643544912338257,2.9794416427612305
1423.8559715747833,76,168.1195857749647,155.4549875495163,-0.14758682,176.37607326073285,18.000094413757324,4.4275522349995295,6.1035155e-09,101.66172096648057,770000,14.346419334411621,0.2529945373535156,0.021095991134643555,100,17.723003149032593,3.113394021987915
1441.873629808426,77,184.48253700495064,176.7612168225464,-0.033272084,200.27303348885619,18.00465679168701,3.806605133618006,-2.4414062e-08,107.34963617773023,780000,14.36657190322876,0.2669987678527832,0.024000167846679688,100,17.71365785598755,3.0833358764648438
1459.7133536338806,78,211.50783717944782,174.5894443001528,-0.03696548,221.83788096790397,17.826722860336304,8.32376481245538,1.2207031e-08,117.58308652428681,790000,14.269378662109375,0.25600242614746094,0.02399730682373047,100,17.546723127365112,3.0079119205474854
1477.5557498931885,79,208.67852098269807,192.9925193838407,-0.052410755,226.16611729139308,17.829398155212402,9.721693640269867,6.1035155e-09,116.46811139768343,800000,14.284476518630981,0.25751376152038574,0.019998550415039062,100,17.551885843276978,3.0032947063446045
1495.0296022891998,80,217.6171654260122,207.9063985418869,-0.030386593,223.85263793073622,17.460848808288574,2.5075325868582103,-2.1743775e-08,120.85887625772803,810000,13.922044515609741,0.2579994201660156,0.023996829986572266,100,17.178852558135986,2.9788973331451416
1512.7938323020935,81,217.1215033562682,207.916925678579,-0.44098756,224.34504363787616,17.751229763031006,2.9284807437212117,-1.2207031e-08,121.2016499872875,820000,14.178664922714233,0.2609684467315674,0.027029752731323242,100,17.463231563568115,3.0144946575164795
1530.4871225357056,82,219.88007330437028,215.15204520188388,-0.08489279,224.8324976570443,17.680291175842285,2.118369841721231,3.0517577e-09,123.07144075886076,830000,14.11813497543335,0.26000022888183594,0.02281808853149414,100,17.396471977233887,2.9659829139709473
1548.3661975860596,83,214.89093419418703,201.10035917960147,-0.009135134,233.1431373074066,17.86507534980774,4.518762255817441,-1.3065338e-08,121.73016858957143,840000,14.323866128921509,0.2559976577758789,0.01996922492980957,100,17.588109493255615,2.9999477863311768
1565.814031124115,84,218.74028677970853,195.1032777996995,-0.03609461,229.34845002690426,17.434831142425537,4.844499883136527,1.2207031e-08,123.7156647683367,850000,13.967522621154785,0.2560698986053467,0.022997140884399414,100,17.15576410293579,2.9284865856170654
1583.5118730068207,85,215.5903557449311,179.1566238750327,-0.07398402,229.53989389729566,17.684911489486694,10.70675343722919,3.051758e-08,122.40372329497917,860000,14.133300542831421,0.25800013542175293,0.02199721336364746,100,17.403913021087646,2.9847159385681152
1601.0873992443085,86,217.99070180540556,208.80142951958842,-0.07521879,224.59866049258022,17.56252694129944,2.98383012676003,1.9073486e-08,123.45097379865592,870000,14.082936763763428,0.26397061347961426,0.018029451370239258,100,17.27852511405945,2.932591199874878
1618.6467537879944,87,225.29856119200656,217.5653987227476,-0.117029324,231.1783223311614,17.5463547706604,3.0034186068779163,9.155274e-09,127.3872309109646,880000,14.062814474105835,0.2609992027282715,0.021999597549438477,100,17.26335597038269,2.94811749458313
1636.186593055725,88,222.95813439644257,215.8750620060013,-0.0027094116,229.40474333653108,17.526840209960938,3.1618221036394654,1.0681152e-08,126.31036260526622,890000,13.992761135101318,0.26299548149108887,0.018997907638549805,100,17.243844270706177,2.9609649181365967
1653.857060432434,89,225.93740085952228,221.25517883663954,0.006853186,229.7825021823979,17.65746545791626,1.662900670802452,-1.8310548e-08,127.34182898720536,900000,14.187270164489746,0.2519986629486084,0.020520448684692383,100,17.38303518295288,2.9366326332092285
1671.573924779892,90,226.00780800343534,219.5512887908255,-0.02749933,229.34320288036812,17.70386505126953,1.9101794475802076,1.5258789e-09,127.2244923576372,910000,14.171598434448242,0.2591099739074707,0.018977880477905273,100,17.424758672714233,2.971722364425659
1689.3089184761047,91,225.1679170408974,218.94682189312303,-0.023455761,229.84500096968785,17.7210750579834,2.223613112978463,-0.0005138794,126.87172586029516,920000,14.204480409622192,0.2579970359802246,0.01996588706970215,100,17.44311213493347,2.968548536300659
1707.1531541347504,92,226.74631716181457,220.28890633899192,-0.03685018,230.50217222843236,17.831233739852905,1.907047834151602,3.0517577e-09,127.73305619591164,930000,14.298192501068115,0.2610447406768799,0.022968530654907227,100,17.545212268829346,2.99491024017334
1724.9036345481873,93,226.11621396431525,209.95607298790887,-0.026825521,229.84064719339017,17.737478733062744,2.3649254331011775,3.051758e-08,127.73358400817285,940000,14.181014776229858,0.25500011444091797,0.02099776268005371,100,17.45948052406311,2.9894213676452637
1742.6770367622375,94,226.52460576918583,216.58558418867366,-0.07391134,230.47190503584721,17.760401010513306,2.255718631092974,-9.155274e-09,128.1486102400804,950000,14.199176549911499,0.2910003662109375,0.03399658203125,100,17.435404062271118,2.9536538124084473
1760.6660900115967,95,209.0131427682726,203.61413482547454,-0.08426983,213.23767997576402,17.976051568984985,1.820154467287505,2.1362304e-08,120.7787216138361,960000,14.400192260742188,0.2475113868713379,0.018998146057128906,100,17.708542823791504,3.043233871459961
1778.7483775615692,96,206.83811301330041,203.21030477012155,-0.018791042,209.50949361394007,18.069287300109863,1.321486239837236,-1.1444092e-08,119.9343672728518,970000,14.439547300338745,0.2685408592224121,0.01799750328063965,100,17.781748294830322,3.064410448074341
1796.450852394104,97,209.1118284517063,202.9193711382987,-0.102344684,217.0835503858772,17.69047737121582,2.598068467116326,-1.8310548e-08,120.98485774362511,980000,14.19889783859253,0.26800084114074707,0.02499842643737793,100,17.396477460861206,2.9272754192352295
1814.935879945755,98,225.23037280665153,220.74617859387848,-0.0031908432,228.09286654022125,18.47194766998291,1.5612849990038964,-1.8310548e-08,127.79256870742816,990000,14.790840148925781,0.25499987602233887,0.020967960357666016,100,18.195059299468994,3.1129415035247803
1834.0575556755066,99,223.3798378438439,219.55008632454667,-0.032269984,227.59193443896316,19.106672286987305,1.7743506357989058,-9.155274e-09,126.991562023155,1000000,15.25640320777893,0.2930023670196533,0.024997949600219727,100,18.7876718044281,3.2563581466674805
1853.4093351364136,100,224.6923138061571,218.59157983543173,-0.035547256,228.34654696256638,19.336780548095703,2.1031270034467067,-2.2888184e-08,127.52483588240283,1010000,15.506163120269775,0.2649989128112793,0.02699875831604004,100,19.044782876968384,3.2472610473632812
1871.6066002845764,101,224.76106338582875,218.64808067149482,-0.04322746,227.8509925180966,18.184266805648804,2.1540889786239514,-2.746582e-08,127.58275583228681,1020000,14.518798828125,0.2760004997253418,0.023967266082763672,100,17.883299350738525,3.076406717300415
1889.58194231987,102,223.02805546657962,218.1058518097422,-0.0293625,226.70601779557748,17.962342262268066,1.953082645676303,0.0035322753,126.93320206325885,1030000,14.383124589920044,0.25300025939941406,0.01896834373474121,100,17.69037365913391,3.0155768394470215
1907.5179121494293,103,224.87931413289257,220.07606943959334,-0.005294983,229.34043150305692,17.922972202301025,1.5636036461457068,-2.2888184e-08,127.64734739301717,1040000,14.375047445297241,0.26551389694213867,0.02199721336364746,100,17.63546109199524,2.9872677326202393
1925.4837639331818,104,225.33970874823018,218.25737982080082,-0.12003277,228.4110443498886,17.95285129547119,2.049922172200546,-0.0011112915,127.79906439773669,1050000,14.390252351760864,0.25557780265808105,0.026996374130249023,100,17.66927742958069,2.9629006385803223
1943.2571630477905,105,225.34388030560066,219.87415582012397,-0.10225039,228.22028014710384,17.76039981842041,1.784481701730308,-1.2207031e-08,127.84387970164002,1060000,14.165246486663818,0.27199840545654297,0.026998519897460938,100,17.461402893066406,3.038017511367798
1961.4422419071198,106,223.31241679362043,217.76484001569864,-0.014873236,226.765888603175,18.172077894210815,1.5493518689830372,1.2207031e-08,127.0321852468105,1070000,14.566935777664185,0.25600218772888184,0.018996477127075195,100,17.896079301834106,3.066716432571411
1979.1511850357056,107,222.81938247599086,220.16974400765642,-0.10117194,225.78449889998114,17.69594430923462,1.3612135728098436,3.1661987e-08,126.86955084884444,1080000,14.139644861221313,0.2680013179779053,0.02599501609802246,100,17.40194797515869,3.0076630115509033
1997.3261561393738,108,220.92930292792906,216.30242334768377,-0.041695796,224.79850175807573,18.161969900131226,2.0361502789048287,-9.155274e-09,126.11159987357651,1090000,14.605386972427368,0.2539966106414795,0.018999814987182617,100,17.888973474502563,2.9904556274414062
2015.256826877594,109,222.38297316422756,218.8737845142464,-0.06555863,225.44858304384923,17.91766929626465,1.464406640821199,2.2125244e-08,126.74032605509538,1100000,14.331949234008789,0.2550017833709717,0.021968841552734375,100,17.639668703079224,3.0550901889801025
2032.683524608612,110,221.30981390012238,216.05296706817438,-0.034998503,224.60200063828782,17.41369891166687,1.8043251327664616,1.8310548e-08,126.29568270020724,1110000,13.90378451347351,0.25300121307373047,0.02399730682373047,100,17.135700225830078,2.9617486000061035
2050.4002768993378,111,221.06065470264312,215.19886005539166,-0.018342596,225.9470999143205,17.702754259109497,2.2395468550967,4.5776368e-08,126.1815752023087,1120000,14.187032222747803,0.2649996280670166,0.026996135711669922,100,17.41075849533081,2.956934690475464
2068.0415375232697,112,222.40008182087425,214.75547751784055,-0.04736261,227.54033095396758,17.62825894355774,2.3517349631742372,-4.5776368e-08,126.68599915769693,1130000,14.118568181991577,0.2560005187988281,0.025995969772338867,100,17.34426236152649,2.9650347232818604
2085.881207227707,113,226.09111240662384,220.26620132045585,-0.010285384,230.13860556264905,17.826668739318848,1.7868423897876922,2.4414062e-08,128.18068005507928,1140000,14.227635145187378,0.26399827003479004,0.02599501609802246,100,17.536675453186035,3.0293633937835693
2103.754055738449,114,225.24421998815626,216.92142716399127,-0.093431376,233.63286850615745,17.8598473072052,2.8077919213229228,-1.2207031e-08,127.60548511898756,1150000,14.26225733757019,0.2670009136199951,0.025996923446655273,100,17.56684947013855,3.042818784713745
2122.2657895088196,115,232.0767850685014,225.55308399627114,-0.06782017,239.7719149807612,18.49873423576355,2.915554053272526,-0.006901944,130.5132276389729,1160000,14.730931043624878,0.25800085067749023,0.022998809814453125,100,18.217734575271606,3.157014846801758
2140.5207686424255,116,227.4099114934331,207.95162730830233,-0.05155289,239.91650552206022,18.241979598999023,8.38337892901932,1.525879e-08,127.36247668860901,1170000,14.615174293518066,0.2830009460449219,0.019997835159301758,100,17.937978744506836,3.046170473098755
2158.6621718406677,117,202.95901019515037,167.81250014293875,-0.21040982,231.66308921184824,18.12840509414673,11.92196909955571,-0.02002811,114.9636657591387,1180000,14.521813154220581,0.25603580474853516,0.022995948791503906,100,17.84937334060669,3.056156635284424
2176.2898161411285,118,239.05183551937273,234.3066968641128,-0.15795551,242.53087438967512,17.614643096923828,1.457178506212456,-2.1362304e-08,132.36373694057477,1190000,14.178372383117676,0.25,0.0209963321685791,100,17.342645406723022,2.9137277603149414
2194.0662338733673,119,231.1359815527245,223.41825272126454,-0.1976998,235.84171168707326,17.76341724395752,2.5810458429659375,3.967285e-08,129.54736281357717,1200000,14.1882004737854,0.28100085258483887,0.017995834350585938,100,17.463417768478394,2.997565507888794
2212.457631587982,120,218.91733984220863,207.41327567946212,-0.047299672,228.82898215741412,18.378396034240723,4.855320926087715,-1.525879e-08,125.08702727864264,1210000,14.753970384597778,0.25300073623657227,0.024995088577270508,100,18.098401069641113,3.062406063079834
2231.12509560585,121,226.39461586033872,222.75988346422952,-0.06860661,230.79481069874296,18.654463291168213,1.7598369155723574,3.5095216e-08,128.23858510912277,1220000,14.924786567687988,0.2709321975708008,0.024064302444458008,100,18.359466791152954,3.1514270305633545
2249.4837567806244,122,223.55598760025225,217.22387312838117,0.0016105713,229.53394566775066,18.344659566879272,2.5936161287404778,-1.8310548e-08,127.02240689482458,1230000,14.605206966400146,0.25699758529663086,0.021000385284423828,100,18.066661596298218,3.1701574325561523
2267.9224936962128,123,224.06441967091178,216.61991069636517,-0.014945795,229.89690714346955,18.425736904144287,2.3199992688637425,-2.4986267e-08,127.37528275523523,1240000,14.660406351089478,0.2579679489135742,0.021999835968017578,100,18.144768476486206,3.20650315284729
2286.6369066238403,124,224.1762285992507,216.1297467803034,-0.011365381,228.93309123505978,18.701411247253418,2.4255446708725086,3.1280518e-08,127.47771167165376,1250000,15.035189151763916,0.27500104904174805,0.020996809005737305,100,18.40441393852234,3.103304624557495
2304.825503587723,125,225.47707813797984,219.4716966167825,-0.07306712,228.6526854285175,18.174598455429077,1.891208658164695,3.6621095e-08,128.09247667254567,1260000,14.505403757095337,0.25499844551086426,0.01799774169921875,100,17.901602268218994,3.1199963092803955
2323.161885023117,126,225.73067922694688,219.13576134129084,-0.0034753052,229.7283620165543,18.323378801345825,2.137475077857803,-6.1035155e-09,128.21672212788337,1270000,14.728097438812256,0.24299836158752441,0.020999670028686523,100,18.058382272720337,2.993863821029663
2341.15749168396,127,222.75774506639974,213.92424637540415,-0.025889246,230.42510612082887,17.982606887817383,3.28124569036497,2.6702882e-08,126.98353830875502,1280000,14.424458742141724,0.25100016593933105,0.022001028060913086,100,17.708633184432983,3.0232911109924316
2359.3502197265625,128,227.69495359491685,219.57842573939908,-0.051009048,232.47092133266392,18.179728507995605,2.4824942189823394,-6.866455e-09,129.17175989629956,1290000,14.606117248535156,0.24599933624267578,0.018030405044555664,100,17.91373038291931,3.053342342376709
2376.958346605301,129,223.7815090643954,214.04769886630385,-0.023204401,230.56576810468985,17.595074892044067,3.7789026618348447,-4.2724608e-08,127.59015079531316,1300000,14.188880681991577,0.24499869346618652,0.024998903274536133,100,17.325077295303345,2.864415407180786
2395.051263332367,130,216.46436908400108,161.53035882928035,-0.3651534,229.21387132420278,18.079916954040527,10.03022580437051,6.1035155e-09,124.42730730254254,1310000,14.519410371780396,0.2499983310699463,0.016967296600341797,100,17.81094765663147,3.0375871658325195
2413.391631126404,131,221.45509363051752,209.08773293834602,-0.15945305,230.13514879490214,18.32736897468567,3.8732090525603247,2.4414062e-08,126.71210267880114,1320000,14.75106930732727,0.255521297454834,0.026001453399658203,100,18.045846223831177,3.0382192134857178
2431.819519519806,132,212.13934196692495,206.5051540208739,-0.056375403,216.36806929827733,18.41388773918152,1.8924994510338742,1.8310548e-08,122.23189426230257,1330000,14.707828760147095,0.2545156478881836,0.04454636573791504,100,18.11482572555542,3.1207034587860107
2450.515544652939,133,218.57183250497712,214.20666229808654,-0.07562504,224.4840533115138,18.68202495574951,2.140024614042287,-2.1362304e-08,125.124360827,1340000,14.933196783065796,0.260998010635376,0.028999805450439453,100,18.39102530479431,3.183562994003296
2468.690875530243,134,221.79438735187964,213.7533667181005,-0.011545471,225.80266122867135,18.161331176757812,2.313849670973988,1.2207031e-08,126.496898322622,1350000,14.603790283203125,0.25299739837646484,0.025968074798583984,100,17.881365537643433,2.9908483028411865
2487.1241590976715,135,220.75237094873685,205.96081350406996,-0.009560147,226.10188852639624,18.42021942138672,3.4440518991515154,-6.1035155e-09,125.98717445920555,1360000,14.755146980285645,0.2530858516693115,0.02496790885925293,100,18.13931655883789,3.1281373500823975
2505.4974434375763,136,222.25001671081193,216.35250554375713,-0.052886054,226.1343191700771,18.357284784317017,2.023042140602352,1.0681152e-08,126.69543597210503,1370000,14.684463024139404,0.251248836517334,0.02299976348876953,100,18.083036184310913,3.119703531265259
2523.4078245162964,137,223.51911907384294,210.57158551272656,-0.05447984,228.39060302038087,17.897376537322998,2.808666848410578,-6.1035155e-09,127.29687493197592,1380000,14.311413288116455,0.2589998245239258,0.019000768661499023,100,17.619375944137573,2.978228807449341
2541.319929122925,138,218.88553419729132,206.43025708685036,-0.09999805,227.78983787917622,17.899104595184326,4.434733160526089,2.193451e-08,125.32003448931255,1390000,14.353188753128052,0.25299954414367676,0.018999814987182617,100,17.626105308532715,3.003933906555176
2559.403431892395,139,225.95531754359698,217.18718868009285,-0.16624191,231.4618669286921,18.07050108909607,2.7993052538677916,-1.525879e-08,128.48692274706892,1400000,14.503113508224487,0.25850892066955566,0.020478487014770508,100,17.790660619735718,3.0365517139434814
2577.3380048274994,140,212.67451217471447,201.48116915778562,-0.038886644,219.48919542279538,17.92257332801819,4.1234103748517965,3.6621095e-08,122.83408020024444,1410000,14.422457218170166,0.2565159797668457,0.02297186851501465,100,17.641056299209595,2.955894708633423
2595.4186935424805,141,204.16012480434946,174.78485635943255,-0.22000936,218.84228485070327,18.06768822669983,8.042931549416954,-2.1362304e-08,119.09429915279973,1420000,14.53373384475708,0.26552700996398926,0.024968862533569336,100,17.776193857192993,2.9885244369506836
2613.6048069000244,142,210.54779664896338,193.05201166024145,-0.060564894,222.0849701838281,18.17311429977417,5.408399881731025,6.1035155e-09,121.95308027174107,1430000,14.611091613769531,0.2610039710998535,0.01799774169921875,100,17.894112586975098,3.041381597518921
2632.0744211673737,143,218.71524333263497,205.21260328889952,-0.31159323,227.05561525807792,18.45661759376526,3.5161166417074274,-5.3405763e-08,125.0294654602746,1440000,14.765832901000977,0.2735159397125244,0.025997638702392578,100,18.156102657318115,3.1193156242370605
2650.2420258522034,144,217.11262424181547,208.77982946841024,-0.031448353,228.84349810326674,18.15460467338562,4.747043437694111,1.2207031e-08,124.54690407134478,1450000,14.51202654838562,0.28699731826782227,0.02800154685974121,100,17.839605808258057,3.0638463497161865
2668.41619849205,145,177.88599383466482,160.80926179903582,-0.0022057244,190.57385235162124,18.16117238998413,5.921871228254188,7.629395e-09,108.47925522075332,1460000,14.588756322860718,0.25500059127807617,0.02599811553955078,100,17.879173278808594,3.04010009765625
2686.4971771240234,146,173.53147903835819,160.78674139904592,-0.018222036,191.48994486684958,18.067978620529175,5.61312345555403,-1.9073487e-09,106.65082996663223,1470000,14.488264560699463,0.25299668312072754,0.026001453399658203,100,17.78898048400879,3.015106439590454
2704.9149956703186,147,177.6024294798394,160.3999954091122,0.055547126,190.95419059984565,18.4048171043396,5.936877632850952,3.6621095e-08,108.15776078546142,1480000,14.706971168518066,0.2930026054382324,0.028999805450439453,100,18.082814693450928,3.1238832473754883
2723.768755197525,148,146.41323003395985,140.81265407453708,-0.037796505,154.5878342135853,18.839761972427368,2.4533879974942505,-9.155274e-09,95.98547102433447,1490000,14.961841106414795,0.26053786277770996,0.022998332977294922,100,18.555225372314453,3.2780919075012207
2742.273550271988,149,146.71149536902996,141.57985012535187,-0.018621724,153.1201522763573,18.491795301437378,2.5247003434226944,9.155274e-09,96.03974950070774,1500000,14.787986278533936,0.27699947357177734,0.01800060272216797,100,18.195794105529785,3.1497178077697754
2760.7656507492065,150,148.3386238285154,138.86780965564532,-0.016492201,155.87853173701154,18.479103326797485,3.5766919934401713,3.0517577e-09,96.84572226404529,1510000,14.781476020812988,0.2709999084472656,0.024000167846679688,100,18.183101892471313,3.137928009033203
2779.2188386917114,151,149.05312552906963,135.7251281435015,0.0010103256,161.6819984027938,18.439188480377197,5.245128807331909,-2.1362304e-08,97.22639560989165,1520000,14.586557388305664,0.272000789642334,0.025999069213867188,100,18.140188217163086,3.2741193771362305
2797.6409859657288,152,153.21154246370133,144.4402724457118,-0.026596442,161.7499198967283,18.410146951675415,3.9803426920593337,-3.3569336e-08,98.78154647475972,1530000,14.756516933441162,0.24999737739562988,0.02299976348876953,100,18.13514757156372,3.1108083724975586
2815.845667362213,153,154.81776960515396,145.53247677956642,-0.005084048,162.8434097082687,18.192683458328247,3.765536705781639,-3.1471252e-08,99.44783405623504,1540000,14.545823812484741,0.26244115829467773,0.027102231979370117,100,17.9031400680542,3.0874760150909424
2834.194468021393,154,155.3066769346235,144.45092077945606,-0.008248403,162.6167957253129,18.33680295944214,3.4851100545147045,3.0517577e-09,99.66670353239286,1550000,14.628299713134766,0.2849996089935303,0.027001380920410156,100,18.02380132675171,3.12227725982666
2852.595815181732,155,155.01631735289502,146.56238210952037,-0.06742011,163.18869768217294,18.38735032081604,3.6216595236974096,-8.392334e-08,99.57823987382746,1560000,14.66483187675476,0.26400160789489746,0.022998332977294922,100,18.100350379943848,3.1564018726348877
2870.94637298584,156,147.78382459608244,133.3656915036894,-0.007155882,163.40719036806874,18.337558269500732,6.342640820973234,0.009800122,96.8173974813604,1570000,14.69710922241211,0.25600409507751465,0.02299785614013672,100,18.05755639076233,3.083483934402466
2889.3215515613556,157,161.5608394881324,132.5668217297171,-0.021249115,183.89597370337265,18.3621826171875,10.500883933283443,-2.1362304e-08,102.4422030502179,1580000,14.594187498092651,0.2630000114440918,0.02599954605102539,100,18.07218313217163,3.19482159614563
2908.1550624370575,158,178.75455004066168,164.40283043733137,-0.032912783,188.68157172992116,18.820510625839233,5.832259265731351,5.8746338e-08,109.15249345133323,1590000,14.92229151725769,0.26651978492736816,0.02499866485595703,100,18.528992176055908,3.249495506286621
2926.665308237076,159,193.23021102622693,181.05799250208884,-0.065086946,196.77145119265487,18.49524474143982,2.84159714165164,-5.493164e-08,113.96689693807859,1600000,14.761993408203125,0.24197030067443848,0.018030166625976562,100,18.235244274139404,3.195460557937622
2944.874294757843,160,188.9057386565072,156.01945335202564,-0.1113026,197.90446985118217,18.195987939834595,8.444032276528112,-2.1362304e-08,111.98183687549516,1610000,14.528532028198242,0.24900054931640625,0.02799534797668457,100,17.91799235343933,3.116814136505127
2963.0610744953156,161,192.48037667275617,161.8140784470437,-0.061378393,196.81590674319523,18.1737802028656,5.965831680511488,-5.0354004e-08,113.36201216768549,1620000,14.467923879623413,0.2519986629486084,0.026643753051757812,100,17.895137786865234,3.1499032974243164
2981.6730461120605,162,187.5766059181876,176.09860962950793,-0.083401844,193.98156044898812,18.59897255897522,3.7266817633082603,3.6621095e-08,112.33941400650261,1630000,14.802733898162842,0.2619664669036865,0.023160219192504883,100,18.3118417263031,3.2301487922668457
3000.299651622772,163,192.21678012025296,165.14060738475337,-0.022172451,196.90811870457497,18.61260461807251,5.276468115464514,-6.103516e-08,113.24684772728655,1640000,14.866439580917358,0.2664799690246582,0.027574777603149414,100,18.318549871444702,3.171654224395752
3019.1651527881622,164,194.40695462263534,186.818424649713,-0.013910164,197.06228671284293,18.85248637199402,1.9364318859572573,-4.8828124e-08,114.26301922428794,1650000,15.036401271820068,0.25999903678894043,0.025000333786010742,100,18.567487001419067,3.2387731075286865
3037.128431558609,165,193.71800107406077,177.4240751349576,-0.048151277,197.0416606200146,17.950278997421265,2.662939870263101,-5.1879884e-08,113.98673545071044,1660000,14.343441486358643,0.26247596740722656,0.02203202247619629,100,17.665771007537842,3.0535972118377686
3055.753152370453,166,193.3428687052609,186.03784682020014,-0.012267538,196.55779210996542,18.61172103881836,2.0640870449243574,5.1879884e-08,114.04957498320607,1670000,14.864238977432251,0.2636134624481201,0.022005558013916016,100,18.326102018356323,3.182121515274048
3073.9206960201263,167,190.3266264486913,181.14432673471063,-0.022564124,195.71285044195685,18.153544425964355,2.5045693767921846,1.9073486e-08,113.21251090871908,1680000,14.425091743469238,0.26651477813720703,0.02500009536743164,100,17.862029552459717,3.1707139015197754
3092.3481874465942,168,193.52662452952725,188.6563983829373,-0.01916869,196.00663184728242,18.41349148750305,1.5385001296509206,4.577637e-09,114.05815762071505,1690000,14.592889785766602,0.2646462917327881,0.0260317325592041,100,18.119812726974487,3.234651565551758
3110.4445371627808,169,193.20943622137165,187.09491302198944,-0.0461361,196.46061269687632,18.083351612091064,1.799406911202325,-5.493164e-08,113.69627535896541,1700000,14.35397982597351,0.25899815559387207,0.028977155685424805,100,17.794374465942383,3.105039358139038
3129.5545797348022,170,192.639947349944,184.52491974315745,-0.0016923157,195.56419276644712,19.09704279899597,2.0099772379154297,-3.967285e-08,113.57732955262452,1710000,15.198709964752197,0.43154478073120117,0.038002729415893555,100,18.624404907226562,3.159459352493286
3149.6838257312775,171,192.98883197541755,187.86344954117777,-0.061758894,195.50361846938958,20.112248420715332,1.4372250753225233,-9.155274e-09,113.75050098598405,1720000,15.933371543884277,0.2735888957977295,0.022998809814453125,100,19.81566071510315,3.5991508960723877
3169.5429182052612,172,193.37645720519143,187.1982276589145,-0.034574147,195.94844014022073,19.845163822174072,1.5212067176688857,-6.1035155e-09,113.93560916086173,1730000,15.7911958694458,0.3175201416015625,0.021998167037963867,100,19.504645586013794,3.3981950283050537
3189.173280239105,173,193.0484358665204,186.72479463597077,-0.02191662,195.48654598595365,19.615363359451294,1.7870816195727444,2.2888184e-08,113.66064366834706,1740000,15.60335397720337,0.2555975914001465,0.02999734878540039,100,19.329768419265747,3.4059572219848633
3208.403903722763,174,193.1812010692367,189.35000670889627,-0.026246479,195.5059530953408,19.21570634841919,1.2441568763726618,-3.8146974e-09,113.84595807611089,1750000,15.255551099777222,0.2669980525970459,0.02600264549255371,100,18.92270565032959,3.3826260566711426
3228.425145149231,175,192.85047924492616,189.0898100133909,-0.049970515,195.34389150808062,20.008241415023804,1.358265255181974,1.9836426e-08,113.68075480568646,1760000,15.870676279067993,0.29251527786254883,0.02892303466796875,100,19.686803102493286,3.481322765350342
3252.511009454727,176,190.14003382632143,180.39938226835298,-0.026421307,194.8072950449772,24.07186532020569,2.8617763795678153,2.2888184e-08,112.57588192583488,1770000,19.111637830734253,0.5599946975708008,0.1510002613067627,100,23.359864473342896,3.8832437992095947
3290.519727706909,177,189.84834849523358,181.01090345714434,-0.22985898,193.18723131101953,37.92871856689453,1.9228866547535928,3.3569336e-08,112.4694916633585,1780000,31.540193796157837,0.2579987049102783,0.028000354766845703,100,37.63771915435791,5.504828691482544
3309.20471906662,178,179.33607384175542,170.92421610224167,-0.016276425,187.0677428673627,18.670990228652954,3.6078126644053135,7.324219e-08,109.18291878251071,1790000,14.823896646499634,0.2500002384185791,0.021999120712280273,100,18.398990869522095,3.27376651763916
3328.120657682419,179,167.5369431068797,160.74618388113024,-0.007060145,173.57627982914198,18.90393900871277,2.7155251049500815,-7.93457e-08,104.38433720920331,1800000,15.047854661941528,0.2669990062713623,0.02599811553955078,100,18.609941482543945,3.2803564071655273
3347.5269277095795,180,170.05311812492576,162.82370299775027,-0.27846688,178.72222742278174,19.393269300460815,3.0445069757842584,2.4414062e-08,105.30506455856592,1810000,15.398936033248901,0.3019993305206299,0.026000499725341797,100,19.065269470214844,3.318291664123535
3366.362920999527,181,172.70938586896708,166.62629308499697,-0.07697723,178.72696079829115,18.82199454307556,2.722859934120768,6.637573e-08,106.10363361524209,1820000,14.941115140914917,0.2605130672454834,0.02199697494506836,100,18.53948450088501,3.319446086883545
3384.346435546875,182,158.41239960315158,129.4790564559108,-0.08419858,172.46012159910373,17.970513105392456,8.32251935797868,-3.0517577e-09,99.85890666366348,1830000,14.371436834335327,0.26996731758117676,0.019999265670776367,100,17.680546522140503,3.0423946380615234
3402.764578819275,183,159.80333933282614,124.15801333587807,-0.08851832,174.32896326067265,18.405142784118652,9.306165089719489,-1.2207031e-08,100.4500714316967,1840000,14.740859508514404,0.2720000743865967,0.019999980926513672,100,18.11214256286621,3.1017565727233887
3421.1899614334106,184,168.977138265972,153.50513277505442,-0.0380917,178.6457157002698,18.411383390426636,4.874589795119632,4.5776368e-08,104.54073382543591,1850000,14.687894344329834,0.26051759719848633,0.02700185775756836,100,18.12386393547058,3.1749980449676514
3439.419981956482,185,172.8660487647681,166.91695582943603,-0.007296891,180.40947336733612,18.216950178146362,3.066156221327879,-5.493164e-08,106.27839892262357,1860000,14.508822202682495,0.2609984874725342,0.02588820457458496,100,17.930063486099243,3.1309313774108887
3457.850597858429,186,173.67600896785356,164.5327893316038,-0.015308062,179.78537189551056,18.41861581802368,2.849676310531647,4.043579e-08,106.5426862269704,1870000,14.708710670471191,0.26403141021728516,0.020001649856567383,100,18.13358426094055,3.1155073642730713
3476.017326593399,187,173.7012106305541,165.87299103893082,-0.016335275,179.99712839341993,18.153666019439697,3.0433979161651843,-7.5531005e-08,106.56136837414006,1880000,14.500983476638794,0.2700014114379883,0.016998767852783203,100,17.864665746688843,3.091202974319458
3494.9419763088226,188,173.16521677689286,164.96843101078693,-0.014916127,180.07752603296376,18.91164994239807,3.261497317024098,7.6293944e-08,106.34571563023401,1890000,15.029717445373535,0.2945115566253662,0.026965618133544922,100,18.59017276763916,3.2791688442230225
3513.6702189445496,189,173.6282849917371,164.91032817972325,-0.013401552,179.9250932504924,18.71324372291565,2.7534813972119516,-6.713867e-08,106.49641307279231,1900000,14.872942924499512,0.2590005397796631,0.01899862289428711,100,18.434244632720947,3.2708346843719482
3533.2843594551086,190,173.47252378960678,167.38620755008785,0.00062248536,179.0123601564877,19.60106897354126,2.8772813424150248,-1.2207031e-08,106.44196107357166,1910000,15.611612558364868,0.2650010585784912,0.020999431610107422,100,19.31506848335266,3.394108772277832
3551.756403684616,191,173.31680366725024,166.43251202314207,-0.010242581,180.30075883395185,18.458045482635498,2.886090472947811,2.1362304e-08,106.3739518510093,1920000,14.634839057922363,0.2779991626739502,0.024999380111694336,100,18.15404772758484,3.2002086639404297
3570.329787492752,192,173.7572516985677,166.6123222104231,-0.005795941,179.63241869117667,18.559382438659668,3.073816358611698,-1.8310548e-08,106.56087696226442,1930000,14.764254808425903,0.26000070571899414,0.019999027252197266,100,18.279382705688477,3.2051329612731934
3588.9998297691345,193,173.56126262725954,167.7081662301023,-0.020080833,180.1375833449488,18.65604281425476,2.8319692775750305,-4.043579e-08,106.52587158977532,1940000,14.838173627853394,0.3289976119995117,0.018000364303588867,100,18.308078050613403,3.2093262672424316
3607.4368829727173,194,173.78301414671924,167.94174262643688,-0.020690568,180.28175577676083,18.40405297279358,2.8816352832987855,8.659363e-08,106.55443938722334,1950000,14.706403017044067,0.261000394821167,0.017964839935302734,100,18.123088121414185,3.171475410461426
3626.423882484436,195,173.45433870384485,165.93758375399804,-0.013684288,178.76233681855956,18.973999500274658,2.785202165003655,-3.5095216e-08,106.37891526964471,1960000,14.901803255081177,0.5180342197418213,0.03499937057495117,100,18.418967723846436,3.2392122745513916
3646.1665935516357,196,173.72145662568653,167.98151656069027,-0.013412636,180.3110091062125,19.72770929336548,2.655501237579453,3.051758e-08,106.45465913254911,1970000,15.801981925964355,0.3849985599517822,0.026001453399658203,100,19.316709280014038,3.2140426635742188
3672.685045003891,197,173.29541201797628,167.36005692144025,-0.011673199,179.82642758597987,26.505451917648315,3.057032332958205,-6.103516e-08,106.31658040355893,1980000,21.770460605621338,0.24351859092712402,0.020000219345092773,100,26.2419331073761,4.070940017700195
3691.1920506954193,198,173.98801693437863,168.35498666532018,-0.025893591,180.7977276064926,18.49200987815857,2.8252103389771843,5.1879884e-08,106.5771814473715,1990000,14.769642353057861,0.26996707916259766,0.026033878326416016,100,18.196008920669556,3.134796142578125
3724.8186984062195,199,174.16429453197856,168.74306746068655,-0.012132538,179.13803140160556,33.61264991760254,2.667209171751993,6.408691e-08,106.57309534563949,2000000,27.972710847854614,0.27593278884887695,0.026069164276123047,100,33.31064796447754,4.855372667312622
3768.482281923294,200,173.73131367340181,165.8142733985798,-0.01976623,180.29108413049516,43.64858531951904,2.9789068450617804,2.2888184e-08,106.35383578181084,2010000,36.69601607322693,0.2789273262023926,0.02607274055480957,100,43.34258413314819,6.024383544921875
3811.9676649570465,201,172.67597060221405,166.6867473981165,-0.012892721,179.57408492178098,43.47138476371765,2.940680195760345,-3.0517577e-09,105.87954324729846,2020000,36.489567279815674,0.3070039749145508,0.020998477935791016,100,43.14338231086731,6.039633274078369
3838.771243572235,202,173.17199215662131,166.73157751610808,-0.18695946,179.77554792978816,26.760578870773315,2.7819892389280367,-3.967285e-08,106.02773520520644,2030000,21.906417846679688,0.2559988498687744,0.026000499725341797,100,26.47658109664917,4.109493732452393
3857.168081998825,203,174.53980885226548,167.8340821182805,-0.029350514,180.21500038848603,18.383838891983032,2.6166184411868447,1.8310548e-08,106.65857684131691,2040000,14.74416446685791,0.27300024032592773,0.016997575759887695,100,18.091842889785767,3.05763578414917
3875.662948846817,204,173.79693687745225,168.0656584152382,-0.00028882446,180.45928255429064,18.481865882873535,2.7261452435562825,4.2724608e-08,106.42768414866565,2050000,14.856776237487793,0.25060176849365234,0.022997379302978516,100,18.208266735076904,3.0692241191864014
3894.203229188919,205,173.40923226766574,167.217843666856,-0.0065468657,179.36505230677594,18.527349710464478,2.7094125616006344,3.0517577e-09,106.30215075943002,2060000,14.853569984436035,0.25751352310180664,0.023999929428100586,100,18.244836568832397,3.1078152656555176
3912.749623298645,206,173.428122685242,167.252466242308,0.027826525,178.94509147341475,18.53339433670044,2.5780961277112593,1.8310548e-08,106.31159796585376,2070000,14.831035852432251,0.24499964714050293,0.018999338150024414,100,18.269395351409912,3.1326904296875
3930.927113056183,207,171.62185990325216,160.8490328998573,-0.012666858,178.82386200587905,18.16448950767517,3.548245672873704,3.6621095e-08,105.73184841122746,2080000,14.513360500335693,0.24899888038635254,0.021997928619384766,100,17.89249277114868,3.084054470062256
3949.1595101356506,208,173.77819304530237,165.3236914018174,-0.01672551,179.198147861125,18.220396041870117,3.0548052681987503,1.0299683e-07,106.42450063760454,2090000,14.548397541046143,0.26200079917907715,0.03299856185913086,100,17.924396276474,3.089401960372925
3968.275403022766,209,166.9551104213691,114.00719524073378,-0.016225098,216.95463950127677,19.10189437866211,12.855600707270838,-6.1035155e-09,102.47459775690153,2100000,15.40784215927124,0.2720022201538086,0.02399587631225586,100,18.804896116256714,3.094405174255371
3986.2787551879883,210,170.60415752284334,147.95303992269135,-0.05159642,215.75601331316025,17.99035334587097,9.036398283278517,2.4414062e-08,104.42105002212293,2110000,14.405179500579834,0.27900171279907227,0.03999900817871094,100,17.67135262489319,2.9842941761016846
4004.406099796295,211,171.03136459105673,157.6801729712622,-0.02318785,196.06196646445866,18.113282918930054,7.978298414756934,9.155274e-09,105.08656889600682,2120000,14.475597858428955,0.2579982280731201,0.02492237091064453,100,17.83036231994629,3.0947606563568115
4022.5446395874023,212,171.17293446532634,158.84176212181845,-0.015466671,179.12204216491347,18.125540733337402,3.8594425052553816,-4.2724608e-08,105.30087487942272,2130000,14.53153920173645,0.2540018558502197,0.025016069412231445,100,17.84452724456787,3.0258872509002686
4040.6703069210052,213,172.95381062768462,163.44326397066533,-0.00635439,178.87038489961301,18.112667560577393,2.9895515404958104,2.9754638e-08,106.20154878000963,2140000,14.352511405944824,0.26600027084350586,0.024996280670166016,100,17.819670915603638,3.126223087310791
4058.763461112976,214,172.6861985779906,164.42424915750658,-0.006338484,179.06812315331788,18.079153299331665,2.731507528592866,2.746582e-08,106.16081745082766,2150000,14.471529722213745,0.2640688419342041,0.01799750328063965,100,17.79608726501465,3.0283427238464355
4076.8535408973694,215,172.40061867301992,166.15250136877157,-0.017588865,178.8873962634663,18.07764196395874,2.825496214805995,-9.689331e-08,106.12245983630069,2160000,14.483194828033447,0.2610738277435303,0.018002986907958984,100,17.79764199256897,3.0274646282196045
4094.859817504883,216,173.7105724851479,167.8215892075464,-0.012795871,178.73224527387953,17.994276762008667,2.637268335958271,3.3569336e-08,106.52975368030495,2170000,14.395355701446533,0.2630019187927246,0.019996166229248047,100,17.710278034210205,3.0430212020874023
4113.048678159714,217,173.19580911847584,165.38106790124516,-0.013213303,180.53949694114954,18.174861669540405,3.025915205281394,-3.0517577e-09,106.28331816629775,2180000,14.511350393295288,0.2590005397796631,0.01799941062927246,100,17.89686393737793,3.105112075805664
4131.283499717712,218,174.32454617515126,136.10392795162107,-0.020285495,181.09270958300746,18.221823692321777,4.5796979892403735,-1.525879e-08,106.72188103593257,2190000,14.599259853363037,0.25099945068359375,0.018999814987182617,100,17.951824426651,3.079143524169922
4149.471294641495,219,173.39708803606732,143.24010191820753,-0.010689179,179.7502407670139,18.174795866012573,4.271770987810352,1.6784668e-08,106.51705165711596,2200000,14.494093179702759,0.25850987434387207,0.024001121520996094,100,17.892284870147705,3.120666265487671
4167.537051916122,220,172.97631927977457,166.2796015342432,-0.01601142,179.06319330387706,18.05275869369507,2.660925505879232,7.629395e-09,106.58075190412052,2210000,14.403260469436646,0.2629995346069336,0.026000022888183594,100,17.761759757995605,3.093425989151001
4185.679618358612,221,172.6788759704475,163.82441435365135,-0.010404786,178.59024663870125,18.12956666946411,3.0972564777453497,2.3651124e-08,106.4888323322386,2220000,14.459657430648804,0.2629978656768799,0.02249932289123535,100,17.844069480895996,3.109895944595337
4204.634409666061,222,172.88406372660393,161.91759985610832,-0.018801624,179.86543086134563,18.936790466308594,3.3565316670086274,-4.234314e-08,106.63960846106916,2230000,15.129959106445312,0.26600217819213867,0.021996736526489258,100,18.648791551589966,3.245248317718506
4223.424744844437,223,173.48432940972168,159.52310923440848,-0.020724135,180.38528881834964,18.77733612060547,3.6010129479710664,-2.822876e-08,106.84089018428084,2240000,14.969290256500244,0.28100037574768066,0.020011425018310547,100,18.476324319839478,3.2193737030029297
4241.740667819977,224,174.0565724166563,161.67812637553521,-0.015653891,181.07089166332509,18.30240797996521,3.7666270095971193,-4.2724608e-08,106.9115298306463,2250000,14.619120836257935,0.27351903915405273,0.024996519088745117,100,18.001893043518066,3.038877487182617
4259.94454407692,225,173.6882566366954,147.22342736285998,-0.019161372,179.69291417430034,18.190876722335815,5.281432672880068,3.051758e-08,106.77024525702413,2260000,14.559672594070435,0.2715187072753906,0.02599644660949707,100,17.893361568450928,3.045663595199585
4277.942361354828,226,173.22413724765283,162.16585147924846,-0.01015253,179.7198186490444,17.984817028045654,3.034465991132488,5.493164e-08,106.46759069762231,2270000,14.3598473072052,0.25500035285949707,0.019997596740722656,100,17.708818912506104,3.068624973297119
4295.944561004639,227,173.59075255176998,156.0530028147038,-0.02073506,181.40893473916293,17.988199472427368,3.6692940564456364,4.1770935e-08,106.63133099940055,2280000,14.39148998260498,0.25999975204467773,0.025002241134643555,100,17.703197479248047,3.0397934913635254
4314.0621972084045,228,174.84315936889888,167.79496443160215,-0.017852286,180.7942918941155,18.104636907577515,2.9812527910930755,8.392334e-08,107.16433434194785,2290000,14.481653213500977,0.2609999179840088,0.025998830795288086,100,17.817638158798218,3.0558900833129883
4332.238161802292,229,174.95914317937445,156.12476960735586,-0.002616803,179.76182218412816,18.163964986801147,3.352842197767491,3.3569336e-08,107.21771078094987,2300000,14.53193974494934,0.2700009346008301,0.026998519897460938,100,17.86596703529358,3.076282024383545
4351.29278087616,230,174.87222897604906,160.86494327899973,-0.017512444,181.42407440613735,19.040618181228638,3.4064388880712007,-3.8146972e-08,107.25458156318811,2310000,15.2321617603302,0.2665975093841553,0.027001380920410156,100,18.745021104812622,3.2449095249176025
4369.388038635254,231,174.55430506481144,167.16643135280125,-0.009437996,180.50958243282017,18.082326412200928,2.8109726567183078,-2.4414062e-08,107.18147410908927,2320000,14.473413228988647,0.2580132484436035,0.028012514114379883,100,17.79530096054077,3.0440354347229004
4387.582938194275,232,174.52858526738976,157.97705876272798,-0.011267117,181.5073109949465,18.181899785995483,3.3970981336555064,-1.2207031e-08,107.18864245255035,2330000,14.577737808227539,0.2680020332336426,0.017998456954956055,100,17.895899295806885,3.0523056983947754
4407.038882255554,233,173.76757088140835,152.05343060644728,-0.020063883,179.6808642836647,19.441946506500244,3.980630172313237,7.324219e-08,106.90626223931473,2340000,15.562350273132324,0.2680015563964844,0.01899886131286621,100,19.153943061828613,3.2876391410827637
4425.565973997116,234,174.45810627184485,158.31511041820283,-0.0019926177,179.65456997616116,18.514092445373535,3.697568700820425,4.8828124e-08,107.0948436162893,2350000,14.776647090911865,0.2719991207122803,0.023998498916625977,100,18.21809482574463,3.157803773880005
4444.38334774971,235,174.04348083287925,161.9949770482433,-0.012509772,180.5807097071373,18.80437397956848,3.5917928381106123,-2.4414062e-08,106.93866460781014,2360000,14.966116905212402,0.32400059700012207,0.03999686241149902,100,18.44037652015686,3.135936737060547
4463.231273174286,236,173.9721220168539,151.30627585933567,-0.0042496244,180.44849680185197,18.833925008773804,4.365621742028549,2.1362304e-08,106.93553071605143,2370000,14.956934690475464,0.283998966217041,0.02598428726196289,100,18.5239417552948,3.2691681385040283
4481.861230611801,237,174.0133298925944,164.46475020995956,-0.008995299,179.25215724976266,18.614957332611084,3.036193622380622,-1.8692017e-08,107.00055157100014,2380000,14.913312435150146,0.25699949264526367,0.018999814987182617,100,18.337958097457886,3.140291452407837
4500.328738927841,238,174.35071216313892,155.57786667607914,-0.0060698087,179.85501165324234,18.45450782775879,3.388660007294077,-6.103516e-08,107.00772561378781,2390000,14.740381479263306,0.30590271949768066,0.02709364891052246,100,18.12050986289978,3.0761845111846924
4518.808819293976,239,174.79983255622838,168.23664921898742,-0.01434934,180.54715702618319,18.466006755828857,2.584688786316632,1.8310548e-08,107.21902267636149,2400000,14.758570909500122,0.2649998664855957,0.019000530242919922,100,18.182006359100342,3.1376583576202393
4537.6961081027985,240,175.1637695017519,167.5940966604212,-0.013644339,180.9464829134299,18.874289751052856,2.95779148319188,-1.8692017e-08,107.3929947573603,2410000,15.047037839889526,0.27451443672180176,0.022998809814453125,100,18.5767765045166,3.2413156032562256
4556.009552240372,241,174.48284336808499,158.9677618561941,-0.00862521,181.34879556020414,18.300445079803467,3.6322197374680214,-2.5177002e-08,107.19543069374902,2420000,14.578554391860962,0.2579991817474365,0.02796006202697754,100,18.013484001159668,3.176844358444214
4574.750093221664,242,173.95820776681347,159.24332220339411,-0.009361291,179.7500902868083,18.727541208267212,2.987569726041052,3.6621095e-08,107.02337257547684,2430000,14.950583696365356,0.2590010166168213,0.023998022079467773,100,18.444542169570923,3.227963924407959
4593.15611577034,243,175.39837074359934,166.41225092733004,-0.011647263,181.00782116649592,18.393022298812866,3.217228843888362,-9.155274e-09,107.49511597120265,2440000,14.676025152206421,0.2629983425140381,0.027999162673950195,100,18.102024793624878,3.175196647644043
4611.739150285721,244,175.64857390413076,150.85440246741177,-0.0032802597,183.06663078058537,18.57103443145752,3.8236180405210636,2.2888185e-09,107.53892814067393,2450000,14.82642149925232,0.26604485511779785,0.021996498107910156,100,18.281993865966797,3.182101249694824
4630.590996026993,245,174.23399504465627,105.96340356629216,-0.010589593,181.6603813806948,18.836846113204956,8.387692643876525,-2.4414062e-08,106.72487020946848,2460000,14.965142250061035,0.25099778175354004,0.022001266479492188,100,18.562847137451172,3.2946481704711914
4649.184940814972,246,176.0709131136177,164.41009484992446,-0.026091587,182.12766854327913,18.58143663406372,2.9128050464616044,-5.0354004e-08,107.6738817781984,2470000,14.788671493530273,0.2555117607116699,0.02156853675842285,100,18.303356409072876,3.171459674835205
4667.233087062836,247,175.38887993426616,168.94397326548045,-0.0013502938,182.07141596402923,18.036147117614746,2.7986658307277406,-4.043579e-08,107.48920075567601,2480000,14.389709234237671,0.27199888229370117,0.018000125885009766,100,17.745147228240967,3.072193145751953
4685.748460769653,248,174.16967287096176,167.7794129120827,-0.010171347,180.3110401829225,18.502858877182007,2.7641368644981053,7.6293944e-08,107.06846642615383,2490000,14.765960454940796,0.26648831367492676,0.0285184383392334,100,18.206852674484253,3.175568103790283
4705.478142976761,249,174.0710341925819,154.36293998778888,-0.013828521,180.23845522408936,19.716681480407715,3.2311443584396646,-0.00030782775,107.06672287018306,2500000,15.774838924407959,0.2729990482330322,0.018967390060424805,100,19.424715042114258,3.3378207683563232
4725.32937002182,250,174.75315531499277,164.06728559611295,-0.014735916,182.35965766836466,19.83822250366211,3.3821163955306366,-6.1035155e-09,107.2592683637789,2510000,15.891327142715454,0.24448204040527344,0.025029420852661133,100,19.568711042404175,3.3581717014312744
4744.249005317688,251,175.15493046796837,158.08085788574405,-0.015036447,182.3084684885494,18.90563654899597,3.896696426935651,-1.525879e-08,107.42814303373098,2520000,15.152307987213135,0.24299979209899902,0.017996788024902344,100,18.64463996887207,3.1903622150421143
4762.809381484985,252,175.108938481672,147.96116832826428,-0.016189728,180.95808532991535,18.547377347946167,4.383854005449617,-3.051758e-08,107.35505932497809,2530000,14.918395042419434,0.2499983310699463,0.02295398712158203,100,18.273360013961792,3.076725482940674
4780.776000022888,253,175.03499595777498,142.49164025631453,-0.022882838,182.22628377373988,17.953546285629272,4.586379934083088,-0.00081831054,107.07974153230933,2540000,14.380027294158936,0.2435140609741211,0.02496790885925293,100,17.6850643157959,3.0229690074920654
4798.8352835178375,254,175.29146517211603,168.83757545058745,-0.011389469,181.62571215219526,18.04628324508667,2.5608402848788665,-6.866455e-08,107.33452024958225,2550000,14.42449164390564,0.2515125274658203,0.01799941062927246,100,17.776771306991577,3.0796971321105957
4816.98840546608,255,175.66335217374083,169.2160744702062,-0.014284232,180.58391488164455,18.140122413635254,2.469517900828346,2.2888184e-08,107.38720877381536,2560000,14.496938467025757,0.25699925422668457,0.0260009765625,100,17.85712218284607,3.055365562438965
4835.4186108112335,256,175.22558159361856,169.08716282471153,-0.0046167406,180.33469114841375,18.41720724105835,2.6950532229514286,-5.1879884e-08,107.21118263208108,2570000,14.795849561691284,0.2569999694824219,0.01799917221069336,100,18.14120602607727,3.0781149864196777
4853.559972047806,257,175.2694420768777,169.22015224096018,-0.006869249,180.98121045721862,18.12836265563965,2.7414908674068363,-2.2506715e-08,107.26549415924211,2580000,14.479190826416016,0.2759983539581299,0.019001007080078125,100,17.83236312866211,3.0576720237731934
4872.158760309219,258,175.81426730636448,171.54041037056774,-0.01491402,181.11650366053513,18.58673334121704,2.402527806079068,4.577637e-09,107.4734142992993,2590000,14.803858280181885,0.26552557945251465,0.024996280670166016,100,18.29526662826538,3.2184691429138184
4890.487648487091,259,176.02656703200913,163.47380784781976,-0.009382411,182.31390282879605,18.31588888168335,3.009747563836721,-7.6293943e-10,107.54808243600961,2600000,14.606416940689087,0.27199745178222656,0.026000261306762695,100,18.016891956329346,3.1209590435028076
4908.667696237564,260,176.8484520741801,169.52938459768976,-0.00910618,182.0959886795823,18.16704750061035,2.647068431054237,9.765625e-08,107.8462480430907,2610000,14.508238315582275,0.254000186920166,0.017997264862060547,100,17.894049882888794,3.0711300373077393
4926.642231225967,261,175.81643949908639,158.82509507688658,-0.013875914,182.98255153116625,17.96153497695923,4.0453046300922235,5.1498414e-09,107.39705168993765,2620000,14.391482591629028,0.2550008296966553,0.01799750328063965,100,17.688536643981934,3.03729248046875
4944.797805547714,262,176.84556526893743,167.2804875103884,-0.0047708894,182.24456727223586,18.142574787139893,2.893266355958754,1.9836426e-08,107.7719254127953,2630000,14.552327871322632,0.26099729537963867,0.023998498916625977,100,17.855578660964966,3.0284359455108643
4963.434700965881,263,176.0361930431347,160.48332501305032,-0.007883358,183.43978454514036,18.624895334243774,3.679794815136461,6.17981e-08,107.53841781711415,2640000,14.866108179092407,0.2649993896484375,0.025974035263061523,100,18.332921743392944,3.2092974185943604
4981.7786474227905,264,175.91074988532586,165.47380149757137,-0.009125236,181.43714711159126,18.33094620704651,2.984526717181883,-1.17492675e-07,107.51438703480028,2650000,14.700190305709839,0.2579989433288574,0.01897907257080078,100,18.0529682636261,3.1094348430633545
5000.191045761108,265,175.51251605305762,165.1269583146136,-0.013583057,182.59169522927138,18.39439845085144,3.4623179709879928,-6.1035155e-09,107.23867601203756,2660000,14.719611167907715,0.2649989128112793,0.01796245574951172,100,18.11143708229065,3.1069092750549316
5018.993869781494,266,175.33249685355605,151.2604742037566,-0.024931848,181.47680949510809,18.789823055267334,5.515825333297743,3.051758e-08,107.14448249876317,2670000,15.036865472793579,0.26199913024902344,0.026999235153198242,100,18.499824285507202,3.186368942260742
5037.699454307556,267,176.9058734362109,172.09880845756578,-0.009238879,181.88291537020243,18.693584203720093,2.253700222471266,9.155274e-09,107.81737891133565,2680000,14.947487592697144,0.2859978675842285,0.01900029182434082,100,18.387585639953613,3.1850099563598633
5056.324594974518,268,175.9382760287995,164.1427336652851,-0.010660846,182.70420099148797,18.612141370773315,2.8128937202720086,1.525879e-08,107.49727281411053,2690000,14.799290895462036,0.2890021800994873,0.019968032836914062,100,18.303171157836914,3.170213222503662
5075.015318632126,269,176.50989107622917,151.2633288603595,-0.008024939,182.79866507363943,18.677724599838257,3.677198308558915,1.9836426e-08,107.63758257908222,2700000,14.904761552810669,0.2665135860443115,0.025969743728637695,100,18.385241270065308,3.205502510070801
5094.185920000076,270,176.87490799457981,160.994027268593,-0.016071426,182.6808383279326,19.15760064125061,3.7811803528008983,5.4740905e-08,107.75116034105018,2710000,15.314055919647217,0.2634267807006836,0.03308606147766113,100,18.861087799072266,3.263685941696167
5112.670256137848,271,177.5309024305894,171.59248460239758,-0.009250775,183.21322037062038,18.47233557701111,2.4159006757776122,-4.8828124e-08,108.06988908128022,2720000,14.743175029754639,0.2610020637512207,0.026996374130249023,100,18.18333649635315,3.1774983406066895
5131.519509553909,272,176.66355897717102,132.00861814949337,-0.017974874,182.69959567878044,18.83625555038452,6.121158348794548,3.967285e-08,107.62964587611998,2730000,15.0479154586792,0.2720017433166504,0.026997804641723633,100,18.537256002426147,3.199676513671875
5150.261121511459,273,177.095106322128,167.86374184573702,-0.011915626,182.1228655070496,18.728611707687378,2.4656666506590335,-2.2888185e-09,107.9401929730731,2740000,14.95407485961914,0.2820003032684326,0.026000261306762695,100,18.419610500335693,3.2064080238342285
5169.131942272186,274,176.2472604178687,170.7540398842659,-0.0063756616,181.576531832455,18.856820344924927,2.354079352009946,-1.9073486e-08,107.62901528450692,2750000,15.119132280349731,0.26999735832214355,0.021999359130859375,100,18.563823223114014,3.167365550994873
5187.338987350464,275,176.93331376045913,169.7054381012272,-0.02706618,181.82684198852422,18.194045305252075,2.538201467377693,1.8310548e-08,107.7764598318883,2760000,14.582393884658813,0.25451016426086426,0.01997065544128418,100,17.919564485549927,3.0727291107177734
5205.792673587799,276,176.59362654297314,155.97717407026488,-0.0046866746,182.7505178269385,18.440631866455078,3.351419499625514,4.9591065e-09,107.5988696905436,2770000,14.723678827285767,0.27937889099121094,0.025999784469604492,100,18.135253190994263,3.132464647293091
5224.270675420761,277,177.49238913485726,171.53925191583338,-0.0026948375,181.59482101161856,18.464001893997192,2.4638922805154553,4.386902e-08,107.96621959963359,2780000,14.80631709098816,0.26599931716918945,0.01999640464782715,100,18.177034854888916,3.102971076965332
5243.010803461075,278,177.554196086674,171.01320013837844,-0.010360568,182.32066317566688,18.727125883102417,2.386790286814606,6.5231326e-08,107.9671556723142,2790000,14.95925521850586,0.26299619674682617,0.0240023136138916,100,18.439128398895264,3.1926627159118652
5261.948601007462,279,177.191660195634,166.60438564030005,-0.022088904,181.1360686397062,18.924797534942627,2.647691818653585,-5.9127807e-08,107.8480710734775,2800000,15.178238868713379,0.2630007266998291,0.02599811553955078,100,18.6347975730896,3.154266595840454
5280.427330255508,280,177.58458619193706,172.3198081708991,-0.025284631,183.1166605021448,18.466729879379272,2.1637979330843904,4.119873e-08,107.95427554335043,2810000,14.737428426742554,0.2645227909088135,0.026000261306762695,100,18.176206827163696,3.170133113861084
5299.024321556091,281,177.48655311258128,172.9571163216801,-0.63086814,182.22090876502716,18.583991050720215,2.226381644968057,-4.5776368e-08,107.81746046991061,2820000,14.82432508468628,0.27244067192077637,0.02907872200012207,100,18.282471656799316,3.1848995685577393
5317.507965326309,282,176.66704859224177,171.86251296037327,0.018683374,183.0690757542571,18.469645261764526,2.530012734935486,1.2207031e-08,107.38849827445205,2830000,14.730626821517944,0.30299949645996094,0.01999950408935547,100,18.145646333694458,3.135296106338501
5336.343856811523,283,178.41200788274134,162.17437831605088,-0.00802669,192.98430654549475,18.819892406463623,6.308839859543944,-2.746582e-08,108.32840263975308,2840000,14.960281372070312,0.3390035629272461,0.01799488067626953,100,18.461893558502197,3.233311653137207
5355.179996728897,284,190.5808742256959,123.11256424875337,-0.025233477,197.85388401459426,18.820140838623047,9.020713429333663,-1.8310548e-08,112.28794374955994,2850000,14.971227645874023,0.37651777267456055,0.02596759796142578,100,18.41765546798706,3.159116744995117
5374.474465370178,285,190.3286344361601,126.47956158529496,-0.010967434,198.59761017685452,19.276957273483276,10.345398754236315,3.3569336e-08,111.25085051423167,2860000,15.48797082901001,0.2595031261444092,0.024973154067993164,100,18.991455078125,3.2218587398529053
5393.25566983223,286,180.59274065958024,81.12628907007377,-0.04938037,198.83640372068913,18.768199920654297,27.997481065325896,4.8828124e-08,106.27863015065313,2870000,15.002792119979858,0.2989978790283203,0.0289919376373291,100,18.439209938049316,3.137146234512329
5412.210409641266,287,180.5732494411549,154.90200735931478,-0.020679217,197.10831407434753,18.94174075126648,8.62330410606178,4.4822692e-09,109.44593661955672,2880000,15.103846788406372,0.2779958248138428,0.02900242805480957,100,18.633742570877075,3.2493162155151367
5431.188973665237,288,186.56179194082281,170.7668692804779,-0.00963423,196.949805361525,18.964563131332397,5.563695705258908,-0.0038435485,111.70910815669367,2890000,14.8423330783844,0.5515336990356445,0.03200030326843262,100,18.38102912902832,3.26515531539917
5450.514466762543,289,186.43720825882454,119.70361123263132,-0.025488276,198.1333658543901,19.309492349624634,8.54923748786926,-9.918213e-09,110.92200983494405,2900000,15.554926872253418,0.2575194835662842,0.02496814727783203,100,19.025004386901855,3.2041945457458496
5469.236644744873,290,186.37136373554634,110.47706127731234,-0.008515668,195.90968063666722,18.70917820930481,8.320132352152903,1.8310548e-08,111.27280503111854,2910000,14.866801500320435,0.2710001468658447,0.020000219345092773,100,18.418177843093872,3.2211432456970215
5487.525992631912,291,186.9575081154244,180.00502719897736,-0.005073447,193.21380133379859,18.27634882926941,2.8502805848728516,-3.2043456e-08,111.68468900841563,2920000,14.62381362915039,0.260512113571167,0.017968416213989258,100,17.997868299484253,3.097572088241577
5506.181607723236,292,186.33088492187645,177.2397784964777,-0.014800478,192.33459277518963,18.642616748809814,3.1759579944419807,5.645752e-08,111.60288915234554,2930000,14.916831493377686,0.25707149505615234,0.0249636173248291,100,18.360581636428833,3.1615068912506104
5524.9853439331055,293,187.67140739064743,168.8070086634941,-0.0071404604,192.97869167678502,18.7913019657135,3.7641480060333827,6.1035155e-09,112.01009737182505,2940000,14.94156551361084,0.2799983024597168,0.024000167846679688,100,18.484299659729004,3.2335364818573
5543.386394500732,294,188.36858241314943,175.33132073457432,-0.04805108,193.5243956751597,18.38805055618286,2.900312273116467,-9.155274e-09,112.15433717284954,2950000,14.687037944793701,0.26103830337524414,0.020998477935791016,100,18.1050124168396,3.1605629920959473
5561.550667047501,295,188.44348088565593,177.24869902066763,-0.11215303,193.6512608082963,18.15127396583557,2.8988413556744157,6.713867e-08,111.89490399361551,2960000,14.455852508544922,0.25452494621276855,0.024998903274536133,100,17.871750116348267,3.122791290283203
5579.75315618515,296,187.92522762468036,179.3877317143249,-0.14697674,194.86206471894877,18.18949055671692,4.498056497611065,5.493164e-08,111.24659418057388,2970000,14.480429649353027,0.26143980026245117,0.017997264862060547,100,17.909979343414307,3.131667375564575
5598.09244966507,297,191.7982034516292,176.06699537390622,-0.094351895,195.60922017553744,18.326294660568237,3.6143899290476913,2.4414062e-08,112.8602685256937,2980000,14.644126892089844,0.25800132751464844,0.021996021270751953,100,18.045297861099243,3.130831480026245
5615.6685535907745,298,184.2858137433172,162.90792261387014,-0.030477509,195.0725972732544,17.564104557037354,6.7037117655274026,6.103516e-08,110.69657448226984,2990000,14.009785890579224,0.2500002384185791,0.02299785614013672,100,17.290106534957886,3.036963939666748
5633.205889225006,299,189.8584340754015,169.1150783900331,-0.042105343,194.25824356422623,17.52428102493286,4.044998149303422,1.2207031e-08,112.6644450262646,3000000,13.981322288513184,0.2519998550415039,0.020999431610107422,100,17.25128173828125,3.020047664642334
