train-AverageDiscountedReturn,train-MinReturn,Itr,LossBefore,n_timesteps,train-EnvExecTime,ItrTime,train-PolicyExecTime,train-NumTrajs,Time-SampleProc,LossAfter,train-StdReturn,train-MaxReturn,Time-Sampling,train-AverageReturn,Time-Optimization,Time
1.4241199923319074,-6.520721376109225,0,-1.4189385e-05,10000,2.4611856937408447,16.868974208831787,13.841431856155396,100,0.023000717163085938,0.01776577,4.208423652077163,12.701362312075805,16.564974784851074,1.8376691651759802,0.28099870681762695,16.868974208831787
0.3607223876928121,-10.824692254098487,1,-1.4243401e-05,20000,2.435884475708008,16.954973697662354,14.000271081924438,100,0.0189669132232666,0.012837924,5.185787197819003,14.675295862203917,16.68800711631775,0.5938590905575718,0.24700021743774414,33.83794856071472
0.18626239305988196,-10.041583431962945,2,-1.4283138e-05,30000,2.465142250061035,16.9679753780365,13.971490859985352,100,0.018999814987182617,-0.0044691483,4.004284658404469,15.052740380052331,16.691976308822632,0.5546269875305714,0.2559986114501953,50.81892395019531
2.5265119282204456,-7.724675793565068,3,-1.4281466e-05,40000,2.3978922367095947,16.66297483444214,13.73926305770874,100,0.02396869659423828,-0.005464783,6.980973400926235,24.022542545811934,16.388006925582886,4.424274546758954,0.25099921226501465,67.49489855766296
6.139432243470171,-8.732486553882174,4,-1.42475055e-05,50000,2.4105443954467773,16.930975675582886,13.984313011169434,100,0.02100086212158203,-0.0079357885,10.507887454695524,28.86399408001001,16.657978296279907,9.659029281250303,0.2519965171813965,84.4398729801178
10.528357314436148,-1.6506272005107798,5,-1.4189835e-05,60000,2.514115333557129,17.030974864959717,13.942603588104248,100,0.02199840545654297,-0.00938756,8.371557822598387,29.818421152617976,16.761974334716797,16.936549598473363,0.24700212478637695,101.48484945297241
15.806171437341844,-0.9413637397305644,6,-1.4100851e-05,70000,2.457709312438965,16.947973489761353,13.933783769607544,100,0.017968416213989258,-0.003858232,5.449483163241833,31.339864370884666,16.683006763458252,23.500065080901106,0.24599957466125488,118.44582104682922
17.635991470764868,12.355899034565658,7,-1.4024159e-05,80000,2.486750841140747,16.66597604751587,13.651745796203613,100,0.021996736526489258,-0.006132503,4.191835889829943,34.33556111084466,16.399977445602417,25.050826825780177,0.24300146102905273,135.12379813194275
18.090340784907383,11.245218280914623,8,-1.39391905e-05,90000,2.549679756164551,16.832974433898926,13.747541666030884,100,0.018979787826538086,-0.0066175787,3.384221975905147,31.0473072388148,16.562998056411743,25.58450468441,0.24996519088745117,151.96977138519287
19.624556378571288,19.886685721001204,9,-1.3840161e-05,100000,2.5253663063049316,17.02197504043579,13.98672366142273,100,0.015996932983398438,-0.00682838,2.4419246978681057,31.518395729795213,16.763007164001465,27.016499379147316,0.24199938774108887,169.0057463645935
20.241634200736847,19.546705337277025,10,-1.3734767e-05,110000,2.427619695663452,16.708975076675415,13.756754636764526,100,0.016998767852783203,-0.006979926,2.2058802584619848,31.703971914832213,16.45397663116455,27.043504135420353,0.23799967765808105,185.727721452713
20.969034376971468,21.156607712378356,11,-1.3609791e-05,120000,2.5206658840179443,16.742973804473877,13.683832168579102,100,0.018997907638549805,-0.005870666,1.8525021780264204,32.1602536603366,16.477976322174072,27.75339153319152,0.24499988555908203,202.48369574546814
21.581285428022426,23.302143907106025,12,-1.3523604e-05,130000,2.5144121646881104,16.59397530555725,13.557184934616089,100,0.017000198364257812,-0.0071507273,1.5082406591956776,31.43998997971839,16.33697748184204,28.09859984264952,0.2389986515045166,219.09067106246948
21.742566020331328,24.067006028444244,13,-1.3411531e-05,140000,2.5308337211608887,16.780975103378296,13.734965324401855,100,0.02396392822265625,-0.0032235854,1.4323918944403722,31.312791050474083,16.51801061630249,28.14846369764289,0.23800015449523926,235.8846459388733
22.07081321031783,23.137479649456807,14,-1.3292297e-05,150000,2.5665884017944336,17.080989599227905,13.989292621612549,100,0.022000789642333984,-0.004317213,1.4988256491592733,32.699985387320666,16.804988622665405,28.306454738236496,0.25300002098083496,252.97863507270813
22.126659013917806,25.60179426764158,15,-1.3179219e-05,160000,2.5501503944396973,16.585975170135498,13.512370824813843,100,0.017982006072998047,-0.0043439902,1.3681602012950986,31.786088355987513,16.314997911453247,28.267022518872192,0.25299525260925293,269.579607963562
22.43120611399417,24.481234173560445,16,-1.307077e-05,170000,2.543659210205078,16.663976669311523,13.564355373382568,100,0.020998477935791016,-0.003906589,1.4211716633269775,31.764425681838432,16.39698052406311,28.561616360716638,0.24499797821044922,286.25658559799194
22.613549245673557,25.202434840798496,17,-1.2970559e-05,180000,2.5717151165008545,17.067975282669067,13.964323043823242,100,0.022998809814453125,-0.0061024628,1.4245462135381874,32.39081180249189,16.80397629737854,28.70860869455976,0.23999810218811035,303.3375608921051
22.730054245962698,25.797146488792446,18,-1.2868054e-05,190000,2.515282392501831,16.74797797203064,13.733660221099854,100,0.02097606658935547,-0.0036586986,1.3219680423899847,32.31707391842885,16.48400044441223,28.83394952789802,0.24300146102905273,320.09853959083557
22.846108494243712,25.212380554810313,19,-1.2766607e-05,200000,2.5077788829803467,16.743977069854736,13.703983545303345,100,0.019963741302490234,-0.0027289202,1.4350682430817974,32.383344753280745,16.485013246536255,28.871224328548088,0.2390000820159912,336.8555154800415
23.067114135954718,25.61937099169323,20,-1.2650479e-05,210000,2.540151596069336,16.648976802825928,13.589956760406494,100,0.015961408615112305,-0.005058476,1.534272996105796,32.76527560995518,16.386016368865967,29.148520484307447,0.24699902534484863,353.5174913406372
23.143490965008723,25.69299532146989,21,-1.25270135e-05,220000,2.5759146213531494,17.105976581573486,14.006756067276001,100,0.016973257064819336,-0.0034801252,1.4768622125995121,32.49275899287879,16.836002349853516,29.16036081798879,0.25099992752075195,370.63646721839905
23.14569670658133,25.571492069186217,22,-1.2414493e-05,230000,2.5813496112823486,16.988975286483765,13.887044906616211,100,0.015970468521118164,-0.0036362917,1.2765473756270829,32.8076813137388,16.73400902748108,29.197005979994202,0.23799610137939453,387.6384427547455
23.40608801245451,26.60172394566984,23,-1.2303453e-05,240000,2.5967864990234375,17.13097620010376,14.016828536987305,100,0.01596546173095703,-0.0026098832,1.1519331439008738,32.55838598090971,16.8700110912323,29.451958645176934,0.24499964714050293,404.7824196815491
23.465315987852232,26.386344026836632,24,-1.2201681e-05,250000,2.5517990589141846,16.429977416992188,13.368716716766357,100,0.024957895278930664,-0.0030112579,1.2941728690266119,32.3832492068129,16.157020092010498,29.498648174641815,0.2479994297027588,421.2253966331482
23.617630310349167,26.590617286130666,25,-1.2069489e-05,260000,2.56353497505188,16.82897663116455,13.731107234954834,100,0.02299666404724121,-0.0022069155,1.2689102046028895,31.83227704118981,16.56097960472107,29.66172870233476,0.24500036239624023,438.0673723220825
23.731776770219625,26.985592526100405,26,-1.196284e-05,270000,2.544879674911499,16.780975818634033,13.709698915481567,100,0.023998260498046875,-0.0009888771,1.321785555635476,32.76962747463882,16.514978170394897,29.81330433763967,0.24199938774108887,454.8613488674164
23.75039620380172,26.65288899944306,27,-1.1871745e-05,280000,2.5517845153808594,16.665977239608765,13.553945779800415,100,0.015981674194335938,-0.002960456,1.3385854713280212,33.49239025374423,16.411977767944336,29.87827874067381,0.2370011806488037,471.54032707214355
23.76298875791209,25.519461314437365,28,-1.1780505e-05,290000,2.5336902141571045,17.104978322982788,14.046084642410278,100,0.015968799591064453,-0.0051863706,1.2928207146060335,32.704836576258884,16.84300708770752,29.947071951078172,0.24500298500061035,488.6573052406311
23.763471780145323,26.824426532596796,29,-1.16657875e-05,300000,2.5184738636016846,16.726978063583374,13.695600509643555,100,0.025986194610595703,-0.0034544452,1.3165124922699085,33.002399076627576,16.456990242004395,29.92890760203193,0.24300098419189453,505.39727997779846
24.00267090404815,26.240807343170733,30,-1.1577935e-05,310000,2.517516613006592,16.653976440429688,13.616574764251709,100,0.02096867561340332,-0.0014768698,1.3834110447984975,33.46991773767004,16.396008014678955,30.166694660746185,0.23600029945373535,522.0642554759979
24.07869924042119,27.58396605660308,31,-1.1452338e-05,320000,2.4968841075897217,16.595977306365967,13.59391164779663,100,0.0169522762298584,-0.0046314513,1.3049788752210696,33.46740611688828,16.338024377822876,30.33798311389705,0.24100065231323242,538.6722331047058
24.184409376654656,27.56879081071412,32,-1.1347551e-05,330000,2.5492632389068604,16.70697855949402,13.63181447982788,100,0.0169985294342041,-0.0046458887,1.392652823312346,33.20436052740355,16.44397783279419,30.504929680955584,0.24500107765197754,555.3912098407745
24.374280261797676,27.400228012023383,33,-1.1270239e-05,340000,2.6275546550750732,17.287975072860718,14.10032844543457,100,0.022993803024291992,-0.0040520835,1.4838778514331517,33.71138125197327,17.012983083724976,30.777621953652567,0.25099921226501465,572.6941840648651
24.587836857443676,27.96572449055054,34,-1.1164717e-05,350000,2.526191234588623,16.81897735595703,13.775285720825195,100,0.01699972152709961,-0.0032044067,1.4364543649756063,34.031108856372484,16.550976753234863,30.984339663401293,0.25100088119506836,589.5261619091034
24.648545566295667,27.919652850959544,35,-1.1073271e-05,360000,2.559183120727539,17.022979974746704,13.899457931518555,100,0.024998903274536133,-0.00514117,1.4447796981062555,34.121749964885765,16.728978395462036,31.12935777940577,0.26900267601013184,606.5621404647827
24.7611716131783,27.30282089590406,36,-1.0970073e-05,370000,2.5718300342559814,16.650975227355957,13.54840087890625,100,0.023943185806274414,-0.0026685498,1.4844189478137133,34.77322440971897,16.3820321559906,31.303384408098374,0.24399995803833008,623.2261137962341
24.77933415768845,27.560982655328413,37,-1.0888242e-05,380000,2.565662384033203,17.058977603912354,13.980958938598633,100,0.024002552032470703,-0.0020249302,1.5646367039188906,35.14504010523185,16.78797698020935,31.410335780784575,0.24499797821044922,640.2970905303955
24.892077201069238,28.039522243559855,38,-1.077492e-05,390000,2.5698864459991455,17.05897545814514,13.926137924194336,100,0.01899862289428711,-0.0037673041,1.5135948841960976,35.84819562978047,16.792977571487427,31.658067837756377,0.24699926376342773,657.3690655231476
24.85930978463216,28.41392452584226,39,-1.0678231e-05,400000,2.5908920764923096,16.720977783203125,13.596801996231079,100,0.022967100143432617,-0.0024371,1.4371139692767996,35.71311689560208,16.45800805091858,31.68879843667764,0.23800253868103027,674.1030447483063
24.987733558607225,28.265872963886242,40,-1.0560135e-05,410000,2.6357386112213135,16.97446846961975,13.832429647445679,100,0.016010046005249023,-0.0048524034,1.4888615319439307,35.184524351648264,16.718496799468994,31.83114992666243,0.2399616241455078,691.0915107727051
25.086416751765395,28.205274299717015,41,-1.0444126e-05,420000,2.5254223346710205,16.627975940704346,13.577828645706177,100,0.016968965530395508,-0.0023131808,1.5002784176325905,35.29019217661896,16.353010416030884,31.94342873594975,0.25699591636657715,707.7324864864349
25.27327404528113,28.497046016036567,42,-1.0331586e-05,430000,2.589427947998047,16.7679762840271,13.651629447937012,100,0.021999597549438477,-0.0036060922,1.4328159965790572,34.95316544599397,16.498980283737183,32.23502573444896,0.24699640274047852,724.5134637355804
25.126861529939234,28.846481207438682,43,-1.021792e-05,440000,2.56201171875,16.645976781845093,13.561190366744995,100,0.02403116226196289,-0.002445483,1.6233575095476467,36.18274286959442,16.375979900360107,32.140200960764965,0.24596571922302246,741.1724405288696
25.49721830152472,29.3712163179424,44,-1.0099464e-05,450000,2.6501901149749756,16.989975929260254,13.851239919662476,100,0.015998363494873047,-0.0020737536,1.549408844632796,35.61966505986043,16.729979991912842,32.53494091137838,0.24399757385253906,758.175416469574
25.438536515523154,28.403937680168116,45,-9.99634e-06,460000,2.528661012649536,16.577977180480957,13.541868686676025,100,0.018975496292114258,-0.001327365,1.5775648620708178,36.40147728810646,16.322003841400146,32.491698165260864,0.2369978427886963,774.7663938999176
25.250654713667686,28.920621479350455,46,-9.876877e-06,470000,2.5853447914123535,17.000977516174316,13.895043849945068,100,0.01999831199645996,-0.0026911693,1.6397941561389375,35.96590304641204,16.738979816436768,32.25847383793025,0.2409992218017578,791.7803711891174
25.368800335163563,29.613175483932114,47,-9.771396e-06,480000,2.562277317047119,16.844976663589478,13.766178607940674,100,0.0159759521484375,-0.0019803676,1.472754179312129,35.609860029723926,16.580002784729004,32.44245298520896,0.24799823760986328,808.638346195221
25.615584871229284,28.107937711571555,48,-9.666345e-06,490000,2.560971975326538,16.66697645187378,13.589378833770752,100,0.016999006271362305,-0.0007961726,1.5875431579750592,35.763369604585925,16.406978845596313,32.718569860141045,0.24299860000610352,825.3193228244781
25.605781138712846,28.8621470124425,49,-9.572113e-06,500000,2.523045063018799,17.081974744796753,13.974306583404541,100,0.02300095558166504,-0.0027092546,1.533146196338563,36.44868960087153,16.801979303359985,32.73906802788602,0.2559976577758789,842.4142978191376
25.55520615132484,29.130162556091108,50,-9.460494e-06,510000,2.5818824768066406,16.45297908782959,13.35410189628601,100,0.02300119400024414,-0.0028250427,1.452836640842308,36.725575627211605,16.185980081558228,32.67389316074027,0.242997407913208,858.8802773952484
25.415558879186396,29.497036692097495,51,-9.36696e-06,520000,2.617433547973633,17.079976081848145,13.92013931274414,100,0.022967815399169922,-0.002546994,1.4319543958513803,35.301567999256584,16.803008556365967,32.622155359921756,0.2529785633087158,875.9732534885406
25.548729884517932,30.053669454436374,52,-9.258471e-06,530000,2.589808464050293,17.165976762771606,14.048637866973877,100,0.023997783660888672,-0.0016701398,1.4787823395251773,36.03217625450259,16.897979497909546,32.74413787940564,0.24399948120117188,893.1522316932678
25.355219215729107,28.648796061338402,53,-9.1605225e-06,540000,2.5393495559692383,16.831976890563965,13.771251440048218,100,0.016995906829833984,-0.003783383,1.610063425367748,35.743582148462146,16.5639808177948,32.57623877319657,0.25100016593933105,909.997209072113
25.811217257668897,29.75096848215323,54,-9.07071e-06,550000,2.5875041484832764,16.87997841835022,13.772042036056519,100,0.02500009536743164,-0.002964222,1.5261133054346074,36.637444041696874,16.614978075027466,33.102486974782884,0.24000024795532227,926.8901889324188
25.8266167505254,29.486187024879168,55,-8.977506e-06,560000,2.562619686126709,16.704978466033936,13.645604372024536,100,0.01700878143310547,-0.0021052025,1.3482778735420005,35.99042026244992,16.44200372695923,33.14452691906978,0.24596595764160156,943.6081671714783
25.476922968186585,29.90852890932865,56,-8.892096e-06,570000,2.526552438735962,16.94197726249695,13.877546072006226,100,0.017999649047851562,-0.0034535045,1.3302405350964688,37.29045212650485,16.66897940635681,32.78975690999831,0.25499820709228516,960.5631427764893
25.761283216092043,30.05902242193498,57,-8.7946155e-06,580000,2.525670289993286,16.656978607177734,13.58683180809021,100,0.01999950408935547,-0.0024349617,1.5079584991103605,37.14747459629807,16.390979766845703,33.085331797336245,0.24499797821044922,977.2321214675903
25.75756068910689,29.101659924702624,58,-8.713574e-06,590000,2.6185896396636963,17.180530786514282,14.042908191680908,100,0.02399921417236328,0.0036017024,1.47198069757696,36.4909478845232,16.914531707763672,33.12624741259834,0.24099969863891602,994.4276523590088
26.084514181306982,30.00126628848433,59,-8.617157e-06,600000,2.543731451034546,16.737976789474487,13.630425453186035,100,0.024029016494750977,-0.0007298946,1.430800381535047,36.64558368974184,16.472979307174683,33.43148085537334,0.2409684658050537,1011.1786284446716
25.956146158829387,30.12158147728318,60,-8.558274e-06,610000,2.535051107406616,16.80597996711731,13.644066095352173,100,0.01700282096862793,-0.0032368803,1.3498814593142416,36.84052945985772,16.54498028755188,33.34547168012488,0.24399685859680176,1027.9976081848145
25.858997256469053,30.375167374235755,61,-8.460686e-06,620000,2.5976264476776123,16.765978574752808,13.644024133682251,100,0.02199864387512207,0.0027013386,1.374488566888174,36.569235880804136,16.50197982788086,33.24162554746285,0.24100017547607422,1044.7775869369507
25.82454461765562,30.238712494584735,62,-8.381285e-06,630000,2.5541701316833496,17.082976818084717,14.001750469207764,100,0.021030902862548828,-0.0027030397,1.5474664743022655,36.61865573860171,16.821977615356445,33.210040681681164,0.23996829986572266,1061.8735625743866
25.78114860827454,30.508234014564856,63,-8.294796e-06,640000,2.580901622772217,16.890978574752808,13.77550458908081,100,0.021999835968017578,-0.0017668767,1.3540419245795206,36.373651994084554,16.61897921562195,33.19521605312397,0.24799799919128418,1078.7765409946442
26.073217714934735,30.42271440914528,64,-8.200432e-06,650000,2.5838046073913574,16.966979026794434,13.839806318283081,100,0.01999831199645996,0.0010838326,1.3152484260731825,36.43251701916847,16.70998239517212,33.48092471184859,0.2369983196258545,1095.755518913269
26.32206905885934,30.81944682780445,65,-8.122997e-06,660000,2.4580135345458984,16.530977487564087,13.53418779373169,100,0.018999576568603516,-0.0020119369,1.426345968241037,36.76034945706388,16.262980699539185,33.74236331336562,0.24599790573120117,1112.299497127533
25.78552803885196,30.155657709366796,66,-8.060617e-06,670000,2.57009220123291,16.75497794151306,13.65404486656189,100,0.018973112106323242,-0.0005979929,1.49487964688473,36.06515987476541,16.494003534317017,33.18969744861765,0.24200129508972168,1129.0754764080048
25.900643316712717,30.214350782103068,67,-7.9912425e-06,680000,2.516195058822632,16.828976154327393,13.778248310089111,100,0.023996591567993164,-0.0025020246,1.5492012010283807,36.718444974353226,16.57197880744934,33.34251280952255,0.2330007553100586,1145.9184532165527
26.075674756667162,30.693272587217074,68,-7.91442e-06,690000,2.5681638717651367,16.851978540420532,13.777377605438232,100,0.018001079559326172,0.00033826663,1.4169305977915907,36.85491498845557,16.587003469467163,33.50674698444675,0.2449970245361328,1162.782431602478
26.281975753631215,30.662554028632197,69,-7.828642e-06,700000,2.5707669258117676,16.829978704452515,13.720544576644897,100,0.017962217330932617,-0.0031300806,1.3634524362248899,36.59577038766433,16.555017948150635,33.7953159341318,0.25499796867370605,1179.6244096755981
26.290059635346896,29.998874859929327,70,-7.7723635e-06,710000,2.523730516433716,16.7039794921875,13.637369871139526,100,0.02400517463684082,-0.0011590712,1.369155016441311,37.546129236834155,16.437003135681152,33.78653123833441,0.24297118186950684,1196.3413903713226
26.05283836160074,30.47234521793558,71,-7.700167e-06,720000,2.5436105728149414,17.097977876663208,13.969473838806152,100,0.019999265670776367,-0.0018136308,1.3984369561221721,37.08732113609185,16.828978776931763,33.61996652015295,0.24799871444702148,1213.4523665904999
26.04930701794577,29.786717995347548,72,-7.634857e-06,730000,2.514914035797119,16.872978925704956,13.834105968475342,100,0.01699662208557129,0.002501121,1.3531277645209419,36.51907107342495,16.612983226776123,33.529225488110704,0.24199891090393066,1230.338344335556
26.279890003745084,29.950910145190548,73,-7.5581265e-06,740000,2.5208077430725098,16.508980751037598,13.462763547897339,100,0.02199554443359375,0.0008285167,1.5237247736470603,36.89223019704427,16.238978147506714,33.72848155763288,0.24500131607055664,1246.8603241443634
26.07439859262744,30.108702791747184,74,-7.481825e-06,750000,2.583996295928955,16.98797631263733,13.857690811157227,100,0.022004365921020508,-0.002073933,1.391625923486085,36.78220151954199,16.72000527381897,33.589872962598875,0.24399662017822266,1263.860300064087
26.312328678302755,30.243830275365628,75,-7.4138748e-06,760000,2.5929126739501953,16.782980918884277,13.664838790893555,100,0.022997379302978516,0.0016866848,1.3644862399808686,36.77247084571085,16.52001166343689,33.8409823201173,0.23800110816955566,1280.6552805900574
26.253053254303822,29.71707049479562,76,-7.341379e-06,770000,2.583016872406006,16.989978551864624,13.89465069770813,100,0.01600050926208496,-0.00067940657,1.4471065284147735,37.533899227839164,16.736980199813843,33.85834493310713,0.23599815368652344,1297.6582562923431
26.338058533264885,30.211530575179708,77,-7.2248577e-06,780000,2.624311685562134,16.94597840309143,13.80921721458435,100,0.01900029182434082,-0.0019666997,1.3588569836556765,37.688343602029235,16.690978527069092,33.92814324352466,0.23499774932861328,1314.6172342300415
26.395043310529562,30.869720089162314,78,-7.1439513e-06,790000,2.5012996196746826,16.24898099899292,13.243266344070435,100,0.018999338150024414,0.0014570705,1.515759738089819,37.78257847307099,15.986982107162476,34.036214858441866,0.24200057983398438,1330.8782155513763
26.153347931918898,30.653888792137828,79,-7.0446226e-06,800000,2.5515940189361572,16.619978666305542,13.533592224121094,100,0.017998218536376953,0.0073494716,1.234408629573255,36.380969039014275,16.347978591918945,33.76687186576956,0.2540018558502197,1347.5111932754517
26.161942693903796,30.61650929593488,80,-6.96465e-06,810000,2.5870940685272217,16.712977409362793,13.620916843414307,100,0.020029783248901367,-0.0003504366,1.3975766911769762,36.929658751895836,16.453980445861816,33.71079255757236,0.2389671802520752,1364.2371702194214
26.188236396891607,30.43922173529408,81,-6.884188e-06,820000,2.5533204078674316,17.054083108901978,13.978791236877441,100,0.01596832275390625,0.0058469116,1.4901552334155441,37.746247274446496,16.795113563537598,33.75579658690341,0.24300122261047363,1381.3052537441254
26.313206308672342,31.276911307307792,82,-6.832102e-06,830000,2.5137689113616943,16.652979850769043,13.565937280654907,100,0.01799798011779785,0.004594877,1.2384713771854088,36.492567746098736,16.394980907440186,33.80269851278296,0.24000096321105957,1397.971232175827
26.192612986531312,30.80948044812879,83,-6.7677975e-06,840000,2.569627046585083,17.070977926254272,13.990918159484863,100,0.020031452178955078,0.0017480451,1.4279729618482295,37.23378187703983,16.81298065185547,33.67089989022063,0.23696637153625488,1415.0542089939117
26.19859671489618,30.003083882192886,84,-6.7065043e-06,850000,2.5414185523986816,16.796977758407593,13.730137825012207,100,0.024000883102416992,0.01039695,1.5491806573059896,37.09701240321863,16.532979726791382,33.77325612145411,0.23999714851379395,1431.866187095642
26.218328841061215,30.392611945466527,85,-6.617731e-06,860000,2.532897472381592,16.970978498458862,13.884528160095215,100,0.016997337341308594,-0.00073364767,1.553514634748196,37.557328181404685,16.71198034286499,33.86880480297081,0.24100041389465332,1448.8501651287079
26.31576904437064,30.8897071273653,86,-6.575309e-06,870000,2.5478124618530273,16.76697826385498,13.700596332550049,100,0.017028331756591797,-0.0011493841,1.4228219537458817,38.380324856314196,16.509981870651245,33.992497032966874,0.2389674186706543,1465.6301431655884
26.660206709612456,31.352719844805065,87,-6.5344893e-06,880000,2.5805747509002686,16.651978731155396,13.556555032730103,100,0.015965700149536133,-0.0031822028,1.3992800801925207,37.52820637880258,16.3860125541687,34.277652579187524,0.2500004768371582,1482.2951216697693
26.588219611347995,30.586555889136807,88,-6.485655e-06,890000,2.569063186645508,16.76497769355774,13.682193040847778,100,0.021970033645629883,-0.001377104,1.517693075164173,38.19784702557153,16.504010438919067,34.23876523000676,0.23799753189086914,1499.0730993747711
26.925288954811922,30.954690203793643,89,-6.437423e-06,900000,2.595456838607788,16.90897822380066,13.795177936553955,100,0.01597309112548828,-0.002412908,1.5642755423136785,37.814042055099755,16.651004314422607,34.608184792739735,0.24100065231323242,1515.9940783977509
26.33456996375737,31.2627002192579,90,-6.4077376e-06,910000,2.6208534240722656,17.07097864151001,13.936558485031128,100,0.022997617721557617,0.0027989957,1.5054134426900343,37.04719112995766,16.809004545211792,34.01338386819838,0.23800110816955566,1533.0780563354492
26.56276617482531,30.46233290572233,91,-6.3494754e-06,920000,2.618988037109375,16.74297833442688,13.610918283462524,100,0.017000436782836914,-0.001992183,1.5441676013239258,38.66788023622833,16.486980199813843,34.34110015780606,0.2369978427886963,1549.8340339660645
26.497424089483875,29.71916647086375,92,-6.3035786e-06,930000,2.611811637878418,17.116978645324707,13.971956729888916,100,0.024966955184936523,0.0037331406,1.397762284482533,37.598696679359364,16.843981742858887,34.283816484336,0.24400091171264648,1566.964012145996
26.481433773139806,31.2622307406878,93,-6.2238973e-06,940000,2.4983835220336914,17.133978128433228,14.04599666595459,100,0.016970396041870117,-0.00013212432,1.44615773268291,38.42263082794532,16.875011920928955,34.3348459255409,0.24199581146240234,1584.110989332199
26.71321154208699,30.970738881667433,94,-6.1729334e-06,950000,2.556824207305908,16.798977613449097,13.734232425689697,100,0.01899552345275879,-0.00060822803,1.535954377329558,37.37983709743106,16.544982194900513,34.61685246366628,0.2330000400543213,1600.9229671955109
26.755816143361823,31.510127641077652,95,-6.1219307e-06,960000,2.4787614345550537,16.628979444503784,13.616044998168945,100,0.021003007888793945,0.0006335204,1.3551145709944104,37.51725123534197,16.36397933959961,34.65030643411626,0.24199819564819336,1617.563946723938
26.671314784713,31.36975209848111,96,-6.070026e-06,970000,2.5171635150909424,16.557979583740234,13.525904655456543,100,0.01797628402709961,-0.0027611786,1.4665311187083587,38.32625809389846,16.299981594085693,34.51513339788938,0.23900175094604492,1634.1349251270294
26.31093742552996,30.706180791339513,97,-6.0295697e-06,980000,2.5430538654327393,16.755977630615234,13.68938684463501,100,0.023969650268554688,0.004847686,1.5302856214055347,37.65774787661124,16.48201060295105,34.200670980078804,0.24899792671203613,1650.9029023647308
26.47705404028536,31.143910714728598,98,-5.970113e-06,990000,2.5741138458251953,16.656978368759155,13.561557292938232,100,0.018990516662597656,0.0072790445,1.474771645576506,37.981067121038706,16.396990299224854,34.331749653504936,0.23999786376953125,1667.5728812217712
26.63010570171364,30.122467723437193,99,-5.9313998e-06,1000000,2.5337164402008057,16.74097752571106,13.683849334716797,100,0.02303171157836914,0.0059460085,1.4644870244440078,37.69537123184427,16.47597885131836,34.507057294711295,0.2409658432006836,1684.326858997345
26.54715078144339,30.43983019722052,100,-5.879064e-06,1010000,2.59721302986145,16.733980417251587,13.630541324615479,100,0.017973899841308594,-0.0018735224,1.5147702749986782,37.81298367556293,16.477005004882812,34.39920765661785,0.23900151252746582,1701.0738394260406
26.721097333979486,31.134186280249878,101,-5.8160663e-06,1020000,2.5216236114501953,16.75197982788086,13.701768159866333,100,0.016968965530395508,-0.0005639119,1.330069987729391,37.70762775845206,16.482009172439575,34.57366173320322,0.2520008087158203,1717.8388168811798
26.730576398692413,31.677833671755813,102,-5.7942184e-06,1030000,2.6082096099853516,17.08997893333435,13.95503544807434,100,0.017995119094848633,-0.002103302,1.3700332350849254,37.801447312088825,16.836981534957886,34.610172263644166,0.23400211334228516,1734.9417943954468
26.716230771645172,31.384750139955717,103,-5.731065e-06,1040000,2.467322587966919,16.363980293273926,13.302870988845825,100,0.023998260498046875,-0.0011402799,1.5016159210532412,38.52634910999683,16.083980798721313,34.572007803250195,0.2550008296966553,1751.317773103714
26.8080614721825,30.01454547977326,104,-5.6859653e-06,1050000,2.531851291656494,16.58597993850708,13.528356313705444,100,0.02395939826965332,-0.0016001042,1.4652133440402366,37.77423796125176,16.323019981384277,34.71512821885116,0.23800110816955566,1767.915751695633
26.676107983044197,31.418944536332184,105,-5.63496e-06,1060000,2.5174715518951416,17.068978309631348,14.0248703956604,100,0.016997575759887695,0.001788375,1.342915803956286,37.36253349259788,16.810980796813965,34.57478403570471,0.24099993705749512,1784.9977312088013
26.961394899974703,31.327105076097954,106,-5.5975e-06,1070000,2.5638587474823,16.73098087310791,13.665494918823242,100,0.01696157455444336,0.0011678033,1.5374148821433666,37.96468861381679,16.474008560180664,34.90951108032514,0.23800039291381836,1801.7407100200653
26.734799031789564,31.923270319916266,107,-5.5693663e-06,1080000,2.605715274810791,17.135979652404785,14.002622604370117,100,0.01596975326538086,-0.00079094584,1.309184372670236,38.04771616143077,16.880012273788452,34.767919277877446,0.23999762535095215,1818.8896901607513
26.990077136479478,30.55783015099641,108,-5.514153e-06,1090000,2.5353238582611084,16.6889808177948,13.616080045700073,100,0.023999691009521484,-0.0031141487,1.3594472456783822,37.885143807373154,16.426981210708618,35.03584468728552,0.23799991607666016,1835.590669631958
26.661343196945708,31.799548703466318,109,-5.44202e-06,1100000,2.5249547958374023,16.445980548858643,13.396803140640259,100,0.024997472763061523,-0.001062134,1.4685234447913178,39.2607551209491,16.177980184555054,34.68452662829838,0.2409987449645996,1852.0486497879028
26.83381571617932,30.79305582552785,110,-5.3698145e-06,1110000,2.529273271560669,16.32997989654541,13.2881600856781,100,0.022974729537963867,0.0026598026,1.478346164502803,38.43217039035392,16.06200647354126,34.89747742763746,0.24399709701538086,1868.3906292915344
26.81545305909622,30.546828959187344,111,-5.2990413e-06,1120000,2.6017370223999023,17.15797734260559,14.036275148391724,100,0.02299642562866211,-0.0010676328,1.503283907776558,37.7718131853489,16.887981176376343,34.853268998889874,0.24699974060058594,1885.5616087913513
26.882309611538176,32.42725921429974,112,-5.2220726e-06,1130000,2.5518293380737305,16.74198007583618,13.673097372055054,100,0.01599717140197754,-0.0031553893,1.2525543645138646,37.465667813064016,16.48298215866089,34.90805619581829,0.24200105667114258,1902.315589427948
26.722140890513028,30.708107941599636,113,-5.1640995e-06,1140000,2.521299123764038,16.655981302261353,13.621321678161621,100,0.0169675350189209,0.0012420727,1.440905696547731,37.89297455638785,16.396013021469116,34.78741659541906,0.24300074577331543,1918.9845707416534
26.774491689814734,30.949065300568865,114,-5.08463e-06,1150000,2.6428301334381104,17.213981866836548,13.962538242340088,100,0.024000883102416992,-0.000674103,1.360179058981027,37.94088100040514,16.91498064994812,34.85141452469097,0.2709994316101074,1936.2115499973297
26.871597710867672,31.47067435648085,115,-5.0554627e-06,1160000,2.53189754486084,16.525981664657593,13.470946311950684,100,0.024000883102416992,0.024896322,1.4760368653023317,38.129390315534295,16.258980751037598,34.88040192424826,0.24300003051757812,1952.7505300045013
26.923580727150338,31.675023003185963,116,-5.0119947e-06,1170000,2.5478568077087402,17.072980642318726,13.98743748664856,100,0.023967742919921875,0.03312367,1.4741600967447583,38.27823840394949,16.798011779785156,34.97812277972021,0.24900126457214355,1969.835509300232
26.817752655421337,31.317863818582207,117,-4.9438067e-06,1180000,2.548924207687378,17.107979774475098,14.025320529937744,100,0.016968965530395508,0.003501484,1.3415297535867652,38.05426098990835,16.8340106010437,34.80808470330431,0.2559998035430908,1986.9554879665375
26.81588220238668,31.20634847728991,118,-4.911754e-06,1190000,2.541933298110962,16.290980100631714,13.206538200378418,100,0.023998737335205078,0.017529352,1.5453478097594042,38.15951372834819,16.013981819152832,34.725225837829946,0.25299954414367676,2003.2594683170319
26.760314491381855,31.18617998287309,119,-4.8665333e-06,1200000,2.5547893047332764,17.024980545043945,13.936355113983154,100,0.020972251892089844,0.0006111212,1.4349692800792995,37.880281954656404,16.749009370803833,34.66010618701315,0.2539997100830078,2020.2974481582642
26.724092311714458,31.23309518597878,120,-4.859374e-06,1210000,2.6189932823181152,17.052979946136475,13.917152404785156,100,0.020998716354370117,-0.0008914891,1.4962457277572607,38.64594550709955,16.780980587005615,34.550791425771585,0.25100064277648926,2037.3634278774261
26.819244394312417,30.709514713435727,121,-4.768796e-06,1220000,2.561495780944824,16.73997950553894,13.633249044418335,100,0.01597452163696289,0.0031906047,1.608640269207955,37.98792134839216,16.442005395889282,34.72556315350155,0.28100061416625977,2054.1164078712463
26.68156713084259,31.929224560075166,122,-4.744225e-06,1230000,2.6160037517547607,17.1219801902771,13.952314376831055,100,0.023000240325927734,0.00080585433,1.395692648267887,38.01829560762877,16.81601333618164,34.579699113037165,0.2819983959197998,2071.2513868808746
26.741124094269868,30.971013413491825,123,-4.729173e-06,1240000,2.571507692337036,16.738979816436768,13.60942792892456,100,0.017969608306884766,-9.958934e-05,1.385938297841489,38.08462368582673,16.447011947631836,34.58557818645197,0.2739982604980469,2088.0033667087555
26.767647568423314,31.451827018733773,124,-4.6552573e-06,1250000,2.534414768218994,16.683979272842407,13.606366872787476,100,0.01596689224243164,0.0009469654,1.4872073772888204,37.99769975140819,16.40901255607605,34.62349476895601,0.2579996585845947,2104.7003457546234
26.925560640957883,32.095731013303414,125,-4.6093e-06,1260000,2.556734085083008,16.946979999542236,13.779443740844727,100,0.01999068260192871,0.0036495733,1.4607318401211973,37.617810862308495,16.64898133277893,34.827922551627,0.2759978771209717,2121.6593265533447
26.70976715462414,31.176760229926764,126,-4.56025e-06,1270000,2.5278055667877197,17.126980304718018,14.03292179107666,100,0.023997783660888672,0.0007417757,1.459109112065508,37.57582032838498,16.83998203277588,34.60454305685209,0.26300048828125,2138.799306154251
26.884442815831985,31.15107186403143,127,-4.525579e-06,1280000,2.5672953128814697,17.03797960281372,13.923991441726685,100,0.02299809455871582,-0.0025686824,1.364319908643953,38.70253297932717,16.743982076644897,34.823166471820244,0.26999974250793457,2155.850285053253
26.784701560382235,31.977972062908552,128,-4.467519e-06,1290000,2.595581531524658,17.126978158950806,13.982547521591187,100,0.016963720321655273,0.0069119623,1.1317782272085282,36.98659382975034,16.846015214920044,34.76448306588233,0.2630007266998291,2172.9902651309967
26.73681906423258,31.348630248790883,129,-4.4427657e-06,1300000,2.5890114307403564,17.098979711532593,13.952582597732544,100,0.024033308029174805,0.0025091018,1.4092348116857771,37.74043019458904,16.809981107711792,34.61374237412425,0.264965295791626,2190.102244615555
27.069495815345302,31.149411589324686,130,-4.3884434e-06,1310000,2.577786922454834,17.153979539871216,14.01589322090149,100,0.023998498916625977,-0.00034465996,1.2953235383379846,37.15262006405057,16.868982791900635,34.837803108086774,0.2609982490539551,2207.269223690033
26.8544566151778,31.189259673883445,131,-4.362239e-06,1320000,2.581519365310669,17.11997961997986,13.983622550964355,100,0.023999691009521484,-0.0009057796,1.4151689884001575,37.68261234821577,16.84098196029663,34.669864728318345,0.25499796867370605,2224.4022028446198
26.82870586110048,31.606463715212126,132,-4.302548e-06,1330000,2.511986494064331,16.585978984832764,13.538482427597046,100,0.01999807357788086,-0.00149451,1.2940065296476653,37.25575409615838,16.3039813041687,34.6811524395369,0.2609996795654297,2241.002182006836
26.89742947682234,31.21780046166252,133,-4.2405163e-06,1340000,2.579328775405884,17.120981454849243,13.996250629425049,100,0.0219724178314209,0.005725767,1.3971955751935572,38.286236354824105,16.83300757408142,34.791620495485915,0.2650010585784912,2258.13516330719
26.877696172088804,32.31326198757141,134,-4.2154106e-06,1350000,2.601849317550659,17.09797978401184,13.941982746124268,100,0.023003578186035156,0.002513661,1.2361468588590594,37.64500192024656,16.811980724334717,34.819081235503624,0.25899672508239746,2275.24614238739
26.98344909673965,31.825247590832902,135,-4.191925e-06,1360000,2.509427070617676,16.90897822380066,13.819486856460571,100,0.0189669132232666,0.0030168837,1.306179109100307,37.986799443076485,16.614014148712158,34.968927209954295,0.2739980220794678,2292.16912150383
26.978106641462997,31.80662062534193,136,-4.144325e-06,1370000,2.60298228263855,17.16197967529297,13.97631311416626,100,0.017975807189941406,0.0003117882,1.2351267477224805,37.99814752537822,16.874006032943726,34.96861214428758,0.26999783515930176,2309.3441014289856
26.861247390796137,31.474999173710728,137,-4.102293e-06,1380000,2.552929401397705,17.077979803085327,13.980266571044922,100,0.02399754524230957,-0.0013528238,1.1618159715715504,38.14610151657967,16.7919819355011,34.833877960220775,0.26200032234191895,2326.435080766678
26.88166547656381,31.773090113957757,138,-4.0551377e-06,1390000,2.530421733856201,16.786979913711548,13.712599277496338,100,0.01900005340576172,-0.0007784865,1.3166410190930478,38.4056868944204,16.505981922149658,34.84964118375931,0.259998083114624,2343.2340602874756
27.00633256702407,30.872386020738176,139,-3.990029e-06,1400000,2.5518243312835693,17.093980312347412,13.99558711051941,100,0.020966768264770508,-0.0007933081,1.4837509668614088,37.91148148033438,16.80401301383972,34.99885943794707,0.2670009136199951,2360.3410403728485
26.73899517702879,30.9846235599211,140,-3.9290057e-06,1410000,2.5957391262054443,17.05297827720642,13.920907020568848,100,0.020006895065307617,0.007424418,1.38044150022174,38.159277710345215,16.771978855133057,34.718115947488776,0.26099252700805664,2377.407019138336
27.0223555377256,32.32848502142488,141,-3.8583516e-06,1420000,2.616314172744751,17.141980171203613,13.976975440979004,100,0.0169675350189209,0.010765834,1.3198167613909364,38.15853113517264,16.864011526107788,34.953935432056454,0.2610011100769043,2394.5609996318817
27.19634493657243,32.167410714460196,142,-3.8026083e-06,1430000,2.606489658355713,16.792980194091797,13.630992650985718,100,0.023973941802978516,0.002079089,1.2613696037112025,38.39107156894948,16.500006914138794,35.12089399693905,0.2689993381500244,2411.3669786453247
26.80411205838189,31.733227298719658,143,-3.7488555e-06,1440000,2.494270086288452,16.357980251312256,13.320649147033691,100,0.016962766647338867,0.0024391036,1.4382811361817442,38.19882352842006,16.078011751174927,34.70796036424109,0.26200056076049805,2427.737958908081
26.902927230288338,31.13877938795802,144,-3.6684883e-06,1450000,2.527503490447998,16.472980499267578,13.405156373977661,100,0.01697254180908203,-0.0021033164,1.5630195058264478,38.84587558185654,16.189009189605713,34.821446978593805,0.26599860191345215,2444.2229387760162
26.680588014613527,31.6598017739356,145,-3.6033773e-06,1460000,2.549488067626953,16.5709810256958,13.511547803878784,100,0.019974946975708008,-0.0022309124,1.2519508136367654,37.46624915443011,16.290005922317505,34.64194887638944,0.2610001564025879,2460.8069195747375
27.048583538975375,31.47806354404146,146,-3.5257744e-06,1470000,2.5082035064697266,16.595980167388916,13.54625678062439,100,0.016000032424926758,-0.0029661562,1.264454545749039,37.88457358494863,16.324982404708862,34.932939728093416,0.25499773025512695,2477.4158992767334
26.864566173011525,30.982371281376828,147,-3.426597e-06,1480000,2.5816807746887207,16.889980792999268,13.695802927017212,100,0.022996902465820312,0.011429464,1.3553915548182025,37.72478784902152,16.590017080307007,34.775667596773395,0.27500104904174805,2494.318879365921
26.97262332111754,32.01127652392029,148,-3.3785905e-06,1490000,2.5967068672180176,17.006978511810303,13.871361255645752,100,0.024998188018798828,0.0049326965,1.324973668119225,37.79639796825227,16.729981184005737,34.91430885158673,0.25099968910217285,2511.3378582000732
27.040253310324857,30.728151732532602,149,-3.3339547e-06,1500000,2.5433499813079834,16.576980352401733,13.485639572143555,100,0.01599597930908203,0.0008526429,1.5086054868771153,38.04204822251747,16.307984352111816,34.97637811338397,0.25300002098083496,2527.9278388023376
26.86655934698837,31.131084207195297,150,-3.3263384e-06,1510000,2.5370054244995117,17.06697964668274,13.996086597442627,100,0.021972179412841797,0.0034635083,1.6320487004300654,38.30455525580899,16.785025119781494,34.86659902564272,0.2589998245239258,2545.007818222046
26.83905216806841,32.2289795061366,151,-3.2835899e-06,1520000,2.630708932876587,17.162978887557983,14.000980377197266,100,0.019997119903564453,0.00040626235,1.3841171181552951,38.361768627915126,16.884981155395508,34.90902269524836,0.25800061225891113,2562.1837973594666
27.389019292148635,32.305620461051824,152,-3.256471e-06,1530000,2.565359115600586,16.70098042488098,13.613057374954224,100,0.0239717960357666,-0.0017577228,1.2837287106593855,38.87899657350906,16.423006296157837,35.46440255259863,0.2520012855529785,2578.897777557373
27.072659190991818,31.83464555722712,153,-3.2153953e-06,1540000,2.563460350036621,16.87998104095459,13.773563623428345,100,0.017954349517822266,0.005437582,1.2807006790900308,38.37635268751952,16.609013557434082,35.094602307391,0.2520015239715576,2595.7907581329346
27.085603987025934,32.011118594145174,154,-3.1594561e-06,1550000,2.5026540756225586,17.01644253730774,13.979342222213745,100,0.01699995994567871,-0.0021859705,1.2172004439650412,38.452417136788846,16.74344277381897,35.11403683564472,0.2559998035430908,2612.81920003891
27.10615431015844,31.278716151547613,155,-3.0787394e-06,1560000,2.540383815765381,16.713980436325073,13.626029014587402,100,0.018001079559326172,0.007464114,1.3705307944101146,38.63500325065443,16.435981273651123,35.13985039131383,0.259998083114624,2629.546180009842
26.87989312089344,32.199925085355545,156,-3.0520116e-06,1570000,2.5034396648406982,16.6629798412323,13.621973276138306,100,0.023029804229736328,0.011401366,1.2104094942617747,37.057895157785886,16.379011631011963,34.881563215896,0.25897884368896484,2646.2221596240997
26.86287059980215,32.17477541977262,157,-3.0179272e-06,1580000,2.470674753189087,16.70598077774048,13.691594362258911,100,0.02398991584777832,-0.00046765318,1.278273240048381,38.46622578828325,16.410012245178223,34.84655890875795,0.2709999084472656,2662.941139936447
27.034798868174597,31.777030195604105,158,-2.9620362e-06,1590000,2.567031145095825,16.99312996864319,13.842841625213623,100,0.022959232330322266,0.0012328133,1.4611677595205625,38.35700009904619,16.7131609916687,34.99559882850983,0.2550022602081299,2679.9472711086273
26.871242852982917,32.303411300089515,159,-2.9097257e-06,1600000,2.4998092651367188,16.65398359298706,13.608386039733887,100,0.017998218536376953,0.013835356,1.2262699483357744,38.31108530323313,16.37598466873169,34.858235347079905,0.26000070571899414,2696.61425113678
26.815411296089422,31.954836637345224,160,-2.8584398e-06,1610000,2.519237756729126,16.670982122421265,13.627104997634888,100,0.019969701766967773,0.0019585572,1.2461759863278867,37.80602298404828,16.388010263442993,34.77775441787562,0.2630021572113037,2713.2982335090637
26.70836870711318,31.467945496218515,161,-2.8259121e-06,1620000,2.600602149963379,16.809985637664795,13.654883861541748,100,0.016968488693237305,0.0051965457,1.4352726086566527,38.17096286262683,16.519021034240723,34.689755411156675,0.27300310134887695,2730.121216773987
26.783966053582894,31.69490459253671,162,-2.7522194e-06,1630000,2.5613291263580322,16.855981588363647,13.73860502243042,100,0.023000717163085938,0.0008766242,1.224945853425253,37.88882861153023,16.5729820728302,34.762232024341735,0.25999879837036133,2746.991195678711
27.116739418122776,31.62514466081763,163,-2.715001e-06,1640000,2.5459346771240234,16.71998143196106,13.643630743026733,100,0.01597118377685547,0.006311287,1.2620510944028627,38.35378665948159,16.446009874343872,35.16499339783227,0.25800037384033203,2763.7241764068604
27.130857289770855,32.29841451452081,164,-2.6719235e-06,1650000,2.571392774581909,16.955981492996216,13.846453428268433,100,0.021001815795898438,0.0080426335,1.4399720427754215,38.238695853762906,16.67298150062561,35.15495542917393,0.26199817657470703,2780.6921577453613
26.939575395828395,31.76706164071774,165,-2.6267683e-06,1660000,2.6137142181396484,17.05790424346924,13.91135835647583,100,0.023001670837402344,0.0020695694,1.4002955282366223,37.90395094379907,16.773905038833618,35.00119965964315,0.2599973678588867,2797.7620618343353
26.772767520713415,31.948224390831825,166,-2.5801382e-06,1670000,2.579859733581543,16.963981866836548,13.84754228591919,100,0.02200174331665039,-0.00018355002,1.1816644418329367,37.54314430413676,16.677982091903687,34.81761025756809,0.2629983425140381,2814.7390422821045
27.214592790356452,31.847162184192953,167,-2.5571237e-06,1680000,2.580428123474121,16.768981218338013,13.63513994216919,100,0.017975807189941406,-0.0024558296,1.4115541737292583,39.87150688808829,16.480007648468018,35.27721180598437,0.2709977626800537,2831.520023584366
27.014838705967524,30.158630976745354,168,-2.5613451e-06,1690000,2.5275986194610596,16.707982301712036,13.613497257232666,100,0.01603245735168457,-0.00069327396,1.405016355348936,38.097934381049264,16.41998291015625,35.1282728118237,0.26999855041503906,2848.2410056591034
27.397973412688756,32.67701925074724,169,-2.5024544e-06,1700000,2.5745797157287598,17.09498119354248,13.929077863693237,100,0.023974180221557617,-0.0007667671,1.4724882656945515,38.7659803529179,16.798011302947998,35.47659056669584,0.2729957103729248,2865.3509860038757
27.0438627131241,32.16263142357154,170,-2.4512944e-06,1710000,2.6489760875701904,17.048980951309204,13.86681318283081,100,0.023974895477294922,-0.001578125,1.437458916226989,38.76454449188995,16.75700807571411,35.157847685450754,0.26599860191345215,2882.41396856308
27.160505127617242,32.17899004319783,171,-2.3841476e-06,1720000,2.48054838180542,16.30498194694519,13.298792839050293,100,0.017000675201416016,-0.0010382421,1.3105107014696187,38.32795228314297,16.03398323059082,35.29195463716123,0.2539980411529541,2898.731950044632
26.99223638304178,31.344163370757645,172,-2.3321832e-06,1730000,2.4853570461273193,16.689982414245605,13.673841714859009,100,0.021966218948364258,-0.000100968275,1.4088089377751052,38.299806290544474,16.39301824569702,35.11666671579333,0.2749979496002197,2915.4349324703217
26.99707056835052,31.515434493669527,173,-2.2667944e-06,1740000,2.57698917388916,17.068982124328613,13.929924726486206,100,0.024997472763061523,0.0076844594,1.500924483505716,38.39750193429895,16.77998399734497,35.111852643653464,0.2630000114440918,2932.515912771225
26.77876102052098,31.761670181851745,174,-2.1920953e-06,1750000,2.593339681625366,17.266981601715088,14.076586246490479,100,0.023999452590942383,0.002732038,1.3944566691206368,37.91342777733354,16.955982208251953,34.797033402762175,0.2869999408721924,2949.795893907547
26.933533153098992,32.03225145274565,175,-2.144891e-06,1760000,2.499950885772705,16.551981687545776,13.489871501922607,100,0.02800154685974121,-0.002207497,1.4183082337483957,37.98354582997332,16.250980854034424,35.003367546814395,0.2719993591308594,2966.3628764152527
27.4163090372638,32.05059924605167,176,-2.1075225e-06,1770000,2.4452121257781982,16.928981065750122,13.526622772216797,100,0.026996612548828125,-0.0007647971,1.4756453007396646,39.01917513868729,16.259984016418457,35.52013833347812,0.6389985084533691,2983.304857492447
27.114578219398904,32.34003201016154,177,-2.0433865e-06,1780000,2.509444236755371,16.63298201560974,13.458687782287598,100,0.025997638702392578,0.0024070486,1.38545859549925,38.11859485046708,16.241983652114868,35.183934447787585,0.36500072479248047,2999.9508390426636
27.153043039436117,32.286922877640954,178,-1.9763625e-06,1790000,2.483271837234497,16.499982595443726,13.468149423599243,100,0.02297067642211914,-0.0010541459,1.262850118774463,38.2538226361504,16.21601152420044,35.2307215379683,0.261000394821167,3016.4668204784393
27.118048854947883,32.002201491097935,179,-1.9050657e-06,1800000,2.5350937843322754,16.415982007980347,13.34051775932312,100,0.017999649047851562,0.013133665,1.4375494143943957,38.0784375276729,16.139978885650635,35.18921598618707,0.25800347328186035,3032.9018058776855
27.27955896548654,31.518712285809418,180,-1.8258988e-06,1810000,2.612011432647705,16.697981119155884,13.378759860992432,100,0.045999765396118164,0.02169227,1.4853880721197792,38.56897839484781,16.3039813041687,35.327777872089484,0.34599995613098145,3049.6227838993073
27.152435733971807,31.90840076090643,181,-1.7293656e-06,1820000,2.510917901992798,16.60198402404785,13.50403904914856,100,0.024012327194213867,0.00070077163,1.4373526686912603,38.16301261706327,16.283003568649292,35.28673031477365,0.29396796226501465,3066.2377676963806
27.337938726060607,31.577636824856423,182,-1.6844618e-06,1830000,2.472212076187134,16.55597996711731,13.525416374206543,100,0.01700115203857422,0.0014787514,1.5909892311510483,39.279150290535085,16.247982025146484,35.4778256205468,0.290996789932251,3082.814746618271
27.17134007084386,30.880561323724216,183,-1.6612792e-06,1840000,2.6093616485595703,16.886972427368164,13.63881540298462,100,0.047002315521240234,-0.00018414293,1.3693734563309379,38.160716243692484,16.510979652404785,35.23125311672182,0.3269984722137451,3099.7257285118103
27.166157799433076,32.26682704034221,184,-1.6226446e-06,1850000,2.610434055328369,16.497981548309326,13.292977094650269,100,0.05199909210205078,-0.00066507596,1.353172805007405,37.91631535295764,16.16298484802246,35.243589322708324,0.28299760818481445,3116.2367103099823
27.1651791875118,31.696666906459992,185,-1.5513384e-06,1860000,2.511707067489624,16.722981691360474,13.65835952758789,100,0.026001691818237305,-0.001943541,1.348325640379914,38.43336870615249,16.442981719970703,35.26229204718827,0.25299835205078125,3132.9726922512054
27.15033393293402,32.33754496152598,186,-1.5060973e-06,1870000,2.5673766136169434,16.79598116874695,13.69804310798645,100,0.015999794006347656,-0.001342402,1.4828467828282097,39.11973531080954,16.524982452392578,35.27950173462314,0.25499892234802246,3149.78067278862
26.835959548985766,32.06973721218029,187,-1.4632951e-06,1880000,2.577030897140503,16.479981184005737,13.360007286071777,100,0.023997783660888672,-0.00037163074,1.4277110557847925,37.910353966156315,16.19598364830017,34.95670255056316,0.25999975204467773,3166.2736551761627
26.970512931236712,31.95652620241049,188,-1.3886058e-06,1890000,2.5584895610809326,16.760981559753418,13.632310152053833,100,0.019999265670776367,-0.0013676415,1.3243332138515338,38.226864204705905,16.46601366996765,35.06683280369323,0.27496862411499023,3183.0476377010345
27.24787159988023,31.24694641439629,189,-1.3236963e-06,1900000,2.5324668884277344,16.592982530593872,13.524245738983154,100,0.021998167037963867,-0.0008822156,1.5478351632104332,38.77194401970323,16.314987897872925,35.362919541622205,0.2550015449523926,3199.653620004654
26.982542154543722,32.17266318581108,190,-1.2486637e-06,1910000,2.535183906555176,16.845980882644653,13.763761520385742,100,0.01599907875061035,-0.0011445341,1.3169655239675904,38.2895455170424,16.577982425689697,35.0988663648928,0.2519993782043457,3216.5125999450684
27.467528439929897,32.405432032578666,191,-1.20561e-06,1920000,2.5908420085906982,16.742981910705566,13.599873781204224,100,0.016997814178466797,-0.0010041352,1.4607811477626855,38.6829691851461,16.474982261657715,35.5495350311117,0.25100183486938477,3233.2685825824738
26.875916173522054,32.003160157390255,192,-1.1188686e-06,1930000,2.6258461475372314,16.975981950759888,13.815723657608032,100,0.02399897575378418,0.0012942372,1.5000723868417587,38.61062140544151,16.695013999938965,35.00004835569612,0.25696897506713867,3250.257563829422
27.263620932139105,32.01050438206721,193,-1.0872327e-06,1940000,2.5269174575805664,16.854982376098633,13.78771185874939,100,0.019000768661499023,0.0053423876,1.380327183555999,38.74609098099138,16.579012870788574,35.29667633360053,0.25499916076660156,3267.125545501709
27.463563744357334,32.80398501381764,194,-1.0371315e-06,1950000,2.4640214443206787,16.285983085632324,13.270351886749268,100,0.015959501266479492,-0.0013471675,1.3120850707816814,38.640054081738874,16.002984762191772,35.510148307154765,0.2650017738342285,3283.4235274791718
27.18975141727683,32.01349436513653,195,-9.730828e-07,1960000,2.556800127029419,16.764981031417847,13.670214653015137,100,0.0169985294342041,9.4388466e-05,1.3786654062253563,38.63518613407649,16.48798179626465,35.266025003658186,0.26000070571899414,3300.201508283615
27.19228203581471,32.29684224704941,196,-9.2708467e-07,1970000,2.6082496643066406,16.713982105255127,13.560513496398926,100,0.0240020751953125,-0.0018167298,1.2212739704739974,38.60219852880406,16.424983501434326,35.32306848581533,0.2639963626861572,3316.928489923477
27.208271129391445,30.994784529836252,197,-8.788979e-07,1980000,2.5644381046295166,16.681982040405273,13.589306354522705,100,0.020036697387695312,0.004658633,1.417801536213563,38.98156142064433,16.40498423576355,35.436583878944745,0.2569611072540283,3333.6224715709686
27.102638518584865,31.963832488249317,198,-8.2224005e-07,1990000,2.471907615661621,16.489980697631836,13.464879274368286,100,0.021973133087158203,-0.0012090942,1.456585743624537,38.295452132615836,16.19398260116577,35.29807305077799,0.27300000190734863,3350.1254529953003
27.353036524804132,32.42801497527172,199,-7.751262e-07,2000000,2.6375892162323,16.93198299407959,13.76904559135437,100,0.02299976348876953,-0.0020358975,1.411929844039891,39.11757580494745,16.651981353759766,35.561518576240545,0.25600171089172363,3367.069436073303
27.305041728401587,31.708663752463035,200,-6.723821e-07,2010000,2.5308098793029785,16.543981313705444,13.481524467468262,100,0.016000032424926758,-0.002269519,1.2409489568912677,38.3417057105453,16.268980979919434,35.47213779636956,0.259000301361084,3383.6264173984528
27.352026602656583,32.42524486248116,201,-5.8971284e-07,2020000,2.5713980197906494,16.717981815338135,13.574695825576782,100,0.020999431610107422,-0.0007556072,1.3567061522374564,38.52081961066347,16.443983554840088,35.51266190089507,0.25299882888793945,3400.3573982715607
27.10915520187957,31.927769271152183,202,-5.321324e-07,2030000,2.502910852432251,16.31798219680786,13.288120031356812,100,0.019998550415039062,-0.0011892235,1.4253343460943246,38.52664761171717,16.048983335494995,35.199794182510644,0.2480003833770752,3416.688379764557
27.0116346148228,32.164413459268694,203,-4.601264e-07,2040000,2.529283046722412,16.77735161781311,13.711281061172485,100,0.016998767852783203,5.371308e-05,1.3307791235088782,38.23761887059427,16.511351585388184,35.162517016367524,0.2480001449584961,3433.477730512619
27.1256251247535,32.238720242864396,204,-4.0526749e-07,2050000,2.5359749794006348,16.74898099899292,13.659614324569702,100,0.02299642562866211,0.000685707,1.3257110139298631,38.21433851475576,16.467985153198242,35.2332867030958,0.25699758529663086,3450.239711523056
27.408090395133907,31.42952290101946,205,-3.6058663e-07,2060000,2.566209316253662,16.42098093032837,13.315229654312134,100,0.029960155487060547,0.00055476004,1.443885778875099,38.5540538897386,16.13602352142334,35.45575113978018,0.25299811363220215,3466.673693418503
27.238285741540995,31.281348471083593,206,-2.9063105e-07,2070000,2.49581241607666,16.461982250213623,13.430890083312988,100,0.018000364303588867,1.4059526e-05,1.3895550147119904,38.05978171632855,16.181983947753906,35.34993118852549,0.2609984874725342,3483.1486761569977
27.083212617573412,31.955881774445587,207,-2.5932192e-07,2080000,2.675002336502075,17.113981008529663,13.899934530258179,100,0.02399897575378418,-0.0015471649,1.3212071392537597,38.1206159178766,16.825013875961304,35.201668463203546,0.26400113105773926,3500.2756567001343
27.320765852146504,32.635116598980844,208,-2.1357297e-07,2090000,2.5022478103637695,16.48198103904724,13.43109655380249,100,0.01799774169921875,-0.0016707274,1.4079746983338521,39.65376749814202,16.21098303794861,35.46779387970869,0.25300025939941406,3516.7706382274628
27.038423379357845,31.89011749512207,209,-1.3874411e-07,2100000,2.5379960536956787,16.9969801902771,13.938271045684814,100,0.015997648239135742,-0.0009137281,1.3275249140176535,38.37741465608861,16.72598171234131,35.19619513267153,0.2540004253387451,3533.7806198596954
27.177943241575587,32.613364531031245,210,-9.5890755e-08,2110000,2.528351306915283,16.63498330116272,13.596094131469727,100,0.015998125076293945,0.0013348624,1.3504212674154144,38.4888470753515,16.360984086990356,35.36156492336154,0.257000207901001,3550.4276020526886
27.350826794156493,31.544333500547328,211,-4.6653746e-08,2120000,2.4928340911865234,16.72698140144348,13.69822359085083,100,0.015996456146240234,-0.0015046479,1.5122566331844753,39.146414842382086,16.45298433303833,35.539122939019265,0.2570006847381592,3567.1675837039948
27.185597267448003,31.660069417113593,212,-4.1247606e-08,2130000,2.5466840267181396,16.43598437309265,13.329093217849731,100,0.0169980525970459,0.010829392,1.4651378512358753,38.55839202284596,16.162986993789673,35.377704767103516,0.2559993267059326,3583.61656665802
27.286715776068405,32.35678381905659,213,8.070469e-10,2140000,2.5202698707580566,16.874982833862305,13.823898077011108,100,0.02396869659423828,0.018425535,1.3308720408470804,39.12813272561187,16.59601616859436,35.47035453193372,0.253997802734375,3600.5035495758057
27.225604727868102,30.397085158720905,214,7.350564e-08,2150000,2.5070412158966064,16.589982271194458,13.541739463806152,100,0.02499675750732422,0.020892167,1.4858401119560543,39.517746287268174,16.304986000061035,35.51203159620363,0.2590007781982422,3617.1075336933136
27.19643722196191,32.1201106209115,215,9.45425e-08,2160000,2.581143856048584,16.698983907699585,13.594022035598755,100,0.01599860191345215,-0.0001578371,1.4598100925078537,38.897873113707206,16.42998433113098,35.52204286394353,0.25300097465515137,3633.8195168972015
26.985326633591676,31.791921396402703,216,1.6918538e-07,2170000,2.459317207336426,16.294984102249146,13.28518533706665,100,0.023958444595336914,0.010396866,1.3897725950822157,38.18264821346297,16.01602554321289,35.28800793071182,0.25500011444091797,3650.1275005340576
27.30340832644804,32.15233369515881,217,1.8436194e-07,2180000,2.5594735145568848,16.64598536491394,13.548253059387207,100,0.015998363494873047,0.014041087,1.2930655340167425,38.8914471049823,16.374016523361206,35.50576676204067,0.2540004253387451,3666.7854845523834
27.413502724548167,31.811063185475557,218,2.3259757e-07,2190000,2.491657257080078,16.616983890533447,13.593360185623169,100,0.02196502685546875,0.013493454,1.5244198377704126,39.32422554492593,16.33701205253601,35.6082507565412,0.2569999694824219,3683.414467573166
27.16691345693026,32.431142476952154,219,2.5282978e-07,2200000,2.5653152465820312,16.33298349380493,13.23898458480835,100,0.02300238609313965,0.032173198,1.3012988399749035,38.76603440789282,16.053984880447388,35.313761856655454,0.25499606132507324,3699.7594509124756
27.14609880600242,31.806158727136296,220,2.3041606e-07,2210000,2.589569330215454,16.82198476791382,13.683815002441406,100,0.02695488929748535,0.00068106595,1.5933560234992503,38.58999954358101,16.535016775131226,35.420033228897985,0.25800085067749023,3716.5944349765778
27.109509842808084,32.09853800085417,221,2.3238061e-07,2220000,2.4504880905151367,16.477985620498657,13.47665810585022,100,0.018001794815063477,0.015535731,1.4421759298832129,38.258279424687835,16.196985006332397,35.37339362805559,0.26197099685668945,3733.085419654846
27.174800021768934,32.03373156422009,222,2.0949483e-07,2230000,2.5686323642730713,16.680984258651733,13.572414636611938,100,0.020966291427612305,0.0016369408,1.3605615647608058,39.12687532960731,16.401015043258667,35.40994992796414,0.2570016384124756,3749.779401540756
27.290364051801877,32.30900029494036,223,2.4104594e-07,2240000,2.507206439971924,16.76639175415039,13.679869651794434,100,0.016998291015625,0.009207142,1.4773247628543829,39.318270550863986,16.47939419746399,35.48705965092675,0.26999926567077637,3766.558792114258
27.29176106021599,32.275871709707225,224,2.2975325e-07,2250000,2.4912917613983154,16.6519832611084,13.594825267791748,100,0.026000022888183594,0.0054524587,1.3184088139620278,38.86799899712494,16.353984832763672,35.488794940384224,0.2709989547729492,3783.2247762680054
27.03380728733955,32.731471070756335,225,2.5113104e-07,2260000,2.452411413192749,16.416983127593994,13.407462120056152,100,0.019997119903564453,0.0060748514,1.3889091796019821,39.01670757567707,16.130983352661133,35.21500806274732,0.2650020122528076,3799.655761241913
27.02667463221876,32.119600727676755,226,2.9346944e-07,2270000,2.52193284034729,16.74898362159729,13.675483226776123,100,0.022996902465820312,0.007833421,1.417719351676188,38.203667238677205,16.466986417770386,35.18899354208269,0.259000301361084,3816.4167428016663
27.246000091719,32.05894164787673,227,3.1127928e-07,2280000,2.480245351791382,16.6229829788208,13.585577487945557,100,0.017001867294311523,0.008635644,1.4770743258148333,39.052812448064394,16.343984842300415,35.41563437368132,0.2609977722167969,3833.0527255535126
27.31453232865739,32.58473499557455,228,3.4018396e-07,2290000,2.5716068744659424,16.774983167648315,13.674454927444458,100,0.022995948791503906,0.0075983596,1.3894766989252285,38.13491334650148,16.50198769569397,35.489510981427365,0.2499995231628418,3849.840708732605
27.168912763392203,32.14342609798599,229,3.4503103e-07,2300000,2.522738456726074,16.79598307609558,13.747531175613403,100,0.017998933792114258,0.0032724629,1.4587955505172638,38.478177780233274,16.515986680984497,35.39362331633618,0.2619974613189697,3866.6496920585632
27.276742066069186,32.196267660113726,230,3.8865446e-07,2310000,2.517169952392578,16.72598361968994,13.661071538925171,100,0.01599860191345215,0.0021842383,1.299435693573713,38.19154950443715,16.440986394882202,35.50246479399723,0.266998291015625,3883.3876752853394
27.421258101827384,32.580871086875895,231,4.0725587e-07,2320000,2.4999380111694336,16.741982460021973,13.692386388778687,100,0.0260012149810791,0.0041906373,1.300778674500292,38.36070975875431,16.447985410690308,35.57402281067991,0.26799583435058594,3900.1426577568054
27.395870212353316,31.290732289565288,232,4.395497e-07,2330000,2.4626734256744385,16.75898241996765,13.762094259262085,100,0.017999887466430664,0.0039981822,1.5946303360861995,38.9859919009791,16.487985610961914,35.54761752542441,0.25299692153930664,3916.9146411418915
27.23417980518401,32.34637418010389,233,4.5879364e-07,2340000,2.546842098236084,16.4809832572937,13.40048098564148,100,0.025975942611694336,0.0008056413,1.3385771362012067,39.025499947238224,16.19400954246521,35.447324081648674,0.2609977722167969,3933.408625125885
27.15704487881047,32.29878273137828,234,4.655063e-07,2350000,2.544487953186035,16.9049813747406,13.780622720718384,100,0.017995834350585938,0.0032405574,1.3467082132917043,38.018106537575484,16.628984212875366,35.355705566635265,0.2569997310638428,3950.3266081809998
27.304891532947927,31.77719001664503,235,4.6257853e-07,2360000,2.5241072177886963,16.558984994888306,13.46859622001648,100,0.022999048233032227,0.00019707007,1.5170164502116588,38.37609127073981,16.270986557006836,35.501785876557236,0.2649993896484375,3966.8975932598114
27.406079301751003,31.750878765371294,236,4.849994e-07,2370000,2.4970197677612305,16.588983058929443,13.562483310699463,100,0.022000551223754883,0.00020277168,1.4390952003177615,38.805421512836666,16.314985275268555,35.62781490814677,0.2519972324371338,3983.5005753040314
27.17145534722583,31.780329960928484,237,5.259621e-07,2380000,2.5543196201324463,16.70098352432251,13.60339093208313,100,0.024997472763061523,0.0026669991,1.5629598611271525,39.3373424985508,16.41898798942566,35.452260444798874,0.25699806213378906,4000.2135586738586
27.196511321790844,32.472627376222725,238,5.591845e-07,2390000,2.510054111480713,16.733983278274536,13.677912712097168,100,0.022001028060913086,0.003681454,1.3808497698500795,38.68423083396985,16.449986219406128,35.54270672112561,0.2619960308074951,4016.961541891098
27.229948099909485,32.533488081159454,239,5.9611085e-07,2400000,2.444689989089966,16.252983570098877,13.247511863708496,100,0.024999380111694336,0.035677526,1.3386533408400416,39.4452399255701,15.944985628128052,35.63066015003688,0.28299856185913086,4033.2265260219574
26.95261467530816,30.806281612286842,240,6.970989e-07,2410000,2.5254299640655518,16.890985250473022,13.80148196220398,100,0.023000001907348633,0.0077273343,1.3858814997502966,38.97464025303118,16.583985805511475,35.31822735010869,0.28099799156188965,4050.1295099258423
27.014348233115427,31.892205930777873,241,7.11261e-07,2420000,2.5446434020996094,16.68998432159424,13.601036548614502,100,0.022999048233032227,0.008098934,1.2786652890625827,38.64766368562247,16.406986713409424,35.301489435517304,0.2599985599517822,4066.832492351532
27.31009021556442,32.393320111123785,242,7.5090765e-07,2430000,2.501339912414551,16.46498394012451,13.414371967315674,100,0.019971609115600586,0.008588804,1.433854110035699,39.19786981965029,16.1679847240448,35.504728258772516,0.2749965190887451,4083.315475463867
27.154908671957287,31.843542763226242,243,7.976663e-07,2440000,2.5539391040802,16.68098473548889,13.597378015518188,100,0.02099919319152832,0.00022222518,1.4380810006852471,38.23567140494463,16.401983737945557,35.46345038314379,0.25800180435180664,4100.009460449219
27.066429592789227,31.41044053792171,244,8.4151026e-07,2450000,2.530733346939087,16.754984140396118,13.690120697021484,100,0.020975112915039062,-0.0021895287,1.4280243927571603,38.89870567218845,16.477986812591553,35.355769438163996,0.25499963760375977,4116.777443408966
26.99190897711937,31.579549922975534,245,8.873307e-07,2460000,2.5481507778167725,16.78698205947876,13.642605781555176,100,0.021997928619384766,-0.0017916692,1.4823127298553584,39.352170714029505,16.487985610961914,35.25838975831851,0.27699851989746094,4133.57742524147
27.124481996994074,32.70648948948566,246,9.66233e-07,2470000,2.4634125232696533,16.60898470878601,13.609012365341187,100,0.016976118087768555,-0.00044097268,1.455382538883208,39.11919626623773,16.335010051727295,35.420684982621864,0.25699853897094727,4150.199410200119
27.431335408062477,31.57781768354591,247,1.0027277e-06,2480000,2.512744426727295,16.657986879348755,13.571448564529419,100,0.02399754524230957,-0.0019216841,1.4635792836726675,39.15465339916438,16.34698796272278,35.72323611482788,0.28600168228149414,4166.8693952560425
27.28005520170827,32.7705998777244,248,1.0766685e-06,2490000,2.493312120437622,16.774980783462524,13.706699132919312,100,0.031005859375,0.00011883603,1.342229133513304,38.61167884738145,16.461981534957886,35.59149950900562,0.28199338912963867,4183.659375190735
27.49194340301999,32.9934445830432,249,1.178559e-06,2500000,2.5254018306732178,16.919982194900513,13.816988468170166,100,0.0200040340423584,0.0015079431,1.2923642816271435,38.2718884867342,16.625982761383057,35.75287284315535,0.27399539947509766,4200.592358589172
27.079160449504183,32.59921230064654,250,1.2369572e-06,2510000,2.5190272331237793,16.792983770370483,13.753914594650269,100,0.01597118377685547,0.0018942159,1.373470680026503,38.12417075657614,16.521012544631958,35.282082188883116,0.2560000419616699,4217.399342060089
27.32056785429888,32.341527430821124,251,1.2998664e-06,2520000,2.4768214225769043,16.76498293876648,13.735609292984009,100,0.020997047424316406,-0.00034585473,1.6062246526539825,38.90078961040244,16.484987020492554,35.49382629772927,0.2579967975616455,4234.177324771881
27.448301338674767,32.46372464349822,252,1.3422191e-06,2530000,2.5732839107513428,16.721983671188354,13.601632595062256,100,0.023969411849975586,-0.00039969946,1.620350856385005,39.20206163656045,16.432015419006348,35.71535439323187,0.26599884033203125,4250.911308050156
27.265898893772288,31.624997106086255,253,1.3900172e-06,2540000,2.457980155944824,16.6059832572937,13.625988721847534,100,0.024969816207885742,0.0006126385,1.4609562766068753,39.00896727884065,16.326014518737793,35.49690374555249,0.2539980411529541,4267.530291080475
27.54100071820164,32.252563043842066,254,1.4789938e-06,2550000,2.552898406982422,16.693983554840088,13.624106884002686,100,0.0169985294342041,-0.0006202634,1.3329763199380062,38.413685173161184,16.42298436164856,35.7328778733433,0.2540006637573242,4284.237274646759
26.990424495738466,32.015045809614264,255,1.5631734e-06,2560000,2.6060478687286377,16.71898341178894,13.582000970840454,100,0.01999974250793457,-0.0020698868,1.3333015551132457,37.84089062659464,16.44498348236084,35.23257556108462,0.25299930572509766,4300.968257665634
27.182832599717454,32.2548390932532,256,1.6550588e-06,2570000,2.4728074073791504,16.351985692977905,13.296741247177124,100,0.016999244689941406,-0.0024452426,1.2946796547528345,38.28200145321244,16.068983554840088,35.41139938050189,0.26400160789489746,4317.332242488861
27.410913887509693,32.20832239190929,257,1.7271315e-06,2580000,2.6432957649230957,16.84197998046875,13.660538911819458,100,0.02500176429748535,0.0003204962,1.3472191585790465,39.63139008790185,16.55698013305664,35.61690331376219,0.259998083114624,4334.187224626541
27.479164314930472,32.7732536940141,258,1.7893302e-06,2590000,2.4930999279022217,16.693984031677246,13.660974264144897,100,0.024997949600219727,0.0024164296,1.4137964354597121,39.17440172846215,16.411988019943237,35.69360964817903,0.25699806213378906,4350.894208431244
27.339769230462533,31.657101265858735,259,1.8446337e-06,2600000,2.5333917140960693,16.239983558654785,13.10474681854248,100,0.05200028419494629,0.0011373627,1.4749118893542754,38.73582832332744,15.879985809326172,35.59488407717369,0.30499839782714844,4367.146191596985
27.272968725494692,32.50739528428097,260,1.8951869e-06,2610000,2.4903085231781006,16.544983863830566,13.392630338668823,100,0.04796600341796875,0.004300688,1.4142947544746793,39.29418166791533,16.138019323349,35.53478660794313,0.35899853706359863,4383.704175233841
27.36189154882703,32.54248656064877,261,1.9343624e-06,2620000,2.5403339862823486,16.792983293533325,13.616931915283203,100,0.033997535705566406,-0.0005934791,1.423663126938549,38.99463932730108,16.394986391067505,35.65327052915358,0.36299943923950195,4400.509158372879
27.211705386581862,32.769836867541834,262,1.9924819e-06,2630000,2.480529308319092,16.60898470878601,13.58592700958252,100,0.021996498107910156,0.008703118,1.3536675142623724,38.543113498583786,16.305985689163208,35.45405873573945,0.2800006866455078,4417.130143165588
27.21905006368948,32.15218863528241,263,2.0209372e-06,2640000,2.591987371444702,16.98098397254944,13.735342741012573,100,0.03200387954711914,0.01128883,1.2844999352886504,39.30788715804487,16.580986738204956,35.463209711213466,0.36699676513671875,4434.135124921799
27.272334768412943,32.621709120391436,264,2.1043932e-06,2650000,2.554583787918091,16.863982915878296,13.575562715530396,100,0.02696967124938965,0.002851988,1.4521284339357456,39.02645922135197,16.391014099121094,35.58481124941507,0.4439992904663086,4451.011107444763
27.419717874319726,32.207833904129025,265,2.1379174e-06,2660000,2.535526752471924,16.75498342514038,13.673605680465698,100,0.018000364303588867,-0.0005471915,1.3143160821310365,38.31984579025715,16.479984760284424,35.729321154357265,0.25699830055236816,4467.782091140747
27.19866098545659,31.77006696935931,266,2.204988e-06,2670000,2.542748212814331,16.707983016967773,13.624663591384888,100,0.022998571395874023,0.00041386887,1.3536148659282565,37.865677980426526,16.428985118865967,35.5061332039491,0.2559993267059326,4484.503074169159
27.544347298535122,32.36996066503986,267,2.2447227e-06,2680000,2.5293869972229004,16.678983688354492,13.582248210906982,100,0.02099895477294922,0.028604383,1.451262923008229,38.80980224204405,16.396986961364746,35.88008839471544,0.2609977722167969,4501.195057630539
27.48337974822541,32.48490879843375,268,2.2688387e-06,2690000,2.4780898094177246,16.245985746383667,13.234759092330933,100,0.017000436782836914,0.033400603,1.4736840756543146,39.39985263337109,15.974986553192139,35.9858046357917,0.2519996166229248,4517.453043460846
27.053616778478837,32.92174055758066,269,2.284454e-06,2700000,2.5520312786102295,16.59398317337036,13.535196781158447,100,0.015972137451171875,0.025508743,1.3661840213378327,39.07580201128868,16.32901120185852,35.60353018015151,0.24899983406066895,4534.060024738312
27.2973491376116,29.70890809751378,270,2.290045e-06,2710000,2.505725383758545,16.724982500076294,13.666214227676392,100,0.02196216583251953,0.035564814,1.6180201369139757,40.2299597201558,16.446022033691406,35.845109953645256,0.25699830055236816,4550.7980082035065
26.933483905211116,29.12307198875934,271,2.3196674e-06,2720000,2.5017943382263184,16.53598380088806,13.50521183013916,100,0.024031400680541992,0.0068269093,1.5496651727277788,38.75010405220341,16.25398564338684,35.37400791590432,0.2579667568206787,4567.346991300583
26.881061936360574,31.780505907366567,272,2.3756252e-06,2730000,2.558497905731201,16.927982568740845,13.844954490661621,100,0.024029970169067383,0.00059674145,1.272969305006417,38.98178885439324,16.638984441757202,35.2891814486657,0.26299571990966797,4584.287974357605
26.722350993885687,31.064119288382596,273,2.45435e-06,2740000,2.4687716960906982,16.454983711242676,13.438407182693481,100,0.02500176429748535,0.0056790793,1.5834030000366135,39.32651041658388,16.1669819355011,35.26753359811431,0.26199889183044434,4600.75495839119
26.735685091004722,31.908717311945615,274,2.47424e-06,2750000,2.5909173488616943,17.06398320198059,13.916181564331055,100,0.01899862289428711,-0.0010619187,1.426363215806042,39.119715466657105,16.78998351097107,35.30950021045815,0.2550010681152344,4617.831942558289
27.101546564642113,31.999371656311837,275,2.494788e-06,2760000,2.5345022678375244,16.689982652664185,13.606070280075073,100,0.023998022079467773,0.0026642825,1.5796892446077762,39.229159531399894,16.399985790252686,35.685742610751696,0.2649986743927002,4634.5349242687225
26.988026179765193,25.827246531794763,276,2.5591148e-06,2770000,2.541752815246582,17.095983505249023,13.988422632217407,100,0.02396368980407715,0.0011093592,1.7470854796858577,38.82219542472447,16.807020902633667,35.58198993992329,0.26399827003479004,4651.642907619476
27.21784594643644,32.87943468135266,277,2.5721251e-06,2780000,2.5320839881896973,17.03998327255249,13.957270383834839,100,0.024000883102416992,0.0005133279,1.3614426189504132,39.45273597796502,16.739014625549316,35.79555407547596,0.2759993076324463,4668.695890665054
27.144942887220594,32.40417312566091,278,2.6208043e-06,2790000,2.513972043991089,16.598981857299805,13.470940113067627,100,0.022999048233032227,-0.00074067846,1.4331416822453928,38.71597279591639,16.305015325546265,35.672629089504,0.26999735832214355,4685.308873414993
26.946130997240534,32.55346052416192,279,2.6847385e-06,2800000,2.4727089405059814,16.696983098983765,13.659232378005981,100,0.02199554443359375,0.003592056,1.283520468713635,38.27153934495892,16.396986722946167,35.57671324776601,0.2780008316040039,4702.0188574790955
26.867668580116888,31.42782088190005,280,2.7261103e-06,2810000,2.535820245742798,16.790982961654663,13.67133641242981,100,0.020967721939086914,-0.00015173161,1.5089290220081608,38.524426171280346,16.49901580810547,35.458304679138216,0.2709994316101074,4718.822839975357
26.708734572641873,31.235547637372093,281,2.7819335e-06,2820000,2.5336782932281494,17.708982944488525,13.689966440200806,100,0.023968935012817383,0.0076882653,1.3977210428604268,37.996024035460316,16.494014739990234,35.3323507572767,1.1909992694854736,4736.544823408127
27.107232570855132,32.72447342305721,282,2.8431605e-06,2830000,2.575338363647461,16.494985580444336,13.377624273300171,100,0.018996000289916992,0.008942767,1.3194740856223404,38.60919027485779,16.219985961914062,35.7911361296745,0.2550017833709717,4753.053807735443
27.21114477129532,32.394513357430235,283,2.9159535e-06,2840000,2.518568992614746,16.575984477996826,13.515378475189209,100,0.018001317977905273,0.0039934376,1.5452360202028985,39.089891071214566,16.2929847240448,35.84147777959686,0.2649984359741211,4769.642791748047
26.9796939211215,32.38576760039453,284,2.960435e-06,2850000,2.398261785507202,16.532983541488647,13.610015153884888,100,0.01703047752380371,0.008215546,1.5592065297510347,38.95282676773602,16.260987281799316,35.684987244932096,0.25496578216552734,4786.1887748241425
26.90139884746437,31.763845224553112,285,3.000096e-06,2860000,2.55338978767395,16.58898425102234,13.506572961807251,100,0.023973703384399414,0.0108775925,1.4056858318558936,38.875477561728694,16.300013542175293,35.594662669121114,0.2649970054626465,4802.79075884819
27.188625444208004,31.779638907613165,286,3.019364e-06,2870000,2.5709853172302246,16.538984537124634,13.429959535598755,100,0.018967151641845703,0.020613363,1.4862885016849317,38.96414290085296,16.248016357421875,35.86214604866519,0.2720010280609131,4819.342745780945
27.35510473948381,33.06892582949134,287,3.0610383e-06,2880000,2.477687358856201,16.479984283447266,13.485315322875977,100,0.01697564125061035,0.0076263193,1.3250541843182064,39.12801679610531,16.21001172065735,36.074057491462405,0.25299692153930664,4835.834729194641
26.957344181813774,32.261532647640294,288,3.090979e-06,2890000,2.5336949825286865,16.47263741493225,13.421533107757568,100,0.0189969539642334,0.022037452,1.4357155333814007,38.63326110468203,16.195641040802002,35.67983737553084,0.2579994201660156,4852.320367336273
27.3803055260208,33.34445718832384,289,3.0981553e-06,2900000,2.4250755310058594,17.762982606887817,13.625879526138306,100,0.01897287368774414,0.033644833,1.3242121910383253,39.04788971724593,16.560009241104126,36.183543683907004,1.1840004920959473,4870.096351146698
27.227883063246967,32.893415860749315,290,3.0831634e-06,2910000,2.406465530395508,17.916982650756836,13.738632917404175,100,0.05496621131896973,0.00668352,1.2476761969742758,39.191314534177444,16.397018671035767,35.94384893817488,1.4629974365234375,4888.02633357048
27.29878852134816,32.860102327354994,291,3.102046e-06,2920000,2.571254253387451,18.191984176635742,13.743483304977417,100,0.06296539306640625,0.007405299,1.36774424980361,38.99199246524386,16.587018489837646,36.01179281011549,1.5420002937316895,4906.235318660736
27.28140034937987,33.1038751691294,292,3.1502245e-06,2930000,2.4350340366363525,17.10598611831665,13.84148907661438,100,0.05997037887573242,0.0069902595,1.3563989830091467,38.63860572131366,16.525015115737915,36.009217967638854,0.5210006237030029,4923.357303380966
27.098449819898978,32.19010419270533,293,3.1699703e-06,2940000,2.565852165222168,18.127983331680298,13.577852964401245,100,0.16303157806396484,0.0074678906,1.4713784086260953,38.708106817855764,16.40101408958435,35.85730636075126,1.5609660148620605,4941.498285770416
27.35236538814653,32.876266721226585,294,3.217498e-06,2950000,2.4853007793426514,17.012113571166992,13.321606636047363,100,0.09896492958068848,0.0035472496,1.2478210049652996,39.15050100090455,16.075141191482544,36.06430410447065,0.836007833480835,4958.558399200439
27.285770623208318,33.127257336397044,295,3.2580208e-06,2960000,2.5888168811798096,16.880290269851685,13.428577184677124,100,0.09400105476379395,0.017825266,1.3745302889959303,39.18339494027006,16.299291610717773,36.044256314195174,0.4869976043701172,4975.478689670563
27.082999099859677,32.26510568082323,296,3.272544e-06,2970000,2.7079169750213623,19.65346384048462,16.412115335464478,100,0.020998477935791016,0.008378519,1.2427982306133605,38.715348439435836,19.37846541404724,35.81839842832182,0.2519991397857666,4995.146153211594
27.179361227333406,32.78066083767851,297,3.318274e-06,2980000,2.5486245155334473,16.39198660850525,13.31514048576355,100,0.022998809814453125,0.012116195,1.363845774539639,39.067538603140626,16.089986562728882,35.90770804875858,0.2780001163482666,5011.551139593124
27.1238570029402,33.36593389433497,298,3.3716356e-06,2990000,2.550414800643921,16.655375242233276,13.565991163253784,100,0.022999048233032227,0.0039369976,1.1897313347805605,38.466662772664336,16.36337637901306,35.87695670993846,0.26799964904785156,5028.219513654709
26.999335647699272,32.376442855945506,299,3.3625863e-06,3000000,2.6063292026519775,18.028822898864746,13.80993103981018,100,0.02199840545654297,0.008188456,1.442873775937021,39.02414829854586,17.740824699401855,35.736495755368466,0.2649991512298584,5046.261335611343
