train-PolicyExecTime,train-MaxReturn,train-StdReturn,train-AverageReturn,n_timesteps,Time-Sampling,ItrTime,Time-Optimization,Time,LossBefore,Itr,train-NumTrajs,train-MinReturn,LossAfter,Time-SampleProc,train-EnvExecTime,train-AverageDiscountedReturn
14.064879417419434,70.95123021560772,31.44489008490793,-42.76155069868342,10000,16.795275926589966,17.167242765426636,0.3120005130767822,17.167242765426636,-0.10446199,0,100,-112.18721725315595,-5.1409082,0.05899786949157715,2.4693844318389893,-27.378448017452452
13.997038841247559,61.19074290181191,35.842089763120065,-27.221691136101622,20000,16.73496389389038,16.99996042251587,0.23599886894226074,34.18120336532593,9.155274e-09,1,100,-117.63144806726724,-0.032525647,0.02899765968322754,2.471480131149292,-18.35640335846667
13.977136373519897,104.48099925506172,43.161291993800155,-18.602646268525447,30000,16.753716945648193,17.017683029174805,0.2429971694946289,51.21288585662842,-3.0517577e-09,2,100,-121.54318543246704,-0.0033407258,0.020968914031982422,2.492820978164673,-13.07580512942965
13.884077072143555,95.8151609712652,40.052754200441726,-25.280780940991413,40000,16.614988565444946,16.876961708068848,0.2409658432006836,68.10284733772278,-1.5258789e-09,3,100,-123.18705477075963,-0.015163199,0.021007299423217773,2.4922564029693604,-17.15481864779571
14.004059791564941,40.64975854897807,37.440174196259605,-38.460607719250575,50000,16.75171732902527,17.019690990447998,0.23799872398376465,85.13553810119629,-1.6784668e-08,4,100,-144.671899421256,-0.015429944,0.028974533081054688,2.4699110984802246,-24.918352935678122
13.861982107162476,42.721960230761276,35.67052011884626,-33.351161872380345,60000,16.681397676467896,16.953397750854492,0.2409992218017578,102.10193467140198,-9.918213e-09,5,100,-112.84965928222762,-0.011602012,0.03000020980834961,2.5358974933624268,-21.702840684455587
14.010557174682617,87.18741384652914,36.006541094260285,-41.47803375977303,70000,16.75896120071411,17.028961181640625,0.23999929428100586,119.1438958644867,-1.7166137e-09,6,100,-136.4112326185269,-0.013906701,0.028999805450439453,2.4837188720703125,-27.062395412880665
14.020111322402954,27.835368550643334,30.865220915355795,-40.7137612839931,80000,16.78221106529236,17.053179502487183,0.24899840354919434,136.21007466316223,-1.525879e-08,7,100,-150.762319884417,-0.005391681,0.021970033645629883,2.4910430908203125,-27.04247969380542
13.85769248008728,40.10367739546523,35.51556152588018,-39.19594323159955,90000,16.58900260925293,16.856961727142334,0.2390000820159912,153.0810353755951,1.2207031e-08,8,100,-126.07499092783902,-0.012844626,0.028959035873413086,2.470639228820801,-25.650428170277692
13.923561334609985,62.30094682995211,41.48064196137427,-37.102127052037964,100000,16.635966062545776,16.90196204185486,0.24300003051757812,169.9959967136383,6.1035155e-09,9,100,-143.653776831375,-0.0077928314,0.020996570587158203,2.4493632316589355,-25.5721841449395
13.84609341621399,71.49897019842068,41.08107313904396,-27.658718869557543,110000,16.59996223449707,16.86496090888977,0.23799967765808105,186.87495756149292,1.2207031e-08,10,100,-129.79116977577556,-0.0142661985,0.02699899673461914,2.5025696754455566,-18.863812981374203
13.68290114402771,72.80779370960995,40.48491503084882,-28.444726507357032,120000,16.49496364593506,16.762961864471436,0.24599671363830566,203.65091919898987,1.2207031e-08,11,100,-149.91541721975165,-0.012531589,0.021001338958740234,2.5279273986816406,-18.545981553216496
14.009854793548584,48.31711670920197,32.6148038013106,-28.1574230180452,130000,16.766085147857666,17.046082019805908,0.24899840354919434,220.7110013961792,3.0517577e-09,12,100,-95.61685795252922,-0.019993817,0.03099846839904785,2.4903600215911865,-19.68714897415271
13.88365650177002,82.58771732200843,45.742078802485786,-29.567333809428483,140000,16.66093349456787,16.924931287765503,0.24099946022033691,237.792964220047,6.1035155e-09,13,100,-161.23593372229914,-0.021226907,0.021969079971313477,2.5159614086151123,-20.14045469170173
13.984978437423706,75.27301196353928,36.12655809940122,-26.290214761727498,150000,16.73796319961548,17.001960039138794,0.24100065231323242,254.8079228401184,-2.2888185e-09,14,100,-118.27686535589773,-0.019370649,0.021996736526489258,2.4864954948425293,-18.761978003082074
13.95115876197815,99.55155081572387,39.97295070712869,-18.851833736392713,160000,16.72837233543396,16.994341135025024,0.24300003051757812,271.8162636756897,-3.8146974e-09,15,100,-134.66050866195192,-0.015965227,0.021967172622680664,2.515437602996826,-13.058959277301566
14.036293983459473,83.08062205357923,39.00620931503246,-17.943753554828326,170000,16.888962745666504,17.155961275100708,0.24499893188476562,288.98622488975525,-9.918213e-09,16,100,-98.36066783240742,-0.014234781,0.021999597549438477,2.5420916080474854,-13.262776809824594
13.928377866744995,110.43701062234508,40.18875118511817,-19.843707236860425,180000,16.772963285446167,17.03696298599243,0.23900079727172852,306.03618717193604,-0.0009806335,17,100,-111.41371210628562,-0.014994662,0.022998809814453125,2.5738158226013184,-13.802527294395466
14.023832082748413,117.69429689862262,38.07102653140913,-13.11432372896627,190000,16.837960720062256,17.10196089744568,0.23800086975097656,323.1531472206116,3.0517577e-09,18,100,-109.3483352237311,-0.020783758,0.02599930763244629,2.5641238689422607,-8.45482395636765
13.595263481140137,77.09250745783429,35.04230686931357,-12.65123147668077,200000,16.479961156845093,16.748960733413696,0.2429978847503662,339.91610836982727,7.629395e-09,19,100,-106.35992315976465,-0.029269595,0.02500152587890625,2.633713483810425,-8.916221316441785
13.95801067352295,209.77079547359585,47.31090886978206,-8.667728668128008,210000,16.831961154937744,17.097961902618408,0.244002103805542,357.0280706882477,-1.525879e-08,20,100,-127.14985358783362,-0.022997119,0.02199864387512207,2.6429331302642822,-6.409261116658193
13.988182067871094,91.37877817798027,35.03027492345902,-12.023841171061287,220000,16.843961238861084,17.115960597991943,0.24100160598754883,374.1570301055908,-8.773804e-09,21,100,-104.06810286572619,-0.025987789,0.030997753143310547,2.6047770977020264,-7.452146195796993
13.941606044769287,108.34888900336288,36.087922206367054,-9.292526543752823,230000,16.805564641952515,17.074530363082886,0.23999619483947754,391.2445602416992,6.1035155e-09,22,100,-97.86277778955302,-0.018257447,0.026969194412231445,2.6102020740509033,-6.8762278088610636
13.90787148475647,70.39817551523909,35.605130718042204,-13.260339814767201,240000,16.702961444854736,16.966960906982422,0.23499798774719238,408.22452092170715,-6.1035155e-09,23,100,-101.15187074577497,-0.01415571,0.029001474380493164,2.5399351119995117,-9.6196873247127
14.035074949264526,91.7341048785622,29.883187664904074,-15.263679809110169,250000,16.82399320602417,17.088961362838745,0.24399828910827637,425.32648229599,-1.525879e-08,24,100,-94.35069311278222,-0.017889945,0.020969867706298828,2.5196778774261475,-10.370500272001147
13.931599617004395,107.74850967702899,38.05799497699595,-13.243882922376752,260000,16.708075761795044,16.976033687591553,0.23999881744384766,442.3155150413513,3.0517577e-09,25,100,-130.74312569900422,-0.013873929,0.025971174240112305,2.534559965133667,-9.338065764176132
13.969851732254028,136.83898064713296,38.8923871810709,-11.127323732907097,270000,16.76396346092224,17.02696204185486,0.23800015449523926,459.3554768562317,3.0517577e-09,26,100,-103.71636707039441,-0.02434891,0.022998809814453125,2.530651330947876,-8.553569756344386
13.914337158203125,140.2919540215654,39.157558478028974,-16.877401014872657,280000,16.777204990386963,17.041172981262207,0.24200034141540527,476.40964913368225,-1.525879e-08,27,100,-145.7012582453679,-0.041231122,0.020999431610107422,2.5450189113616943,-12.186590696979325
13.850681781768799,66.3796482752949,34.84560616400274,-16.718405832188356,290000,16.63671636581421,16.902692556381226,0.2390000820159912,493.3253402709961,-0.003048297,28,100,-136.7914411191511,-0.0299451,0.025974512100219727,2.5311543941497803,-10.76079886524041
13.972262859344482,68.1316619775715,36.05603179326969,-14.205410742362801,300000,16.784290313720703,17.043256521224976,0.23800039291381836,510.38259625434875,-0.0013804977,29,100,-98.58625928008074,-0.040707115,0.0209658145904541,2.5473709106445312,-9.246049429279493
14.013266801834106,78.6953818999799,41.296735656209684,-19.496844426961253,310000,16.812999725341797,17.07796359062195,0.2389688491821289,527.4735596179962,2.4414062e-08,30,100,-164.95206145789234,-0.025205908,0.025030136108398438,2.537841558456421,-12.33361264982039
14.094167232513428,76.93665592123972,34.29498599676509,-18.0919423429202,320000,16.833995819091797,17.104962825775146,0.2409968376159668,544.5925211906433,-0.0011647919,31,100,-122.5096922120008,-0.020830058,0.028969287872314453,2.493666410446167,-12.214335684535067
13.917091131210327,75.97309619442755,33.18140921424181,-22.023709874908253,330000,16.66044020652771,16.921404361724854,0.2389993667602539,561.5269255638123,-0.001966321,32,100,-91.45287091255635,-0.023197208,0.02196478843688965,2.484215021133423,-14.887893501177091
13.790158748626709,76.19617140227939,36.79355395458154,-13.375529859377433,340000,16.507994174957275,16.783963203430176,0.24699616432189941,578.3248903751373,-1.8310548e-08,33,100,-167.0345156457312,-0.016306652,0.028972864151000977,2.4616403579711914,-8.740769212606901
13.765366315841675,120.07662736809674,41.63818111297715,-19.408603970690773,350000,16.57387351989746,16.83784008026123,0.24000000953674316,595.1757302284241,-3.0517577e-09,34,100,-138.7031828462927,-0.035210237,0.023966550827026367,2.5284152030944824,-13.883833746032483
13.909173250198364,138.23736136666844,45.43169222949998,-11.71447224398329,360000,16.737964630126953,16.996962785720825,0.23799777030944824,612.1856923103333,1.2969971e-08,35,100,-140.93147838449218,-0.024419626,0.01998615264892578,2.5690882205963135,-8.785546797867784
14.00195050239563,73.87755186923539,35.49071067594877,-16.071777725071655,370000,16.771329402923584,17.039325952529907,0.23796844482421875,629.2380180358887,1.2207031e-08,36,100,-112.47829320918906,-0.02569878,0.030028104782104492,2.5097177028656006,-10.259647651197097
14.100722551345825,76.21527241031256,38.34003924640651,-22.663053282492406,380000,16.869943380355835,17.1379075050354,0.24399876594543457,646.3889238834381,-1.2207031e-08,37,100,-172.99215294494928,-0.013669,0.020969629287719727,2.489595890045166,-15.125147270191286
13.956055879592896,103.28215489108385,36.63821198900788,-6.043323976280369,390000,16.810139179229736,17.06813907623291,0.23599886894226074,663.4700610637665,1.373291e-08,38,100,-63.62474661536958,-0.034838866,0.022001028060913086,2.5436155796051025,-4.555295299638048
13.922967195510864,83.83403795767249,39.16279260264638,-13.167863143652182,400000,16.709906339645386,16.97887372970581,0.24600005149841309,680.4619331359863,2.670288e-09,39,100,-109.55937294046049,-0.026824787,0.021967172622680664,2.512540102005005,-9.377871379049205
13.804568529129028,118.79092144011733,36.15987816232976,-11.33725858823708,410000,16.558905124664307,16.82287859916687,0.240997314453125,697.2978115081787,1.8310548e-08,40,100,-95.24285955753489,-0.01926875,0.01999807357788086,2.5042264461517334,-7.632249788227255
13.66083288192749,98.99650360882308,39.1529938301835,-8.000439063823617,420000,16.479995727539062,16.746962785720825,0.24199724197387695,714.0577745437622,3.0517577e-09,41,100,-149.62380500579638,-0.01724425,0.02397012710571289,2.54801607131958,-6.2266441884460395
13.796453475952148,113.83707042900767,37.917269889145196,-10.331505972512874,430000,16.53396511077881,16.801963329315186,0.2370002269744873,730.8737380504608,-1.2207031e-08,42,100,-92.87192669280672,-0.024395946,0.029998779296875,2.4918487071990967,-8.737007390866006
14.038613557815552,125.8223851129583,39.26576447101148,-12.278044206032307,440000,16.782963514328003,17.05096125602722,0.24100041389465332,747.9376997947693,-6.1035155e-09,43,100,-135.29430257996773,-0.025781833,0.025995969772338867,2.4754273891448975,-8.071382877239593
13.807859897613525,64.1830264239663,38.12919024966735,-11.941542597636005,450000,16.599950790405273,16.87091898918152,0.2429966926574707,764.821617603302,8.392334e-09,44,100,-115.97784463407567,-0.028146405,0.026971101760864258,2.5369067192077637,-8.739274218423697
13.536195755004883,95.35236955788248,38.47793639732281,-12.08883302324448,460000,16.326969385147095,16.595966815948486,0.24299907684326172,781.4315841197968,-4.577637e-09,45,100,-111.2598744868962,-0.017311785,0.025998353958129883,2.517707586288452,-8.457132703505827
13.925934314727783,91.94465016793768,41.65378993078228,-16.164159885395286,470000,16.674954414367676,16.941917657852173,0.24599790573120117,798.3865003585815,-3.8146972e-10,46,100,-139.78182751587184,-0.016084122,0.0209653377532959,2.4839863777160645,-11.445408339881588
13.674783706665039,98.71361979514222,41.08630690640972,-22.891548061632243,480000,16.30099844932556,16.561965465545654,0.23999786376953125,814.962465763092,1.6784668e-08,47,100,-105.81760825444994,-0.032666516,0.020969152450561523,2.362583875656128,-16.10744902360969
13.917243242263794,82.68433457275935,33.401054714445436,-16.601637647249973,490000,16.67599582672119,16.94596290588379,0.24199652671813965,831.9214301109314,6.1035155e-09,48,100,-117.19431145901,-0.02708883,0.027970552444458008,2.4809811115264893,-10.442981377186776
13.611544847488403,82.35529915167493,42.56463465605151,-15.845821689147602,500000,16.430967330932617,16.70396375656128,0.24300003051757812,848.639395236969,-1.2207031e-08,49,100,-225.04481780195738,-0.02745846,0.027000904083251953,2.525725841522217,-10.205589196447896
14.06542706489563,126.5114804069596,42.868035997117495,-10.758411279676936,510000,16.83096480369568,17.107964754104614,0.24899744987487793,865.7603588104248,-1.525879e-08,50,100,-83.59942941674056,-0.03867626,0.027001619338989258,2.5189480781555176,-8.42947452191049
13.78867769241333,117.35628012915366,35.61518648757271,-14.96259235550782,520000,16.584991216659546,16.85696530342102,0.24599575996398926,882.6313235759735,3.0517577e-09,51,100,-84.05574651140483,-0.031922888,0.024977445602416992,2.556285858154297,-9.30442469106948
13.876657724380493,116.843279964948,37.53170258064608,-11.868066351227707,530000,16.646012544631958,16.906012535095215,0.2389998435974121,899.5503356456757,-7.247925e-09,52,100,-134.64255178218747,-0.020607665,0.021000146865844727,2.522517204284668,-7.707797667482432
13.9263436794281,137.6217628639638,40.28712344581995,-12.53809676625345,540000,16.716964960098267,16.984964609146118,0.24099946022033691,916.5483000278473,1.2969971e-08,53,100,-123.64346272214512,-0.025581839,0.026000022888183594,2.529134511947632,-9.304476438245707
13.865748643875122,102.75269530801462,41.849195224698704,-7.471368044515215,550000,16.60996675491333,16.871964931488037,0.2389998435974121,933.4342646598816,1.8310548e-08,54,100,-170.87754413436343,-0.029844811,0.022998332977294922,2.481774091720581,-5.055166128273412
13.85886812210083,116.18609865314589,41.69656692267944,-5.0281965037318495,560000,16.66496515274048,16.93296456336975,0.24299907684326172,950.3812289237976,2.4414062e-08,55,100,-130.88305152945432,-0.03469787,0.025000333786010742,2.5438246726989746,-3.7163985507520136
14.052422046661377,93.43174520346614,34.569886409911646,-12.899754891982644,570000,16.83096432685852,17.09696364402771,0.23799967765808105,967.4911930561066,-1.6403199e-08,56,100,-172.44466138324518,-0.027354587,0.0279996395111084,2.5073952674865723,-9.85965765371753
14.035599946975708,98.36617593962126,39.54980552384493,-10.234528611790092,580000,16.807004690170288,17.069963932037354,0.24200057983398438,984.5751574039459,-1.1444092e-08,57,100,-98.07988743267613,-0.035275366,0.020958662033081055,2.508878707885742,-8.209187419784174
14.062747240066528,78.83514948365034,36.70049493271181,-11.227853872324195,590000,16.770225286483765,17.045224905014038,0.24899935722351074,1001.6343841552734,-1.5258789e-09,58,100,-106.41876632004222,-0.044351973,0.026000261306762695,2.453561782836914,-8.026340194405762
13.96056079864502,100.59320489260601,33.537249705751506,-11.825073848796173,600000,16.697213888168335,16.96818256378174,0.24399757385253906,1018.6155679225922,-4.577637e-09,59,100,-70.41703798295588,-0.023965469,0.025970935821533203,2.473005533218384,-8.568993165781487
14.044523477554321,74.54488729966319,38.48120318797542,-20.28268971780041,610000,16.932358741760254,17.20135736465454,0.24699831008911133,1035.8319253921509,1.2207031e-08,60,100,-121.48154180397874,-0.020166034,0.02200031280517578,2.59318208694458,-13.395052023491552
13.823736667633057,148.13066726657294,46.10373697566997,-17.369941754327655,620000,16.577991008758545,16.860962390899658,0.25099968910217285,1052.706889629364,-9.155274e-09,61,100,-164.95164941529336,-0.03354539,0.029000282287597656,2.513996124267578,-12.069133562886778
13.969135522842407,77.34497273223958,41.76836085230929,-27.074884796284387,630000,16.68094778060913,16.94994807243347,0.24500083923339844,1069.6708374023438,-6.1035155e-09,62,100,-144.748528900756,-0.034402672,0.023999452590942383,2.4624390602111816,-17.326437723689317
14.108510255813599,115.40568757790362,41.113677804866,-14.56909196525664,640000,16.84200119972229,17.105965852737427,0.24300074577331543,1086.790803194046,-1.0681152e-08,63,100,-114.0490115237148,-0.025321575,0.02096390724182129,2.469571352005005,-10.007961840439663
13.8683602809906,94.09910917913119,45.911809263003406,-12.68539558003333,650000,16.64596652984619,17.01896905899048,0.3490016460418701,1103.8227722644806,-6.1035155e-09,64,100,-131.72174092461944,-0.060209326,0.021999359130859375,2.527238368988037,-9.04896202600684
14.058082580566406,157.84887021186015,57.775329320347055,-10.326750898866656,660000,16.8249671459198,17.086966037750244,0.23799824714660645,1120.929735660553,-4.577637e-09,65,100,-209.53632545727444,-0.04503048,0.02400064468383789,2.5171165466308594,-7.053328359744767
13.85059905052185,103.58825319664093,44.33516531909257,-19.381612837872986,670000,16.618348360061646,16.89534831047058,0.24599957466125488,1137.838082075119,-6.1035155e-09,66,100,-135.50111963812816,-0.06272366,0.02899909019470215,2.5060672760009766,-11.98068654375677
13.861294269561768,107.83554661051835,43.49970283852111,-13.698095852689654,680000,16.68336844444275,16.959334135055542,0.25099921226501465,1154.8114161491394,-0.003112784,67,100,-142.0119656010985,-0.03759617,0.023966550827026367,2.584092617034912,-8.599580483434643
13.758029699325562,125.30877933459345,39.95932806354788,-7.838467039927126,690000,16.472002029418945,16.73996591567993,0.23799777030944824,1171.5643827915192,-2.1362304e-08,68,100,-153.6840194611212,-0.054474078,0.028965473175048828,2.476034641265869,-5.039371153147155
14.129525423049927,91.66144503532722,39.63301640040085,-8.971175495978855,700000,16.876996994018555,17.144965887069702,0.24699997901916504,1188.7233493328094,-6.1035155e-09,69,100,-93.94398421461177,-0.022656457,0.020968914031982422,2.4633023738861084,-5.155968958982545
14.039398193359375,165.26775358196895,39.79413466209314,-5.661565178600455,710000,16.817967176437378,17.08496594429016,0.2390003204345703,1205.8223142623901,6.1035155e-09,70,100,-125.02569235011221,-0.030731019,0.02799844741821289,2.505434274673462,-5.060488716497423
14.041397333145142,118.49753314105196,41.60046492203965,-11.68680022148103,720000,16.839130640029907,17.101129293441772,0.23899626731872559,1222.937444448471,2.4414062e-08,71,100,-125.4715381563876,-0.0208593,0.02100372314453125,2.495216131210327,-8.174074796785215
13.834856271743774,122.34074027377062,44.27281969860258,-5.450185126426488,730000,16.609967708587646,16.89096689224243,0.2519998550415039,1239.8414108753204,9.155274e-09,72,100,-99.52653541214957,-0.027895892,0.02899932861328125,2.5219435691833496,-4.541127823868071
14.085767269134521,114.26997954368207,46.44302024774087,-4.719968980035469,740000,16.838997840881348,17.097966194152832,0.23799991607666016,1256.9543762207031,-1.6021728e-08,73,100,-131.30672078522278,-0.018283607,0.019999980926513672,2.493014097213745,-2.372088388539838
13.67786455154419,133.61254512333014,47.422574579741635,2.0310602224228247,750000,16.462968349456787,16.738967418670654,0.2539975643157959,1273.706342458725,-1.9836426e-08,74,100,-92.88806954710431,-0.024849128,0.021000146865844727,2.541144609451294,1.770576185461623
13.748533964157104,174.02433557003508,47.82290596820134,-7.463172693557598,760000,16.497968912124634,16.770967483520508,0.24900102615356445,1290.490309715271,1.2207031e-08,75,100,-104.03059266164183,-0.018577784,0.022997140884399414,2.4767005443573,-4.063147823455563
13.911972999572754,150.48699842108846,47.58020060958807,7.059725259921985,770000,16.678369760513306,16.9453284740448,0.23600101470947266,1307.4486379623413,9.155274e-09,76,100,-111.16150969818324,-0.037087005,0.02895808219909668,2.508392810821533,4.693204464654623
13.829432249069214,166.50570483802426,43.67795289641268,0.20635586599341071,780000,16.58400869369507,16.843966007232666,0.23699736595153809,1324.3066041469574,7.629395e-09,77,100,-121.87733160417345,-0.037545294,0.021959304809570312,2.4767298698425293,1.3777948136865128
14.047176361083984,168.3329102129571,42.68157662801946,2.4948533350252484,790000,16.82196855545044,17.084966897964478,0.2389967441558838,1341.4045703411102,-3.051758e-08,78,100,-118.04380477036506,-0.01824134,0.024001598358154297,2.515587091445923,1.3186558533438377
13.878422498703003,128.59322647979064,47.40735114040941,3.2435815815676095,800000,16.594995975494385,16.85996723175049,0.2369985580444336,1358.2775371074677,-0.0016733764,79,100,-93.82917733229932,-0.023522824,0.02697277069091797,2.482991933822632,3.06441415969348
14.008044004440308,149.06270331891875,47.31273657922809,7.050388230202417,810000,16.83249282836914,17.096492528915405,0.24100017547607422,1375.3870289325714,3.8146972e-10,80,100,-85.002697542536,-0.030989744,0.021999597549438477,2.5751430988311768,4.652091106989523
13.871854066848755,202.57767299658343,54.82069815836632,5.549948500325723,820000,16.71096634864807,16.976967334747314,0.23900127410888672,1392.3769953250885,-2.4414062e-08,81,100,-96.60702854378877,-0.02437868,0.025998592376708984,2.595092535018921,2.9335875693165976
14.012388229370117,145.3150718404708,50.80900766103062,-7.638242487156359,830000,16.90389347076416,17.166892528533936,0.23899626731872559,1409.5568866729736,-0.0034099487,82,100,-125.11489968603547,-0.041399494,0.021998882293701172,2.557300567626953,-4.5475829251193005
14.024505138397217,127.45133642692305,48.140906354356446,-6.21237606561393,840000,16.78996777534485,17.055964469909668,0.24196696281433105,1426.6258516311646,-0.0032010772,83,100,-128.91790701907902,-0.033974994,0.02303004264831543,2.4912490844726562,-2.306984689552496
13.91825270652771,163.33966620669582,53.487794051626196,11.633967297908491,850000,16.697999954223633,16.968966960906982,0.24499750137329102,1443.608818769455,2.2888185e-09,84,100,-99.42907291198232,-0.022487095,0.025969505310058594,2.527825355529785,7.669964909768793
14.015355587005615,122.29475350107711,47.45016220824407,-3.3808347895863626,860000,16.85791015625,17.136909008026123,0.255995512008667,1460.758727312088,7.629395e-09,85,100,-112.82331037397752,-0.034420405,0.022002220153808594,2.5682597160339355,-0.9584893074705658
13.99468469619751,156.33050771459324,51.36577277668932,1.6682317443245176,870000,16.812968015670776,17.069966077804565,0.2350006103515625,1477.8426933288574,-1.2207031e-08,86,100,-102.2556249048644,-0.02709275,0.021997451782226562,2.5680789947509766,3.424375300249533
13.83879280090332,184.3345433271377,44.87297924958855,-0.25269302587041964,880000,16.622993230819702,16.89996647834778,0.24799895286560059,1494.7556595802307,6.1035155e-09,87,100,-93.0012405144517,-0.036091946,0.026002883911132812,2.523703098297119,1.8810413899563452
13.983045101165771,164.24166046814798,48.525320084359116,9.326515102903342,890000,16.78996753692627,17.052966117858887,0.2379915714263916,1511.821624994278,-1.1062622e-08,88,100,-99.04272206605972,-0.046805304,0.024001121520996094,2.563079357147217,6.627009935597454
13.959197998046875,187.56712164795204,42.96071451482892,4.165947652788225,900000,16.751999378204346,17.01696753501892,0.23800182342529297,1528.851592540741,6.866455e-09,89,100,-98.46228279443429,-0.046177357,0.02596449851989746,2.5236544609069824,3.144138685163602
13.8302001953125,132.18937719573424,43.203303969673726,2.6934051693745813,910000,16.624998569488525,16.892966747283936,0.24599647521972656,1545.7585580348969,6.4849854e-09,90,100,-94.49063859452481,-0.015929163,0.020972728729248047,2.5453643798828125,1.9301325263120972
13.912513494491577,146.2107523153234,43.249174690391406,4.679234403666581,920000,16.70096778869629,16.976966857910156,0.2519979476928711,1562.7485241889954,-3.0517577e-09,91,100,-75.62194991969632,-0.037269108,0.024001121520996094,2.5238490104675293,5.188179348187679
13.98464846611023,105.94684905995838,41.1033369119704,2.1644350497855327,930000,16.81594729423523,17.075945377349854,0.2389998435974121,1579.837468624115,-1.2207031e-08,92,100,-94.95089521555606,-0.022216607,0.020998239517211914,2.554774761199951,2.834679922221848
13.979549646377563,101.35683769204505,33.73423255219615,4.57409202528724,940000,16.845070123672485,17.107025384902954,0.2370002269744873,1596.9584939479828,-2.6702882e-08,93,100,-80.4859376976279,-0.026754992,0.024955034255981445,2.545833110809326,4.366951692550104
13.851124048233032,148.04423330546896,46.91295834986232,12.46469108175203,950000,16.580456733703613,16.84642481803894,0.24199819564819336,1613.817919254303,1.8310548e-08,94,100,-111.74076398872333,-0.023795422,0.021970272064208984,2.4605014324188232,9.283087802139292
14.055968523025513,150.04268239270678,44.94460687297345,3.2965031915174183,960000,16.830968856811523,17.101966857910156,0.24499964714050293,1630.9328849315643,1.6784668e-08,95,100,-118.30474004321835,-0.026754739,0.025998353958129883,2.4925718307495117,4.005405047704212
14.021551370620728,120.53967365452571,49.062306847729246,5.095248002502212,970000,16.786967277526855,17.052966356277466,0.24299955368041992,1647.999850988388,1.9836426e-08,96,100,-128.895797134886,-0.04673746,0.02299952507019043,2.517169952392578,6.333475634532851
13.80800485610962,111.02947927884189,44.46756434028805,5.387776641763383,980000,16.61000657081604,16.88296866416931,0.24300003051757812,1664.896819114685,2.2888185e-09,97,100,-127.00380555507269,-0.036716163,0.02996206283569336,2.523975133895874,6.062481550045047
13.804234743118286,182.78647777511597,58.0090560273927,11.031842018963028,990000,16.58597159385681,16.856968879699707,0.24599981307983398,1681.7667863368988,1.5258789e-09,98,100,-119.58862123372313,-0.033585355,0.024997472763061523,2.540715456008911,9.343827013012195
13.844662189483643,134.06591311774318,59.49481488723698,-3.492600139575929,1000000,16.629679441452026,16.90667724609375,0.24699664115905762,1698.6874628067017,-2.1362304e-08,99,100,-129.24603882457694,-0.041318756,0.030001163482666016,2.514878988265991,0.7532645305235289
13.592517137527466,180.1617106046471,62.40397977955147,-4.396020755749668,1010000,16.418969869613647,16.69096827507019,0.25099682807922363,1715.3914306163788,-9.155274e-09,100,100,-117.6159343991897,-0.019988712,0.021001577377319336,2.5565364360809326,-0.019428360607418683
14.011765003204346,171.16500182693707,66.88864822810517,-20.222944920505796,1020000,16.750803232192993,17.03480291366577,0.25299859046936035,1732.43923330307,-9.155274e-09,101,100,-186.7501941790788,-0.033345766,0.02899932861328125,2.4707720279693604,-10.705065820335212
14.065808296203613,249.56193405036402,72.67400838826288,-6.64196834484738,1030000,16.851480960845947,17.13347840309143,0.2589988708496094,1749.5867116451263,2.2888184e-08,102,100,-221.3271513753764,-0.059771135,0.021001577377319336,2.511660575866699,-2.086933661658343
14.071215152740479,160.52042185697522,67.68055655233668,-5.804572875955798,1040000,16.886007070541382,17.183967113494873,0.26999735832214355,1766.7856781482697,6.1035155e-09,103,100,-138.9808875732603,-0.028436413,0.027962684631347656,2.50669527053833,-2.8756959386723064
13.696180820465088,225.64794592537075,65.84492539893232,-7.820882019559779,1050000,16.355968952178955,16.65296697616577,0.2679634094238281,1783.4526467323303,-0.004664819,104,100,-216.36377976039626,-0.04518416,0.02903461456298828,2.417217969894409,-4.09082665028642
14.004106283187866,180.94354445644862,62.56862376911092,-7.406024714831447,1060000,16.817063331604004,17.107059717178345,0.26600050926208496,1800.5737059116364,7.629395e-09,105,100,-136.68392714791295,-0.06774093,0.02399587631225586,2.5372352600097656,-2.8007097534726118
13.984012603759766,206.89909362064648,61.4253156723161,5.254385158267168,1070000,16.81896996498108,17.11196804046631,0.26200056076049805,1817.6986746788025,-1.2207031e-08,106,100,-181.32042064813297,-0.04302299,0.029996871948242188,2.576951265335083,3.8597827548720813
13.912056922912598,158.34190778502798,47.01910726453645,-1.530456154543746,1080000,16.773970127105713,17.068968057632446,0.25999951362609863,1834.7816414833069,2.1362304e-08,107,100,-130.02366782691453,-0.028063737,0.03300070762634277,2.5999157428741455,0.7296531945647494
13.858989238739014,181.28343633027905,55.15433711975324,2.1697696237078716,1090000,16.69396996498108,16.970967054367065,0.25500035285949707,1851.7656090259552,1.5258789e-09,108,100,-145.70367919050227,-0.041251436,0.02099752426147461,2.563976287841797,2.4504620088088678
14.085467338562012,260.50048291078036,52.0609434331133,5.891850245884768,1100000,16.887360334396362,17.172358989715576,0.25499796867370605,1868.9519672393799,-2.89917e-08,109,100,-134.40691932590687,-0.097336754,0.030000686645507812,2.5418009757995605,5.384854670996187
13.687284708023071,143.28077290790483,41.3660179448151,-2.612305227059165,1110000,16.465999126434326,16.76296877861023,0.2740004062652588,1885.7289357185364,1.0681152e-08,110,100,-106.4464678268865,-0.1567986,0.019965648651123047,2.501284122467041,0.23274275613545709
14.137036800384521,173.47689896343255,46.258319327003555,-2.453450339883128,1120000,16.87997031211853,17.16596746444702,0.2579989433288574,1902.9079022407532,3.3569336e-08,111,100,-148.7008366799031,-0.020516792,0.026996850967407227,2.443335771560669,0.4937838334589026
14.08516550064087,129.1168576580426,42.326908893683715,6.17065358771467,1130000,16.79700207710266,17.078967571258545,0.2609984874725342,1920.0008697509766,-1.2207031e-08,112,100,-141.78610274453294,-0.054744482,0.02096700668334961,2.4611082077026367,6.12129226324215
13.927882432937622,111.7289557904166,42.933150618652206,6.145669451102627,1140000,16.70697045326233,16.986968278884888,0.2560007572174072,1937.000837802887,4.577637e-09,113,100,-135.01208317544302,-0.06329898,0.023997068405151367,2.5055665969848633,5.403870506263567
14.139203310012817,90.97327963348249,48.970148604865265,-0.045301631533549484,1150000,16.925000429153442,17.220967769622803,0.26599860191345215,1954.2358050346375,6.1035155e-09,114,100,-212.97171994925023,-0.0826258,0.02897477149963379,2.465935468673706,2.5518509676934555
13.855679750442505,164.7333550831925,50.68500562831611,-2.2240415250064083,1160000,16.61461091041565,16.942575454711914,0.29599905014038086,1971.1913800239563,1.1634826e-08,115,100,-123.23061560578036,-0.050816942,0.03196549415588379,2.5048210620880127,1.1198419145549983
13.84838056564331,102.12305342228197,43.55929149538754,-9.565984234659252,1170000,16.77697205543518,17.07797074317932,0.26999711990356445,1988.2833502292633,6.1035155e-09,116,100,-123.83647541448882,-0.054739397,0.030001163482666016,2.6563727855682373,-4.355086795810594
13.989128351211548,147.57246221065276,55.16413208258911,-12.338339742184433,1180000,16.862972497940063,17.15297031402588,0.26599645614624023,2005.4493181705475,-2.1362304e-08,117,100,-169.27047921246748,-0.04851249,0.024001359939575195,2.5997395515441895,-5.98349608303589
14.782435655593872,103.42296596590644,44.82639496175031,-31.268518882847392,1190000,17.784484148025513,18.66448140144348,0.8249669075012207,2024.1267993450165,-6.866455e-09,118,100,-161.82399120394504,-0.03620509,0.05503034591674805,2.707874059677124,-17.478089377768693
14.014016151428223,149.95480892287355,55.373932408966915,-25.29582655533416,1200000,16.834292888641357,17.728254318237305,0.8289971351623535,2041.8700540065765,-2.746582e-08,119,100,-199.5157781647025,-0.055132434,0.0639638900756836,2.5143120288848877,-14.849465348409513
13.67991828918457,202.7484452485498,56.0122435933357,-30.298138560813285,1210000,16.49540138244629,17.386374473571777,0.8369967937469482,2059.2714278697968,-1.525879e-08,120,100,-205.09973697112028,-0.037491057,0.05397629737854004,2.526872396469116,-18.092033909159095
14.158348560333252,85.7995510248513,38.14783310900084,-36.828851837373016,1220000,16.93806529045105,17.831029176712036,0.8319964408874512,2077.1184556484222,-1.8310548e-08,121,100,-140.71876783218923,-0.05907733,0.059964656829833984,2.51161789894104,-21.700640284700448
14.007241010665894,116.64405634679808,44.56213425768173,-28.1254796378767,1230000,16.842969179153442,17.739968299865723,0.8289988040924072,2094.8744235038757,2.746582e-08,122,100,-163.9756232599584,-0.041113146,0.0670003890991211,2.5199084281921387,-16.079981528907553
14.00354528427124,161.2665893651244,46.954555951921265,-25.434533461960072,1240000,16.80700373649597,17.710975646972656,0.8459980487823486,2112.600399017334,7.629395e-09,123,100,-120.86924693855458,-0.043895174,0.056000471115112305,2.5250842571258545,-14.603549376652031
14.015919208526611,145.2783564223945,52.96934512862067,-14.427420333755913,1250000,16.849843502044678,17.7638418674469,0.8499984741210938,2130.38024020195,-1.8310548e-08,124,100,-136.4580259251887,-0.054293077,0.06300020217895508,2.5290915966033936,-8.630643874037792
14.00330114364624,99.94465451752546,40.70932369815097,-18.364615458503103,1260000,16.85008215904236,17.701080083847046,0.7930006980895996,2148.09632062912,2.2888184e-08,125,100,-94.13459634248017,-0.031151952,0.05799722671508789,2.520660161972046,-11.33728866273968
13.90775179862976,119.81271886479001,49.02813035151552,-15.546454933816262,1270000,16.738409280776978,17.02840805053711,0.2619962692260742,2165.1377272605896,2.784729e-08,126,100,-123.00633106049114,-0.06625381,0.027001619338989258,2.5495035648345947,-9.360207995136644
13.993920803070068,105.79984379778271,46.611943506647535,-14.496589030261068,1280000,16.74897003173828,17.032967567443848,0.25699639320373535,2182.183696746826,-3.0517577e-09,127,100,-124.66865633747852,-0.0677527,0.025999069213867188,2.4963490962982178,-8.2821112318933
13.99312424659729,155.18614121718295,49.27446702370217,-0.2058893596277844,1290000,16.824546575546265,17.10554528236389,0.2579984664916992,2199.302243709564,3.0517577e-09,128,100,-195.34998202252874,-0.050979722,0.02003169059753418,2.564115285873413,0.8500622342780604
13.93455195426941,100.99186639957844,37.09397933758028,-4.80532906840318,1300000,16.688308000564575,16.971275329589844,0.2569999694824219,2216.288518667221,0.0014651855,129,100,-83.72800448533367,-0.015629709,0.02596735954284668,2.499516487121582,-2.021001249451054
13.707793235778809,134.7092103855228,39.60741834181521,-3.5664962695977773,1310000,16.548409461975098,16.83740758895874,0.26099729537963867,2233.139925956726,3.3569336e-08,130,100,-88.16373152476595,-0.048426755,0.026999235153198242,2.5601420402526855,-1.0135582634664717
13.871679544448853,133.674540404565,48.23304476404132,-10.953513837333318,1320000,16.667628049850464,16.972594022750854,0.2749977111816406,2250.1255207061768,2.4414062e-08,131,100,-124.54973555243141,-0.050084375,0.02896904945373535,2.534451723098755,-6.076501011556465
13.809597969055176,125.67699339882375,37.992979427230445,-4.208505486881278,1330000,16.62124538421631,16.972208499908447,0.31999945640563965,2267.11173081398,-1.6784668e-08,132,100,-88.64702054834217,-0.033886828,0.029965639114379883,2.5499989986419678,-1.6929313453754773
13.834381103515625,100.09041357060796,42.377889837929246,-10.457317059446714,1340000,16.698395013809204,16.97639560699463,0.2559988498687744,2284.1021251678467,-2.4414062e-08,133,100,-174.6727740679686,-0.063107744,0.021001815795898438,2.610543727874756,-5.432735468762295
13.983595132827759,158.76037933726627,49.305723582521594,-4.281193126913383,1350000,16.74858260154724,17.035552978515625,0.2579989433288574,2301.1506774425507,-4.196167e-09,134,100,-143.0072108551969,-0.13731447,0.026980161666870117,2.502964735031128,-1.2093848800081377
13.952855587005615,151.01966848619784,45.637284394489434,3.1688128816779524,1360000,16.744866609573364,17.032864093780518,0.25799989700317383,2318.1965415477753,-2.4414062e-08,135,100,-106.79491320522267,-0.027661303,0.029997587203979492,2.5255136489868164,4.035144999824786
14.022123098373413,180.92258632751955,46.98930340298158,14.23890916431248,1370000,16.858993768692017,17.14496159553528,0.25699901580810547,2335.3565018177032,-3.3569336e-08,136,100,-109.4310347445827,-0.058019698,0.027962207794189453,2.520939826965332,11.077942549082644
13.88842225074768,158.83177641770155,47.36572482901835,16.62031085204622,1380000,16.728999853134155,17.00799798965454,0.25696873664855957,2352.377499103546,-3.0517577e-09,137,100,-142.47523619248994,-0.026413068,0.021028757095336914,2.5993082523345947,11.887192855217426
13.842341661453247,160.23331391306633,37.071210784868896,16.454430755869897,1390000,16.608292818069458,16.88129162788391,0.2519972324371338,2369.2727909088135,1.2207031e-08,138,100,-66.00439671359526,-0.03270323,0.021001577377319336,2.5314712524414062,12.157459588642583
13.932030200958252,202.73719708131742,50.33216183178728,16.323692584731713,1400000,16.739648580551147,17.024646282196045,0.257997989654541,2386.3134367465973,2.5939942e-08,139,100,-144.21652428363012,-0.028381983,0.026999711990356445,2.563263177871704,10.915139923769686
13.990493297576904,217.1235866726725,46.895070658776014,24.584764362465524,1410000,16.764115810394287,17.041112422943115,0.25500059127807617,2403.36754822731,-9.155274e-09,140,100,-80.22517683829976,-0.02167854,0.020996570587158203,2.5326199531555176,16.992830691210525
13.717315435409546,164.19434715238023,41.173761735033025,11.54604763203835,1420000,16.517972230911255,16.80297040939331,0.2569997310638428,2420.1895184516907,6.1035155e-09,141,100,-98.55069634461589,-0.025961353,0.02699732780456543,2.537360191345215,7.74206342192789
13.917364358901978,162.67531773814886,42.363903588730764,18.604341300371402,1430000,16.69892644882202,16.97992706298828,0.25499844551086426,2437.182445049286,6.1035155e-09,142,100,-116.3382779355574,-0.018848652,0.026002168655395508,2.537196636199951,13.825835610352327
14.01906418800354,176.51437158334437,45.54783123919136,21.659376331907392,1440000,16.813071727752686,17.113030433654785,0.27899837493896484,2454.308474302292,-6.1035155e-09,143,100,-121.76063451990916,-0.03512779,0.020960330963134766,2.5355284214019775,14.67342722278576
14.254863739013672,149.72792872441147,41.716686384028854,15.896862528161394,1450000,17.07396936416626,17.35696840286255,0.256000280380249,2471.678443670273,-1.8310548e-08,144,100,-93.35456382531697,-0.038457584,0.02699875831604004,2.5479629039764404,10.811886105852045
14.354705810546875,203.74576543034144,44.53837483618857,20.903832740112577,1460000,17.161377429962158,17.449355125427246,0.2590005397796631,2489.1417982578278,-3.2043456e-08,145,100,-100.86779715308835,-0.014801912,0.028977155685424805,2.526898145675659,14.386226675489517
14.27820348739624,129.4123099453095,46.71872532140504,11.83012004772864,1470000,17.09166932106018,17.401641845703125,0.28296780586242676,2506.5574390888214,-2.4414062e-08,146,100,-103.9613933939985,-0.028679572,0.026004791259765625,2.540905237197876,9.665428239719464
13.763444423675537,152.29430713916307,46.73185459477563,22.31377559324428,1480000,16.579625844955444,16.86562752723694,0.25699782371520996,2523.436066389084,-6.1035155e-09,147,100,-127.03783758509725,-0.026141882,0.02900385856628418,2.5051183700561523,15.573614113644293
13.909196376800537,154.21430613432977,52.868083046177475,16.151077123209003,1490000,16.69871950149536,16.9976749420166,0.2759978771209717,2540.446739435196,-1.2207031e-08,148,100,-130.8143576929191,-0.021627558,0.02095818519592285,2.521345376968384,11.981563743075123
13.879180908203125,165.2262291445129,54.92787646545652,30.496344264428952,1500000,16.611959218978882,16.89495825767517,0.2559967041015625,2557.354697704315,-1.0681152e-08,149,100,-117.53382977156286,-0.029605215,0.025001049041748047,2.4824140071868896,20.815896012958444
14.02611255645752,156.2683828013213,48.93105611541519,24.46072425384878,1510000,16.796972036361694,17.083971738815308,0.2579658031463623,2574.4516689777374,-0.0017114686,150,100,-123.07107827021916,-0.027829943,0.029033899307250977,2.502671480178833,15.778262062460767
13.585423231124878,209.26443233456482,55.541850648491746,19.794558601817265,1520000,16.40200448036194,16.68797278404236,0.26000022888183594,2591.1526415348053,1.2207031e-08,151,100,-95.58224988139312,-0.040818818,0.02499866485595703,2.547623872756958,13.780798262751409
14.378984928131104,174.9579198518726,53.1798402984236,32.01192857806108,1530000,17.18425726890564,17.466224670410156,0.25800108909606934,2608.6318662166595,3.6621095e-08,152,100,-78.73424789526088,-0.10318373,0.022966623306274414,2.516357183456421,21.740954481280642
14.249635696411133,204.45228439150065,57.277811274568364,32.61347771341801,1540000,17.060003757476807,17.346972465515137,0.25800132751464844,2625.9918370246887,-3.8146972e-08,153,100,-81.4330827916675,-0.06531905,0.02896738052368164,2.565932512283325,21.575363906760895
14.48459768295288,150.4633079262271,37.89999640605933,23.44631006788585,1550000,17.332628965377808,17.626604318618774,0.2609999179840088,2643.6324393749237,-1.6784668e-08,154,100,-74.15045192977881,-0.024273764,0.03197431564331055,2.5824975967407227,16.421721796390496
14.357728719711304,149.83288197229106,40.375189000113316,19.744451517745798,1560000,17.227729082107544,17.518693923950195,0.26000142097473145,2661.164132833481,3.051758e-08,155,100,-55.60461091333384,-0.043656133,0.030963420867919922,2.6077499389648438,14.922022187084734
14.533249855041504,169.7936566862713,47.318592411505364,17.88501309997465,1570000,17.395960330963135,17.679923057556152,0.2629978656768799,2678.8570544719696,1.8310548e-08,156,100,-94.16554346882197,-0.045533348,0.020964860916137695,2.5951879024505615,13.183456090921682
14.438921689987183,182.02691783686325,48.11919507743659,18.3811280703594,1580000,17.289421558380127,17.569422006607056,0.25800013542175293,2696.4404759407043,-6.103516e-08,157,100,-102.83410832367677,-0.071333915,0.02099919319152832,2.5970230102539062,13.314420177574839
14.304606914520264,215.0216977135,47.91813726001995,24.26117404817508,1590000,17.113096714019775,17.39704966545105,0.25499796867370605,2713.8525252342224,-6.1035155e-09,158,100,-65.29173358121457,-0.017344626,0.026968717575073242,2.5047109127044678,16.62742665994987
14.069277286529541,201.960182411072,47.84636375637751,20.250921699368533,1600000,16.873038291931152,17.163037300109863,0.259995698928833,2731.0285618305206,-3.3569336e-08,159,100,-68.10617967004156,-0.029210757,0.02900218963623047,2.540057420730591,13.944537939955996
14.282265901565552,168.3707098435758,48.17266813408971,12.305527814143726,1610000,17.05416774749756,17.34516716003418,0.26399660110473633,2748.386728286743,9.918213e-09,160,100,-77.83018024019876,-0.028460663,0.025000572204589844,2.5147743225097656,8.469097788131034
14.16339373588562,172.03278711132975,48.67570371149229,20.924797598440126,1620000,16.974380493164062,17.254380702972412,0.2569999694824219,2765.655111312866,5.1879884e-08,161,100,-75.0921156661305,-0.026186898,0.023000240325927734,2.5348832607269287,15.098048048440994
13.970932960510254,176.8928530223996,55.80885442522951,18.053768490781586,1630000,16.791582345962524,17.08154821395874,0.26299619674682617,2782.749659538269,-1.2207031e-08,162,100,-184.43140217757113,-0.025086926,0.02696967124938965,2.5508310794830322,14.102635736362231
14.003982782363892,151.5672488700609,47.691990813017526,7.676510606895573,1640000,16.793993711471558,17.089990377426147,0.2709994316101074,2799.8526504039764,-1.2207031e-08,163,100,-102.74728276641544,-0.033946227,0.024997234344482422,2.534234046936035,6.764916441574663
13.90743899345398,138.80248189734613,45.82684927322736,12.617372396349305,1650000,16.719269037246704,17.003268003463745,0.2560005187988281,2816.869917869568,-6.1035155e-09,164,100,-87.88665372178396,-0.041823365,0.02699875831604004,2.5571951866149902,9.969355216416025
14.053173065185547,143.95171866970384,47.6855413278485,16.30914868954164,1660000,16.915725469589233,17.20772361755371,0.26200270652770996,2834.090641260147,-3.7384034e-08,165,100,-121.94095716258899,-0.020311654,0.028995037078857422,2.644601821899414,11.662805560490071
14.197087526321411,130.99117004434797,49.90711107462397,11.127182977590222,1670000,16.989527225494385,17.267526149749756,0.2539997100830078,2851.37216591835,-1.9836426e-08,166,100,-119.96679821175496,-0.019955976,0.02300238609313965,2.528687000274658,9.273031399905063
13.919286012649536,127.6548464394745,49.60335177024755,8.592834024385406,1680000,16.683822870254517,16.965790033340454,0.256000280380249,2868.3519551754,3.3569336e-08,167,100,-190.25583064159832,-0.0251968,0.024968385696411133,2.473055839538574,7.415058572401442
13.98651671409607,210.45511452743742,55.34507502015427,17.610628990497812,1690000,16.787980556488037,17.071972370147705,0.25499892234802246,2885.436925649643,-3.4332275e-09,168,100,-95.210526878586,-0.03470163,0.02699899673461914,2.542032241821289,11.755777316282325
14.078125238418579,145.54621894656978,43.783552166425594,18.73518713130952,1700000,16.88998031616211,17.175978660583496,0.25799560546875,2902.625904083252,6.1035155e-09,169,100,-57.19763581474868,-0.030311741,0.02700018882751465,2.5007970333099365,12.651267315742837
14.035974502563477,152.797123323408,47.386356103336254,14.717827620067292,1710000,16.835652828216553,17.135650634765625,0.27199816703796387,2919.7745547294617,1.2207031e-08,170,100,-91.32529374571294,-0.025897985,0.0279996395111084,2.550652503967285,10.931406055161506
14.198307275772095,160.14787199515322,50.56990040997191,28.590172060024898,1720000,16.994048357009888,17.283048391342163,0.2609999179840088,2937.0726029872894,-2.4414062e-08,171,100,-94.83446475908025,-0.028976208,0.026967763900756836,2.545520782470703,18.92169387078548
13.95961618423462,173.82911871722445,53.802511179283734,20.814058390265764,1730000,16.78766393661499,17.06166434288025,0.25100016593933105,2954.147266626358,-1.8310548e-08,172,100,-74.2483348094062,-0.050839435,0.021999835968017578,2.5674219131469727,15.29386003146218
13.86973786354065,168.28354573159314,49.71643761111634,24.720560418726578,1740000,16.680325269699097,16.956326007843018,0.2500004768371582,2971.116592168808,-3.3569336e-08,173,100,-88.4284708231192,-0.031222934,0.024999618530273438,2.5592987537384033,17.881205113786656
14.098743915557861,169.51389856356988,48.94936591407928,30.124470624075737,1750000,16.928757190704346,17.21072292327881,0.2540011405944824,2988.340315103531,-3.051758e-08,174,100,-53.089385957926154,-0.03165537,0.02596569061279297,2.5514159202575684,20.459232072055052
14.011307954788208,202.54114964133174,48.27524351514188,27.6955274750063,1760000,16.73839044570923,17.018357753753662,0.257000207901001,3005.3726727962494,-3.6621095e-08,175,100,-59.03524390248542,-0.028748548,0.02195906639099121,2.4639947414398193,18.814234640532995
14.115132570266724,174.66592993933642,51.05809849159816,28.23026718885191,1770000,16.81931233406067,17.103312969207764,0.2540011405944824,3022.488984823227,-5.493164e-08,176,100,-96.03038087604568,-0.025660474,0.028998613357543945,2.451294422149658,18.607782848111746
13.981988906860352,130.01179372236797,37.73062402091524,14.530448609950888,1780000,16.707874536514282,16.988871812820435,0.2579975128173828,3039.4908561706543,-6.1035155e-09,177,100,-83.9191347509827,-0.03908006,0.021998167037963867,2.458200216293335,10.699036457682546
14.008812189102173,136.57875220854345,40.084372110272575,20.94415753741077,1790000,16.77898073196411,17.059979677200317,0.2570023536682129,3056.56383562088,4.2724608e-08,178,100,-65.8218979204415,-0.025151739,0.022998809814453125,2.513552665710449,14.631533057080285
14.004164934158325,153.78453366444947,43.323989273068094,15.038267511228174,1800000,16.815740823745728,17.095704793930054,0.2560000419616699,3073.674541950226,1.2207031e-08,179,100,-81.81905389854701,-0.024693616,0.02396392822265625,2.5493836402893066,10.315630827908363
13.893432140350342,129.25468741340626,43.23619395688408,18.220062254258117,1810000,16.74933934211731,17.027312994003296,0.2570006847381592,3090.7148547172546,-3.0517577e-09,180,100,-91.08292785592643,-0.05216655,0.02097296714782715,2.5545222759246826,12.962800488850684
14.06765866279602,156.81719728101157,48.62377332158696,15.150859394655448,1820000,16.86691904067993,17.158915281295776,0.2609684467315674,3107.88676905632,4.577637e-09,181,100,-81.49272408621363,-0.043179896,0.030027389526367188,2.54182767868042,10.070376937009264
13.893634796142578,129.82735637556482,50.18318474081871,11.38261637829574,1830000,16.67958164215088,17.058578968048096,0.3579981327056885,3124.9593501091003,-3.6621095e-08,182,100,-171.13229888502678,-0.021548664,0.02099919319152832,2.5252888202667236,8.482045537145144
14.075948715209961,132.20966115524593,47.41790582767271,9.331456962040114,1840000,16.87158226966858,17.156580448150635,0.2599983215332031,3142.130929708481,-0.0020672362,183,100,-95.58886323909131,-0.027928894,0.02499985694885254,2.5522704124450684,6.197732375908197
13.810382604598999,113.58727898623249,46.32264181907367,6.335784467812097,1850000,16.639697313308716,16.9116952419281,0.25099897384643555,3159.055624961853,-0.0023064208,184,100,-94.72548319884122,-0.032753658,0.02099895477294922,2.569255828857422,4.622561220031777
13.95031213760376,150.42080515218595,50.65572574662778,15.196879188841177,1860000,16.727564096450806,17.008564710617065,0.2570004463195801,3176.0771894454956,6.1035155e-09,185,100,-80.70646854206191,-0.029656837,0.022998571395874023,2.518839120864868,8.544259165039854
14.018941402435303,135.92885504901042,49.56742544969338,3.3136780220290962,1870000,16.794005870819092,17.071972846984863,0.25499677658081055,3193.1621611118317,-3.6621095e-08,186,100,-118.02346642892127,-0.0544862,0.02196955680847168,2.49944806098938,1.7213452269325507
14.089414834976196,123.81525473759841,41.70231740267369,3.976155875590357,1880000,16.906959533691406,17.19095802307129,0.26300048828125,3210.36611866951,-1.8310548e-08,187,100,-89.32182128825404,-0.059073657,0.019998550415039062,2.5618410110473633,2.039646228746186
13.882399797439575,130.36714329721138,43.565625753802216,12.98365999360205,1890000,16.67975378036499,16.953752756118774,0.25299835205078125,3227.333870410919,-5.1116942e-08,188,100,-74.02559644341277,-0.03308221,0.02100062370300293,2.546081066131592,7.074555063558594
14.058617115020752,99.69714042306255,41.78245868912937,9.997012298204414,1900000,16.91748857498169,17.193450927734375,0.24900078773498535,3244.540321111679,1.0681152e-08,189,100,-75.94758727463334,-0.032920018,0.026961565017700195,2.6192500591278076,6.857875845310329
14.007131338119507,140.42091036999426,49.35950089667602,21.5274312761762,1910000,16.75593113899231,17.033929347991943,0.25600266456604004,3261.5872514247894,-1.525879e-08,190,100,-112.01363773634748,-0.049477622,0.02199554443359375,2.494917392730713,13.991641545703255
14.127721548080444,168.9688490729449,54.08371733328992,14.227634392781143,1920000,17.055976629257202,17.330971240997314,0.25299739837646484,3278.9322214126587,6.1035155e-09,191,100,-112.2139166915602,-0.07969759,0.02099776268005371,2.625383138656616,10.4421598753387
14.105249881744385,191.54952225941312,49.408517723162056,21.106104709862176,1930000,16.848001956939697,17.138971090316772,0.268998384475708,3296.085194349289,-4.4250488e-08,192,100,-133.25666686388772,-0.0606673,0.021970748901367188,2.4846112728118896,14.797695265194523
14.006160259246826,162.34814024126518,50.83440560571674,26.23035339439194,1940000,16.745627880096436,17.03162670135498,0.2630000114440918,3313.129822254181,-6.1035155e-09,193,100,-68.11796739388437,-0.018922511,0.022998809814453125,2.472965717315674,18.943060622971693
14.039022445678711,196.56879878296039,56.16052306983079,29.0727886727761,1950000,16.825746059417725,17.15574550628662,0.2969996929168701,3330.2985665798187,2.746582e-08,194,100,-119.02690954328641,-0.027803602,0.030999183654785156,2.5246849060058594,20.58345142695386
13.803134202957153,200.80804799406874,56.661368090206714,27.616254749742556,1960000,16.57093048095703,16.85593056678772,0.2569739818572998,3347.169496536255,6.1035155e-09,195,100,-84.4283092138581,-0.036844533,0.028026103973388672,2.5031495094299316,20.502915806727078
13.938133239746094,181.4268720016198,50.085469507328156,27.543840503801405,1970000,16.754597425460815,17.039597272872925,0.2629992961883545,3364.222092628479,-3.5095216e-08,196,100,-73.52476060350142,-0.08732861,0.022000551223754883,2.553941249847412,19.818853207132424
13.895397186279297,186.361646547215,54.30675079386748,20.546747969493946,1980000,16.685118913650513,16.964118242263794,0.25699806213378906,3381.200211286545,6.1035155e-09,197,100,-122.87258279354178,-0.060699828,0.021000385284423828,2.517756223678589,15.39844693975143
14.027945280075073,167.83743442334736,62.429580330063025,28.048857757798995,1990000,16.89455509185791,17.184553861618042,0.2629983425140381,3398.3977653980255,3.4332274e-08,198,100,-71.16902194169519,-0.05595752,0.02700042724609375,2.6015307903289795,18.205983460987007
14.608755826950073,217.83897859584098,60.695127433379,29.593282381732816,2000000,17.58544921875,17.87543797492981,0.25999951362609863,3416.286203145981,2.4414062e-08,199,100,-70.8561703070483,-0.20696169,0.027971267700195312,2.7054004669189453,20.536014858783652
14.7469961643219,182.7947667889931,61.292517443084115,25.94596666726868,2010000,17.728374481201172,18.005338668823242,0.2559967041015625,3434.305542230606,1.525879e-08,200,100,-108.49351253665482,-0.05421376,0.020967483520507812,2.723503828048706,16.6144645335689
13.834782600402832,163.17173302870987,57.48856318797212,23.291640325666748,2020000,16.749192476272583,17.0421941280365,0.26399922370910645,3451.360734462738,-5.569458e-08,201,100,-109.43953029199021,-0.063126266,0.028000593185424805,2.5980496406555176,14.460501192846694
14.047472715377808,211.60290384573764,61.03549216863704,12.449651107642817,2030000,16.800836324691772,17.07883358001709,0.2539684772491455,3468.452567100525,-2.1362304e-08,202,100,-173.98032177064144,-2.282174,0.024028778076171875,2.4930970668792725,8.465724722097947
13.934591054916382,221.50449551475356,65.66739211948064,29.262369619655786,2040000,16.66727638244629,16.947274446487427,0.2540006637573242,3485.4138417243958,2.1362304e-08,203,100,-192.2059433043189,-0.07602774,0.023997783660888672,2.5054280757904053,17.48166916304789
13.909595012664795,147.66795927564525,62.02323440484497,-9.010067234713938,2050000,16.6917724609375,16.975772857666016,0.2539982795715332,3502.4026148319244,-1.0681152e-08,204,100,-191.93436678434708,-0.06177898,0.029000282287597656,2.5181264877319336,-4.887732635960713
13.807054996490479,148.8406368966947,57.82885606027921,-6.276008072739427,2060000,16.619618892669678,16.898588180541992,0.2559981346130371,3519.314202070236,-1.8310548e-08,205,100,-169.28109678018834,-0.022825137,0.020992040634155273,2.547213315963745,-2.520911869205026
13.926315784454346,162.82988734802387,56.59269040790859,-6.019961842652213,2070000,16.62987518310547,16.91584324836731,0.2609744071960449,3536.24404501915,3.051758e-08,206,100,-135.6807520358525,-0.0254325,0.023970365524291992,2.454972743988037,-3.2364113496177516
13.81899881362915,136.15203733571224,57.564179145080026,-1.2178282339057467,2080000,16.541767597198486,16.836735010147095,0.264998197555542,3553.094779253006,9.155274e-09,207,100,-126.28726401858869,-0.03786255,0.029969215393066406,2.476439952850342,0.4907359553338789
13.838902950286865,135.46866653077157,48.92524155758097,-14.850132749490708,2090000,16.631094455718994,16.945063829421997,0.28299999237060547,3570.0528440475464,-2.4414062e-08,208,100,-107.25250389756405,-0.040818695,0.028974533081054688,2.5301220417022705,-8.038496294268109
14.17997932434082,167.0291441684707,59.63762176042121,-14.622141529337991,2100000,16.912551164627075,17.202516794204712,0.25899648666381836,3587.2683594226837,-1.2207031e-08,209,100,-157.6223153247328,-0.044126455,0.02896904945373535,2.461474657058716,-7.355893408956459
13.896048307418823,153.40309971450068,57.024133632101936,-13.42554947531156,2110000,16.659672737121582,16.943673610687256,0.2579972743988037,3604.224031686783,-0.0029169067,210,100,-142.99282316335487,-0.045821387,0.025002002716064453,2.485783100128174,-6.942205284072839
13.85320496559143,178.15350311096302,54.413090984975526,-14.278506392310424,2120000,16.640862464904785,16.922861337661743,0.25800037384033203,3621.1598925590515,4.577637e-09,211,100,-104.27878368136655,-0.05873297,0.023998498916625977,2.52854061126709,-6.480012324451447
13.917366981506348,164.2987740194588,51.84986106499739,-17.429447698823655,2130000,16.75397562980652,17.077975273132324,0.29796767234802246,3638.250866174698,-1.5258789e-09,212,100,-116.25782963160236,-0.48270777,0.025030851364135742,2.5260860919952393,-7.14719222592032
13.869663953781128,194.20892091666985,57.83119419027992,-9.48822934677375,2140000,16.705008506774902,16.98597526550293,0.25300002098083496,3655.249841451645,1.525879e-08,213,100,-139.29781955625208,-0.047473744,0.026978254318237305,2.567758560180664,-3.783672934601445
13.999098777770996,144.69686814656293,52.073872227316265,-7.72599206578039,2150000,16.768277168273926,17.04927635192871,0.2519979476928711,3672.3121161460876,-3.6621095e-08,214,100,-125.7008205095902,-0.20454085,0.029001235961914062,2.5151941776275635,-0.07017959450883829
13.958752632141113,110.46452357398736,54.18343595201053,-22.062689861737557,2160000,16.63186812400818,16.917866945266724,0.2630012035369873,3689.2429831027985,1.9073487e-09,215,100,-181.05849457894212,-0.08137324,0.021997690200805664,2.411428213119507,-8.678772471793588
13.836236000061035,118.27857307665332,54.75265175680072,-21.060250150871344,2170000,16.627186059951782,16.90515112876892,0.25099802017211914,3706.1611335277557,-2.2888184e-08,216,100,-157.13069312701117,-1.5890903,0.02696704864501953,2.542447090148926,-8.69931902881709
14.05312466621399,222.84825704954642,69.12215573270288,-25.67089986968483,2180000,16.9012713432312,17.176241159439087,0.25300121307373047,3723.350373983383,1.8310548e-08,217,100,-207.68072181097438,-0.35904518,0.02096700668334961,2.581803321838379,-12.132305185168375
14.028870344161987,124.561900974816,55.42720859661855,-35.064166582148964,2190000,16.805336713790894,17.086307525634766,0.25299692153930664,3740.4496805667877,-1.2207031e-08,218,100,-164.42865494279928,-3.7024477,0.02697157859802246,2.5128400325775146,-18.595459224718194
13.826360940933228,114.77877007305071,52.91677171263281,-36.026165861685136,2200000,16.641562461853027,16.918530225753784,0.25299978256225586,3757.3812108039856,-3.051758e-08,219,100,-173.6283801822198,-0.028498963,0.02200007438659668,2.565861463546753,-21.365264580364574
13.759958028793335,116.27110974421001,43.8213438514489,-38.138734378507266,2210000,16.511257886886597,16.788256406784058,0.25099921226501465,3774.1824667453766,-4.4250488e-08,220,100,-143.04183926381177,-0.08343507,0.025002002716064453,2.4833106994628906,-23.203238368539996
13.566247701644897,202.94498066072464,51.00711961880332,-24.413695505328864,2220000,16.355425596237183,16.62938380241394,0.2499995231628418,3790.824849843979,3.051758e-08,221,100,-153.5911913187705,-0.101370834,0.021959543228149414,2.539257049560547,-14.317223275714307
13.147982835769653,94.10700574595131,49.56897073343947,-33.53217732720746,2230000,15.941256046295166,16.2172269821167,0.25299882888793945,3807.055075645447,2.5939942e-08,222,100,-148.7963964757169,-0.013061775,0.022000789642333984,2.53822922706604,-20.193842286429106
13.593517780303955,126.4858239841584,46.378761464908415,-22.94145689316976,2240000,16.446690320968628,16.726689338684082,0.2520005702972412,3823.795764684677,3.0517577e-09,223,100,-176.74655752061122,-0.022229727,0.02799844741821289,2.5476391315460205,-13.636382775782602
13.598657369613647,113.93274014945344,44.38798231951248,-26.89019945784565,2250000,16.4336416721344,16.711639165878296,0.25299835205078125,3840.520402908325,5.817413e-09,224,100,-137.13321345389048,-0.019478524,0.023998260498046875,2.578117609024048,-16.290207272795218
13.781203031539917,86.97988190680856,45.03149789676699,-26.783803483085734,2260000,16.562575817108154,16.838575839996338,0.253983736038208,3857.372978925705,6.1035155e-09,225,100,-151.80051762828586,-0.017188136,0.020033597946166992,2.551825761795044,-15.446517922191184
13.592345952987671,88.71562386191196,44.46745490962434,-26.205067673203953,2270000,16.30388855934143,16.785862922668457,0.451998233795166,3874.170840024948,-1.2207031e-08,226,100,-138.70654781968082,-0.01219242,0.028975725173950195,2.47985577583313,-14.631988156763482
13.310032367706299,87.36305556335051,45.55948444942586,-28.742787922674303,2280000,16.076446771621704,16.378446340560913,0.27199888229370117,3890.562285423279,-6.1035155e-09,227,100,-122.36445779720039,-0.023285178,0.02800154685974121,2.507239818572998,-17.17784150026842
13.611599445343018,110.27390941457541,47.804503335857326,-25.443785703880298,2290000,16.407328844070435,16.691328763961792,0.25800061225891113,3907.2686138153076,6.1035155e-09,228,100,-121.74409038597842,-0.009398145,0.024999141693115234,2.5445754528045654,-15.864106060073556
13.75236177444458,92.85217514923735,48.64890010934567,-27.703874634167377,2300000,16.5162456035614,17.151241540908813,0.6089987754821777,3924.4328541755676,2.4414062e-08,229,100,-170.07426199457214,-0.014872391,0.02399754524230957,2.5103554725646973,-16.449928000224368
13.909282445907593,118.60473857407817,52.282872030563645,-26.1506883795036,2310000,16.757691144943237,17.036749839782715,0.25300025939941406,3941.4836041927338,1.525879e-08,230,100,-148.51101552787972,-0.023697764,0.023061037063598633,2.590980291366577,-15.443663282969792
14.968223094940186,104.76873617203677,44.92380062351805,-17.559569460455236,2320000,17.777440786361694,18.055413722991943,0.2519681453704834,3959.5530173778534,3.051758e-08,231,100,-143.6134467976402,-0.020219665,0.026004791259765625,2.5615193843841553,-10.146319530280202
16.203086853027344,93.48172049979523,49.600162969838046,-21.584404449665364,2330000,19.105174779891968,19.368140935897827,0.24100041389465332,3978.9341588020325,-6.1035155e-09,232,100,-142.60385079660645,-0.027971875,0.021965742111206055,2.637695550918579,-13.503407026206323
15.800973415374756,90.06827367026018,50.556716869657635,-22.192597792177363,2340000,18.54789972305298,18.815900325775146,0.24500107765197754,3997.7640583515167,7.368774e-05,233,100,-145.55438034766502,-0.013522803,0.02299952507019043,2.4807844161987305,-13.253766274880997
15.021640300750732,160.16202504276848,53.971812424657834,-24.011127790777273,2350000,18.018141746520996,18.290143251419067,0.24699974060058594,4016.068200111389,-5.912781e-09,234,100,-127.21728738222882,-0.0112143075,0.02400040626525879,2.5469911098480225,-14.382687425497448
14.580650091171265,124.84403955403697,50.82202149810372,-17.906892392478518,2360000,17.38411855697632,17.64954400062561,0.24100065231323242,4033.7317430973053,-0.00076245726,235,100,-147.82434168103597,-0.014117633,0.022006511688232422,2.5477449893951416,-10.210715359170994
14.522697687149048,144.05615534364117,50.373511108822214,-20.45633448668665,2370000,17.304060220718384,17.570061445236206,0.2389676570892334,4051.3148045539856,3.5095216e-08,236,100,-132.858983606909,-0.014462646,0.026032447814941406,2.544992208480835,-12.243668369525407
14.408146619796753,109.1467646554801,53.918504421327604,-24.777058085239624,2380000,17.187046766281128,17.46804690361023,0.26000046730041504,4068.7968497276306,-1.2207031e-08,237,100,-196.22990309953798,-0.014175769,0.020999670028686523,2.535834789276123,-13.926036258941359
14.275266170501709,115.03368819904244,51.37976323068872,-20.610683916481076,2390000,17.049113512039185,17.305670022964478,0.23000097274780273,4086.1175196170807,-2.4414062e-08,238,100,-131.92321594962178,-0.021650134,0.025609493255615234,2.5178582668304443,-12.395661086284301
14.284759759902954,93.91899405520637,49.15012338136047,-19.189339847491826,2400000,17.03659152984619,17.287590742111206,0.22999978065490723,4103.418109416962,-1.8310548e-08,239,100,-174.71367184676384,-0.015400098,0.020999431610107422,2.4905550479888916,-10.442973845839822
14.187734603881836,133.45785278699637,52.96584595391,-14.95282699761443,2410000,16.944355487823486,17.204322814941406,0.2389991283416748,4120.636431932449,-2.3651124e-08,240,100,-147.9146602908082,-0.015689112,0.020968198776245117,2.4963691234588623,-8.293320258635115
14.243740320205688,127.9843041666319,52.7696223176398,-17.401155113067723,2420000,16.968335390090942,17.23029327392578,0.24100017547607422,4137.879723310471,-2.746582e-08,241,100,-129.05591484549174,-0.0134461485,0.019956111907958984,2.46702241897583,-10.7701285557525
14.189861536026001,182.39459678181336,52.56976090831253,-11.585567690334234,2430000,16.958160638809204,17.21816110610962,0.23900055885314941,4155.11088347435,8.8500975e-08,242,100,-144.84615114608377,-0.021162631,0.020999908447265625,2.5171058177948,-6.252294540185334
14.115492105484009,139.14847173916397,52.796951803844934,-10.907986951294351,2440000,16.878281354904175,17.12928318977356,0.23000121116638184,4172.253164768219,2.4414062e-08,243,100,-137.65895478581842,-0.016063666,0.02100062370300293,2.5131311416625977,-6.428079296602538
14.014413595199585,158.44786981289425,57.01291329119989,-18.167727755135722,2450000,16.749738931655884,17.015745878219604,0.24299931526184082,4189.281909227371,-6.1035155e-09,244,100,-128.35430366494631,-0.008139579,0.02100682258605957,2.48077392578125,-10.16364622021191
14.023335218429565,178.19540695952483,55.46296427438502,-12.650913258414231,2460000,16.77958369255066,17.03555727005005,0.2350008487701416,4206.330466270447,-9.536743e-09,245,100,-127.09761158195079,-0.011764833,0.01999378204345703,2.4660863876342773,-7.157709609900275
14.122846603393555,103.79614129529168,43.05141595180569,-11.569962089007783,2470000,16.83461833000183,17.09158992767334,0.23199844360351562,4223.436056852341,4.7302247e-08,246,100,-107.87540277537786,-0.012755626,0.024973154067993164,2.452816963195801,-5.153551323060369
14.003401756286621,122.81805151686746,49.676746379811625,-9.10381708335728,2480000,16.708178758621216,16.97414803504944,0.23700165748596191,4240.424204587936,1.2207031e-08,247,100,-157.84562133796865,-0.012883142,0.028967618942260742,2.4368183612823486,-4.573170680013042
13.992255926132202,178.55006294854311,52.34422823901615,-9.721961569284282,2490000,16.716726541519165,16.971692085266113,0.22699975967407227,4257.408895254135,1.6784668e-08,248,100,-117.22780238591318,-0.0128881885,0.027965784072875977,2.4752914905548096,-5.266656310026425
14.063430309295654,144.06391104777902,53.13200493985711,-24.11667154706968,2500000,16.74902868270874,16.999995708465576,0.23000049591064453,4274.421890974045,-2.3651124e-08,249,100,-155.6132813608533,-0.02388802,0.020966529846191406,2.432854652404785,-13.931604779579654
14.089099884033203,162.42838161937377,53.30459146118716,-7.578047538271267,2510000,16.767431020736694,17.034396409988403,0.2349681854248047,4291.469287633896,-1.1444092e-08,250,100,-106.43012033810872,-0.020441916,0.03103041648864746,2.4477334022521973,-4.099930191811759
13.959529638290405,150.62641825539083,50.98532398251248,-11.682099842305385,2520000,16.698634386062622,16.955602407455444,0.23600006103515625,4308.437889814377,-2.4414062e-08,251,100,-136.86093727120925,-0.014525012,0.020967960357666016,2.4854114055633545,-4.837384062082655
14.052892684936523,136.07507325678304,51.050303621738635,-10.529440337408127,2530000,16.714508056640625,16.966477632522583,0.22899961471557617,4325.417366743088,-2.4414062e-08,252,100,-181.55769451259718,-0.014747354,0.02200031280517578,2.4175426959991455,-4.4278221635366775
14.042482614517212,149.04868380204596,48.61555658322116,-5.899402919181471,2540000,16.776031732559204,17.027039527893066,0.22999954223632812,4342.457405090332,-2.5844574e-08,253,100,-111.75203571115175,-0.015127024,0.02100825309753418,2.504459857940674,-0.41636742539710675
13.975346326828003,131.8839782213216,46.897246728181095,-10.676584492825707,2550000,16.66776180267334,16.923889636993408,0.23596811294555664,4359.394294023514,-2.2888184e-08,254,100,-98.07250806528891,-0.0145369265,0.02003955841064453,2.419358253479004,-4.013835875114545
14.05379319190979,143.51572168019408,48.60646402758951,-16.47171508826605,2560000,16.675924062728882,16.926922082901,0.23099756240844727,4376.3352172374725,1.1444092e-08,255,100,-138.7303585023525,-0.018050719,0.020000457763671875,2.365260601043701,-7.479440758799285
13.993967533111572,167.4104452461245,50.17828020643071,-14.373912612501384,2570000,16.802178621292114,17.06217908859253,0.23296713829040527,4393.4093952178955,-3.6621095e-08,256,100,-125.14349120843681,-0.01357297,0.025002717971801758,2.512113571166992,-6.688365834880618
13.953756332397461,156.35870773104003,53.00213147316315,-22.112112518276835,2580000,16.746904373168945,17.001869678497314,0.2329699993133545,4410.425264596939,-6.1035155e-09,257,100,-136.2239428471233,-0.016164966,0.01999640464782715,2.5397675037384033,-10.877776567911244
13.953766584396362,166.5812797500426,49.65404835514863,-9.294268908309984,2590000,16.742990016937256,16.9959557056427,0.23199844360351562,4427.434220075607,-5.493164e-08,258,100,-131.17816948529762,-0.016193328,0.02096724510192871,2.5246505737304688,-3.7896712282684923
14.010064125061035,121.79859445727723,45.88701493180153,-11.635572623572893,2600000,16.745954990386963,16.998953580856323,0.2279977798461914,4444.446172952652,1.525879e-08,259,100,-108.37654720314391,-0.016935034,0.024001359939575195,2.487741708755493,-4.6052167442505825
14.028932094573975,139.04706434673545,51.3248554057461,-7.948754862338986,2610000,16.7623074054718,17.01927638053894,0.23599958419799805,4461.478448152542,3.2043456e-08,260,100,-112.59153650267554,-0.011369904,0.019999980926513672,2.4880776405334473,-2.2204063109579018
13.983514547348022,112.91411058479726,44.955199010649466,-6.188873022320284,2620000,16.706636667251587,16.96760869026184,0.2389993667602539,4478.459056138992,-1.0681152e-08,261,100,-97.42561767561938,-0.01514484,0.020972728729248047,2.4617183208465576,-1.8974826218537384
13.957614421844482,121.16389645191937,48.21076595630584,-5.768290986530757,2630000,16.744672298431396,16.995641708374023,0.22796964645385742,4495.466698169708,1.525879e-08,262,100,-113.9604669652244,-0.013980197,0.019999980926513672,2.527945041656494,-0.9047617184178484
14.021539449691772,127.26531027993687,47.63917187721468,-8.25375091618813,2640000,16.696365118026733,16.956364631652832,0.23200106620788574,4512.4350616931915,4.8828124e-08,263,100,-117.29773011007602,-0.012289424,0.026998519897460938,2.3961925506591797,-2.160162010407269
14.001036643981934,132.24851869564577,51.14474537872868,-7.187925109203721,2650000,16.69557809829712,16.965575695037842,0.24399876594543457,4529.413638114929,-1.9836426e-08,264,100,-131.08695921760767,-0.018130112,0.025998830795288086,2.4302761554718018,-1.1522459636814883
13.988194704055786,142.87722642263617,46.927303859694376,-12.82039944509952,2660000,16.680928945541382,16.93993592262268,0.23000097274780273,4546.366574048996,6.1035155e-09,265,100,-145.48615797050442,-0.0129039,0.029006004333496094,2.4492743015289307,-4.718451459956022
13.986592054367065,175.980268052546,59.70989613476999,3.550542283320673,2670000,16.645796060562134,16.89779496192932,0.23200035095214844,4563.277368783951,-1.2207031e-08,266,100,-132.22581397967608,-0.017946536,0.019998550415039062,2.3806164264678955,5.332696824322774
14.119420528411865,149.9257640902201,53.582680644761126,-9.052080997161001,2680000,16.84047293663025,17.092480659484863,0.23100042343139648,4580.382848978043,2.4414062e-08,267,100,-102.71662614022334,-0.016790748,0.021007299423217773,2.417907953262329,-2.071186476365518
13.898441791534424,146.8673403637628,49.44838478698907,-12.748449248753397,2690000,16.587889432907104,16.835887908935547,0.22699832916259766,4597.232736110687,-7.629395e-09,268,100,-146.12561428980518,-0.012043856,0.021000146865844727,2.439070463180542,-5.272498876519353
14.034186840057373,105.45724751736739,45.003918498466476,-23.8408800225742,2700000,16.689762592315674,16.946762084960938,0.23299741744995117,4614.192497253418,2.4414062e-08,269,100,-104.55344075159923,-0.008146246,0.023000717163085938,2.4101157188415527,-11.553326560074373
14.023903369903564,142.47796054858497,46.42504437383069,-12.516100218246232,2710000,16.732177257537842,16.98414444923401,0.23099875450134277,4631.189640522003,2.4414062e-08,270,100,-124.65463462908609,-0.012866424,0.02096843719482422,2.455108165740967,-4.215951841123371
13.94373869895935,212.8191902119453,53.186888670977496,-9.049492762625523,2720000,16.73580265045166,16.984769105911255,0.22699975967407227,4648.187409162521,2.1362304e-08,271,100,-132.67827158538725,-0.015615545,0.020967483520507812,2.553797721862793,-3.361155464953205
13.975082874298096,175.7758133766368,47.684032388858505,-3.3644005606165717,2730000,16.66652536392212,16.917524814605713,0.22796940803527832,4665.117933511734,1.8310548e-08,272,100,-97.37441538328676,-0.013664704,0.02303004264831543,2.4356472492218018,0.8308530328661305
14.00044846534729,99.22986362938607,44.4953595992576,-11.151212445722841,2740000,16.744480848312378,17.004478931427002,0.23099899291992188,4682.135412931442,-0.0010633545,273,100,-116.23802836605154,-0.015211688,0.02799820899963379,2.4826903343200684,-3.242341739915306
14.064027786254883,107.86318568469001,45.07261807352843,-22.71238339393302,2750000,16.724027633666992,16.978026866912842,0.23199772834777832,4699.125438928604,6.1035155e-09,274,100,-134.49974576714362,-0.012188806,0.020001888275146484,2.4000244140625,-10.543488788993761
13.978511571884155,167.21585660000267,47.18497170896293,-19.229802041755285,2760000,16.70858144760132,16.971546173095703,0.24100089073181152,4716.109985113144,-2.1362304e-08,275,100,-118.70642811528404,-0.018989533,0.021963834762573242,2.4689743518829346,-8.85257087078904
13.944687128067017,131.48585742699078,46.23476048691125,-9.6262532866807,2770000,16.70459270477295,16.956592559814453,0.22899985313415527,4733.07957649231,7.629395e-09,276,100,-105.98966894259634,-0.015108792,0.020999670028686523,2.48533034324646,-3.455958234581526
13.943515300750732,130.9144457549802,48.03620136110652,-14.453853155268925,2780000,16.711642742156982,16.975611209869385,0.24199914932250977,4750.068187236786,-2.746582e-08,277,100,-107.35709964415652,-0.013219778,0.020969152450561523,2.524968147277832,-6.0627104716258975
13.949286937713623,136.23304777573927,53.2897914665094,-10.163837113418973,2790000,16.74894905090332,17.00791358947754,0.23799943923950195,4767.08910036087,-2.746582e-08,278,100,-123.74209592923366,-0.014743124,0.020965099334716797,2.489339590072632,-4.436306175637688
14.009308815002441,135.1819414754076,50.15929101787765,-7.559243242309484,2800000,16.686460494995117,16.939469575881958,0.2279980182647705,4784.0415687561035,-2.746582e-08,279,100,-119.24194335589573,-0.0111840945,0.023009061813354492,2.438333034515381,-2.927403043105698
13.990167140960693,213.773631199173,55.21516307686851,-6.517636527741509,2810000,16.73023247718811,16.982200384140015,0.23099756240844727,4801.036768913269,-6.1035155e-09,280,100,-104.39736118583505,-0.016316382,0.02097034454345703,2.504629373550415,-1.7719193948873189
13.938308954238892,117.78161348252799,46.84577564910987,-13.168591383600779,2820000,16.613527059555054,16.867521047592163,0.23199987411499023,4817.91728925705,-1.2207031e-08,281,100,-194.48064671031378,-0.013295154,0.021007537841796875,2.410715341567993,-6.021439005823602
13.905094385147095,124.82530932547809,50.20030522380752,-4.81750448546586,2830000,16.596208810806274,16.84817862510681,0.22999811172485352,4834.778468132019,-0.001870227,282,100,-102.56640213121328,-0.019833678,0.0209658145904541,2.4146528244018555,-0.7344319066367018
14.070337533950806,135.56312967795773,47.73958922058331,-15.76384627135071,2840000,16.726256132125854,16.98625373840332,0.2329998016357422,4851.777720689774,-1.8310548e-08,283,100,-119.54111408079126,-0.010712149,0.026997804641723633,2.410513162612915,-7.509320312459315
13.967247724533081,127.12309873851179,45.21070964276283,-8.750970255104892,2850000,16.71789050102234,16.96889901161194,0.2299976348876953,4868.759619235992,-3.5095216e-08,284,100,-99.84276042632655,-0.017662348,0.021010875701904297,2.511282205581665,-2.8954889889185877
13.925661325454712,123.6961372216298,44.61981255213133,-6.702018802858543,2860000,16.637776136398315,16.89677619934082,0.23199963569641113,4885.669394493103,-1.8310548e-08,285,100,-112.22848686844924,-0.016362784,0.02700042724609375,2.4367289543151855,-1.3200690652987748
13.904732704162598,127.45928235729586,41.92659738413777,-10.115119806979287,2870000,16.678568601608276,16.937536001205444,0.23600149154663086,4902.619930267334,3.8146972e-08,286,100,-95.32413355056211,-0.01724628,0.02296590805053711,2.525273561477661,-4.709608859387334
13.918631076812744,137.30681271789115,49.08841570431196,-11.368909065698674,2880000,16.69441819190979,16.944417238235474,0.22896862030029297,4919.577347278595,-6.1035155e-09,287,100,-146.36124299220282,-0.013557996,0.021030426025390625,2.5246527194976807,-4.510417727150665
13.9764564037323,127.90969886033703,45.64718554693419,-11.23160309200064,2890000,16.734015464782715,16.99298357963562,0.23096680641174316,4936.583330869675,3.051758e-08,288,100,-139.37408001618195,-0.020156296,0.02800130844116211,2.5023982524871826,-4.6465765090576605
13.938773155212402,110.10388281301685,44.42470934215315,-10.295315812869417,2900000,16.7331280708313,16.985126733779907,0.2279965877532959,4953.5814571380615,3.3569336e-08,289,100,-90.62738418166235,-0.022989403,0.0240020751953125,2.495936393737793,-3.4148820518113485
13.88928508758545,182.98333340606365,55.28600127440186,2.5254819307190974,2910000,16.581740617752075,16.840704917907715,0.23000001907348633,4970.435162305832,-1.6403199e-08,290,100,-88.91450364222236,-0.021222558,0.02896428108215332,2.447754144668579,4.391345335132396
13.942844867706299,141.37665287328772,51.00889667948077,-6.2849018630235784,2920000,16.70441174507141,16.963419675827026,0.23796319961547852,4987.4175815582275,1.2207031e-08,291,100,-124.43744018119914,-0.011753479,0.02104473114013672,2.5052855014801025,-0.8389358677777224
13.969272375106812,173.53547773026955,52.55305577598919,-2.6761096568385256,2930000,16.665173768997192,16.917139053344727,0.22900056838989258,5004.347720384598,-3.3569336e-08,292,100,-83.58073918656903,-0.02329271,0.019965171813964844,2.4395053386688232,1.7380167221304919
13.964230060577393,155.16394596684714,43.01895803111919,-10.016484751544413,2940000,16.65819025039673,16.93615698814392,0.24900007247924805,5021.296877622604,-5.493164e-08,293,100,-125.61864657061281,-0.01623788,0.02696681022644043,2.4442670345306396,-2.691905272160625
13.940590381622314,156.27297921235296,50.94734588028908,-8.399730420654286,2950000,16.62334895133972,16.874316692352295,0.23000001907348633,5038.184193134308,4.4250488e-08,294,100,-147.78918404338006,-0.01069032,0.019966602325439453,2.420797824859619,-2.305642377023127
13.979867935180664,141.36604908370765,49.641233846504434,-1.8778049903829583,2960000,16.722724199295044,16.974722385406494,0.23099803924560547,5055.171914339066,-3.051758e-08,295,100,-113.98653249437281,-0.016222265,0.020000696182250977,2.4812541007995605,2.784817176872451
13.920702695846558,194.64528986388626,56.13768306665433,-5.802264705860735,2970000,16.705693006515503,16.954699754714966,0.2279977798461914,5072.139612913132,-1.8310548e-08,296,100,-131.17955147713278,-0.015643116,0.021008968353271484,2.5488688945770264,-0.6169424964550805
13.961878776550293,135.02735521508134,46.916959832149814,-9.478291064287802,2980000,16.73141837120056,16.98379158973694,0.22699594497680664,5089.136404514313,-0.00045496368,297,100,-86.43088136524658,-0.011197864,0.024007081985473633,2.5213217735290527,-2.7736642348107456
13.910171747207642,186.44488742054168,54.813478228417246,-5.5766739636413964,2990000,16.646005153656006,16.8989737033844,0.22600245475769043,5106.04837846756,-1.2207031e-08,298,100,-96.37463811305442,-0.013976044,0.026966094970703125,2.494234085083008,0.042950645195201
13.991443634033203,167.39375191482614,49.22543679109633,-13.286278731247638,3000000,16.741187572479248,16.99115014076233,0.22796916961669922,5123.052525281906,1.525879e-08,299,100,-151.40545891735664,-0.016002212,0.020992279052734375,2.451573610305786,-4.612370741713267
