Time-Optimization,train-StdReturn,Time-SampleProc,train-EnvExecTime,ItrTime,n_timesteps,Time,train-AverageDiscountedReturn,train-MaxReturn,LossAfter,LossBefore,train-MinReturn,Itr,train-AverageReturn,Time-Sampling,train-PolicyExecTime,train-NumTrajs
0.24999785423278809,64.18329587251921,0.008999824523925781,2.9067578315734863,17.458983659744263,10000,17.458983659744263,-99.35015595112269,-5.58541812086399,-1.8721559,0.024455767,-322.271694738258,0,-191.5174132734406,17.19898533821106,14.032307386398315,100
0.23299860954284668,36.21550557601783,0.007999897003173828,2.9361987113952637,17.245986223220825,20000,34.726969718933105,-38.986354255852014,19.028134146437846,-2.2533333,0.0007359375,-138.57957986005118,1,-67.24707071715221,17.004987716674805,13.803953409194946,100
0.22800135612487793,58.20496322722514,0.007997751235961914,2.845897912979126,17.221986532211304,30000,51.96195602416992,-33.34386898102555,46.967972564035875,-1.0742846,-0.0037845704,-166.33311816380302,2,-55.3603462599533,16.985987424850464,13.888243436813354,100
0.22699952125549316,36.87759444692124,0.007999897003173828,2.9778475761413574,17.57298731803894,40000,69.54794311523438,-50.64212040242079,13.805038027671255,-1.3420377,0.011726563,-184.19661738160164,3,-103.27117718723171,17.337987899780273,14.10246205329895,100
0.23599767684936523,12.786843523883164,0.006998777389526367,2.9697113037109375,17.584985733032227,50000,87.14692735671997,-58.80826210839359,-94.19506566663267,-1.3612338,0.0019118225,-148.3228327253913,4,-123.87651705956704,17.341989278793335,14.115177869796753,100
0.23100042343139648,11.915927391879919,0.007969141006469727,2.98032283782959,17.739986181259155,60000,104.90091490745544,-54.07687573090116,-78.36577182980672,-1.338266,-0.007452124,-148.2890770206667,5,-115.61234951055992,17.50101661682129,14.245744705200195,100
0.22995901107788086,25.096992010580866,0.008033275604248047,2.980745792388916,17.349985599517822,70000,122.2648994922638,-44.92220137672442,-29.52114717392928,-3.516307,-0.007159337,-148.8627607078663,6,-97.56858237957515,17.111993312835693,13.838456153869629,100
0.2349998950958252,15.599024625648758,0.0070035457611083984,3.0156054496765137,17.19998860359192,80000,139.4778871536255,-23.619761984067544,-27.32584839548106,-1.1126763,0.0063246824,-90.07191173168157,7,-54.73812746830545,16.95602059364319,13.665073156356812,100
0.23697280883789062,30.237979816861827,0.0069921016693115234,3.0207173824310303,17.4529869556427,90000,156.94387197494507,-27.568225887693995,18.163525386930253,-0.7413533,-0.013245451,-173.89589983957467,8,-62.711399970912865,17.209022045135498,13.897782802581787,100
0.23099946975708008,9.921758942837409,0.0069696903228759766,3.012143850326538,17.410985708236694,100000,174.36785769462585,-12.049094873446156,-5.893849039186524,-0.41981485,0.0028549195,-50.016056046682806,9,-39.610245081086575,17.171018838882446,13.878669023513794,100
0.23096728324890137,7.3424539199110095,0.006996631622314453,2.979001998901367,17.2779860496521,110000,191.65884375572205,-13.471604687341042,-23.59877685294467,-0.7124962,0.013158435,-53.332512904035134,10,-43.06613696778812,17.039018630981445,13.791696310043335,100
0.22896957397460938,7.199222812533155,0.008000612258911133,3.023303508758545,17.322989463806152,120000,208.99583339691162,-14.007245684227122,-22.95519925294917,-0.7831587,-0.017559428,-54.12447226091554,11,-44.236553320811765,17.086019277572632,13.831491470336914,100
0.22696852684020996,5.3727177206705665,0.006971836090087891,3.063486337661743,17.29499053955078,130000,226.34482169151306,-14.679648683309583,-25.036935780656155,-0.9109454,0.022447513,-52.97157943909856,12,-45.554504063970725,17.05901861190796,13.75127100944519,100
0.22896575927734375,7.306018051821729,0.0070307254791259766,3.044774055480957,17.297985553741455,140000,243.6558063030243,-14.457679373535552,-23.878443832794105,-1.0504469,-0.00063798524,-74.12513446634722,13,-45.13277506711619,17.061989068984985,13.764644384384155,100
0.2279975414276123,6.466045302137529,0.007968902587890625,3.0076799392700195,17.264986753463745,150000,260.93379497528076,-14.199051498418994,-24.65363570613196,-1.1574143,-0.005725353,-54.75731126007806,14,-44.61057290616245,17.02802085876465,13.768159866333008,100
0.22896814346313477,5.93570370718404,0.006999492645263672,2.973968029022217,17.324987649917603,160000,278.27278327941895,-14.475063713546302,-25.416450473725256,-1.3637763,-0.029002557,-53.038690158125505,15,-45.16648657668773,17.089020013809204,13.85621976852417,100
0.22996878623962402,5.816004135853978,0.007005929946899414,3.020777702331543,17.426987648010254,170000,295.7137711048126,-14.746276412280206,-22.429888054682955,-1.4859598,0.008217224,-65.73367966774903,16,-45.72691762668896,17.189019918441772,13.914305925369263,100
0.22996187210083008,4.696270046388352,0.007001161575317383,2.9639487266540527,17.196987867355347,180000,312.92475867271423,-14.79026980084285,-25.198424305516657,-1.6580223,0.012189829,-52.65460615075177,17,-45.75255346288915,16.95902395248413,13.701587915420532,100
0.23697113990783691,5.15758619096084,0.00899648666381836,2.9584343433380127,17.264991521835327,190000,330.20275020599365,-14.68614048853697,-26.137483402788337,-1.8199424,-0.008632158,-57.47194149815713,18,-45.57891578483036,17.01802372932434,13.79153060913086,100
0.22696709632873535,6.865546686971269,0.008028745651245117,2.9943294525146484,17.366984844207764,200000,347.58273339271545,-13.89461320670224,-22.68411347338897,-1.7904303,-0.009117298,-52.87808609708664,19,-43.95821906107698,17.130990266799927,13.866318941116333,100
0.2279982566833496,6.6042131562032,0.007999897003173828,2.9830336570739746,17.799988269805908,210000,365.39572262763977,-14.102353890748583,-24.825626956041074,-1.7290192,0.0010716491,-55.66448483532021,20,-44.38415088745492,17.562989950180054,14.315852403640747,100
0.22796368598937988,8.190453085493017,0.008004426956176758,3.0041627883911133,17.28398823738098,220000,382.69171023368835,-13.781717625966797,-23.137936702974585,-1.6483732,0.0013224899,-62.07258181813779,21,-43.75292915964039,17.047019243240356,13.794333219528198,100
0.22999787330627441,11.605879248415091,0.007969141006469727,2.960648775100708,17.29998779296875,230000,400.00569772720337,-13.045543178593686,25.343481406595732,-1.5622729,0.011343463,-86.89857309845337,22,-42.17098148247905,17.062020778656006,13.842565536499023,100
0.22896814346313477,12.904874368732063,0.007998943328857422,3.0044727325439453,17.257988214492798,240000,417.27668595314026,-13.455166774943919,-14.373660760362831,-1.4151257,0.017076282,-87.36189960893654,23,-43.09319907473251,17.020021200180054,13.767615795135498,100
0.22797393798828125,17.399771773513873,0.00800323486328125,3.0167758464813232,17.361988306045532,250000,434.6516761779785,-12.60836529078444,28.017808064609905,-1.2877362,-0.02096986,-87.85489025294456,24,-41.34610092218063,17.12601113319397,13.847673177719116,100
0.22696876525878906,18.846406806070004,0.0069997310638427734,3.0037004947662354,17.247989177703857,260000,451.9126629829407,-10.533669417724754,30.89818927396693,-1.0554684,-0.010062976,-94.21429673489719,25,-36.896055470767,17.014020681381226,13.744668245315552,100
0.23199820518493652,20.55265769230018,0.007997989654541016,3.0538759231567383,17.660987615585327,270000,469.5866491794586,-10.35988161454833,30.384254525940385,-0.8823418,0.0026400727,-89.97014897004314,26,-36.36046705712931,17.42099142074585,14.095077753067017,100
0.24199676513671875,25.34300564595712,0.009969711303710938,3.030853033065796,17.920984745025635,280000,487.52163648605347,-9.844197437330362,32.07253469160043,-0.7586326,-0.016434528,-87.39329316852479,27,-35.114569175080945,17.668017625808716,14.3029146194458,100
0.22696876525878906,33.967146860384446,0.008030414581298828,3.0233538150787354,17.486989736557007,290000,505.0226263999939,-7.438252139718217,145.06000366460034,-0.574627,-0.0011423584,-87.60191593714617,28,-30.51815409965603,17.25199055671692,13.937573909759521,100
0.23299837112426758,21.44534120801851,0.008002042770385742,3.0798237323760986,17.661991596221924,300000,522.6976149082184,-8.624388176201576,37.318532704966955,-0.47196278,0.008205103,-81.93758775867934,29,-32.77638763532148,17.42099118232727,14.056880474090576,100
0.22899723052978516,31.556949217398927,0.007991790771484375,3.014709711074829,18.102987051010132,310000,540.813600063324,-4.5367520302438,121.95775829078755,-0.38833815,-0.0067085144,-88.1381361233504,30,-23.92165161978892,17.864996433258057,14.57832145690918,100
0.22800207138061523,30.78011398203171,0.008997678756713867,3.0487561225891113,17.96298909187317,320000,558.7895889282227,-3.3948689082935077,131.60647938300372,-0.33806947,-0.009301062,-87.50303139055781,31,-21.40271891427857,17.724989652633667,14.400813341140747,100
0.23496770858764648,39.05072384553439,0.007031440734863281,3.0255815982818604,17.43398690223694,330000,576.2365736961365,-2.025339385749829,148.61697374752055,-0.26520038,0.0024216308,-90.42813671889284,32,-18.748335275010163,17.19198775291443,13.921437978744507,100
0.2279677391052246,28.73023555473959,0.00799703598022461,2.9786808490753174,17.414987087249756,340000,593.6645615100861,-5.768185517037018,36.57064986073678,-0.20883347,-0.018503303,-86.97358007949363,33,-26.111598921504,17.179022312164307,13.931101322174072,100
0.22999954223632812,34.195989471779455,0.006998538970947266,3.0165822505950928,17.40498995780945,350000,611.0825521945953,-2.5039988152025883,145.1694117354867,-0.16725738,0.006331714,-94.20439987252114,34,-19.30474749119012,17.167991876602173,13.90107798576355,100
0.2259984016418457,42.882614915666544,0.006999015808105469,2.957691192626953,17.2939875125885,360000,628.3905384540558,1.8450527770465925,141.61503131291985,-0.18621202,-0.023073096,-85.60610161648387,35,-10.962555279005892,17.059990882873535,13.852303981781006,100
0.22796845436096191,49.82653857308983,0.008028030395507812,2.9760682582855225,17.340988159179688,370000,645.7445259094238,7.18786367018669,145.47291423695546,-7.770778,-0.006938338,-86.67969403164078,36,-0.6889231727294785,17.104991674423218,13.86508297920227,100
0.2279682159423828,15.957866621512435,0.0070002079010009766,3.025906562805176,17.323989391326904,380000,663.081515789032,-7.8727601781814815,-3.4384441104366466,1.8100989,0.021723349,-89.08319173901842,37,-31.72009238418052,17.08802103996277,13.803754091262817,100
0.22699427604675293,69.28628901111564,0.006972551345825195,3.0074214935302734,17.373985528945923,390000,680.4685008525848,18.07629399374259,147.07291941208354,-20.242243,0.011850073,-88.09330692724237,38,14.637997631379847,17.140018701553345,13.84352993965149,100
0.22795462608337402,58.001838181328274,0.007030963897705078,2.9187324047088623,17.324987649917603,400000,697.8064894676208,65.2618776085545,150.09833201441856,-32.53446,-0.00700907,-59.972847004061514,39,100.8631049154255,17.08798909187317,13.896724462509155,100
0.2259688377380371,3.455574037544279,0.00702357292175293,2.9039738178253174,17.245989561080933,410000,715.064478635788,85.4893604602225,143.28779386248686,-20.227211,-0.0056269425,125.63726468229565,40,131.98870172655964,17.012997150421143,13.837061882019043,100
0.22696709632873535,5.677998712951349,0.0070307254791259766,2.914987802505493,17.310986757278442,420000,732.3884656429291,96.97223443944172,173.2079736228522,-24.48351,0.009153352,151.0990244192372,41,164.38084100122694,17.07698893547058,13.904215097427368,100
0.2279667854309082,12.607714631448136,0.007002115249633789,2.9307541847229004,17.344988346099854,430000,749.7464535236359,88.98280900837986,159.11698959746863,-48.929283,0.008580218,56.556738634223294,42,146.03084020428506,17.10901951789856,13.892073392868042,100
0.23399949073791504,24.157494153761313,0.0070002079010009766,2.9392049312591553,17.321990251541138,440000,767.0814433097839,46.00300058273229,141.33136771635247,-70.166,0.0102139255,6.079124599967482,43,53.14691857706627,17.08099055290222,13.848335266113281,100
0.22598695755004883,28.033095464682305,0.006979942321777344,2.9249107837677,17.274990797042847,450000,784.3704319000244,46.962134347306176,84.30929517444102,-401.63724,-0.0054614623,-169.4230781218709,44,58.468836684506094,17.04202389717102,13.850141763687134,100
0.22697114944458008,7.6109962843644805,0.006999969482421875,2.9307215213775635,17.153990268707275,460000,801.5374190807343,74.82672082485001,165.14486469649916,-319.3998,-0.0035828126,96.16609933990718,45,107.51549618702393,16.920019149780273,13.737628698348999,100
0.2249741554260254,2.0038185085040516,0.007994890213012695,2.8800313472747803,17.09498691558838,470000,818.644406080246,94.81046361792097,157.3105142724036,-925.5538,-0.020787824,143.72929417717376,46,149.17421321692663,16.86201786994934,13.725159168243408,100
0.22795748710632324,3.8145745433654668,0.007041454315185547,2.854823589324951,17.140989065170288,480000,835.7983937263489,96.81812586817499,164.1510013930222,-1108.3525,-0.0016403786,147.79253072324698,47,152.78771156225426,16.90599012374878,13.78510308265686,100
0.24999570846557617,2.560383070355693,0.008001327514648438,3.0121428966522217,17.427988290786743,490000,853.239381313324,95.40865204691003,152.51268393828238,-1595.5544,-0.012513293,140.62065542047742,48,146.72372182380116,17.16999125480652,13.892452478408813,100
0.23997020721435547,1.8517193822476,0.007000446319580078,2.9871084690093994,17.502989768981934,500000,870.7553703784943,94.44499482772505,148.81555496305373,-8.755798,0.0010416062,139.41635397678527,49,144.11211328771205,17.256019115447998,13.967918395996094,100
0.2259974479675293,2.0466533683314876,0.008980751037597656,2.993263006210327,17.23398780822754,510000,888.0013561248779,94.39798864198866,148.96379519254066,0.5333665,-0.013427876,138.8708872636751,50,144.0096851320967,16.999009609222412,13.741891384124756,100
0.225968599319458,1.952660163471533,0.007029533386230469,3.0203299522399902,17.434988260269165,520000,905.4483444690704,94.37642075252973,149.7822698707236,0.019866716,-0.0032184678,139.97088648161628,51,143.94412401440462,17.20002770423889,13.940180540084839,100
0.2259976863861084,1.8885125228124202,0.006999969482421875,2.9610414505004883,17.3539879322052,530000,922.8153328895569,94.34576016792258,148.48303435206614,-0.037379425,-0.025084542,139.87601303474906,52,143.88923894219025,17.120019674301147,13.901870727539062,100
0.2259964942932129,2.2746671442855004,0.007961511611938477,2.9626879692077637,17.164987802505493,540000,939.9923198223114,94.41825706597345,150.995812373249,-0.015413999,-0.00969749,139.02886056590984,53,144.0104294928646,16.930029153823853,13.716431617736816,100
0.23996782302856445,2.111465354353931,0.007998466491699219,2.947756052017212,17.32198452949524,550000,957.3263077735901,94.55091790874165,150.73217022269876,-0.014902609,-0.0057190256,139.62236274962146,54,144.3384346550525,17.074018239974976,13.86020016670227,100
0.23099827766418457,2.255929854635683,0.007002115249633789,3.0015671253204346,17.286988019943237,560000,974.6252961158752,94.64564782783938,152.545697868793,-0.006499868,-0.002526548,138.98897531608782,55,144.5790596893487,17.046987771987915,13.786113739013672,100
0.26999902725219727,2.491460419045278,0.00699925422668457,2.9953818321228027,17.20698881149292,570000,991.845285654068,94.47532278920238,154.38585119071755,0.0026183692,0.006238935,139.86632294390677,56,144.13412823767612,16.928990364074707,13.670795440673828,100
0.22999811172485352,2.4852537721649375,0.00699925422668457,2.9621756076812744,17.160985231399536,580000,1009.030270576477,94.60339922932924,155.26498913137715,-0.0012752616,-0.0018565094,139.18312166699454,57,144.49514418951145,16.922988891601562,13.714461326599121,100
0.22496509552001953,2.484010362957338,0.007004976272583008,2.9299306869506836,17.36198925971985,590000,1026.4042611122131,94.62634099233817,151.95836260948187,-0.022103444,-0.020932617,139.10363872165803,58,144.54321376887893,17.130019187927246,13.930083513259888,100
0.22896718978881836,2.261840049458965,0.006993770599365234,2.9340686798095703,17.425987243652344,600000,1043.8422465324402,94.58884384167165,149.58776511693827,-0.00685647,-0.0062832083,138.81188007073766,59,144.3831392046642,17.18902587890625,13.993114709854126,100
0.22496771812438965,2.4647316948667397,0.007995367050170898,2.970456838607788,17.42298913002014,610000,1061.2772364616394,94.52887784142769,155.9998956722394,-0.005065512,-0.0049268343,139.10314709910557,60,144.29284646482415,17.19002604484558,13.922354936599731,100
0.24300003051757812,2.5996327063482587,0.00699925422668457,3.0566604137420654,17.852989435195923,620000,1079.143224477768,94.45482323195388,158.07705449259032,0.00064207456,0.00062544557,139.96193395120804,61,144.10473083797422,17.601990699768066,14.270199298858643,100
0.2370011806488037,2.456773687704732,0.008000612258911133,3.1051275730133057,18.317986488342285,630000,1097.4742121696472,94.62251904741396,153.24987982314408,-0.00972612,-0.00950516,140.13787430287599,62,144.52864078707512,18.07298469543457,14.689560413360596,100
0.23396944999694824,2.1597204647650057,0.009027242660522461,3.068242311477661,17.924987077713013,640000,1115.4121978282928,94.62417258453576,150.83333820936497,-0.018434117,-0.018073577,139.725789357493,63,144.5135203605684,17.681990385055542,14.336486339569092,100
0.2389976978302002,2.257825027642677,0.007001161575317383,3.067532777786255,18.08198833465576,650000,1133.5061852931976,94.63405923109431,151.43164225593785,-0.011020511,-0.010745502,140.13858261262044,64,144.54826901762956,17.834988355636597,14.495263576507568,100
0.23400044441223145,2.3558771134931096,0.010999441146850586,3.2218072414398193,18.28498911857605,660000,1151.8041744232178,94.52689474796212,152.98420955207882,-0.012980365,-0.0125703905,139.49019391820522,65,144.36943045028949,18.03799033164978,14.538771867752075,100
0.22499752044677734,2.42257433204991,0.006996870040893555,3.0800681114196777,17.619986295700073,670000,1169.4371583461761,94.47872362860977,151.92338472218822,-0.0010491211,-0.0011229477,139.38913756885975,66,144.20340612224575,17.387991905212402,14.048001050949097,100
0.23400092124938965,2.179757449549458,0.0069806575775146484,3.0392184257507324,17.485987663269043,680000,1186.9351472854614,94.55061326232317,149.7895263647647,0.008035442,0.0082470765,139.7585207074296,67,144.3348336717941,17.24299144744873,13.950656175613403,100
0.2369706630706787,2.2897680170676393,0.010027170181274414,3.086059093475342,17.567988395690918,690000,1204.5171370506287,94.51338323453818,150.19460098787994,-0.017163895,-0.016955182,138.88852270192325,68,144.23130293818474,17.31998872756958,13.97096061706543,100
0.24697422981262207,2.498134169743493,0.007025003433227539,2.9848556518554688,17.40498924255371,700000,1221.9341230392456,94.67373163692324,153.80727637889964,-0.013357713,-0.012816417,139.63493764247457,69,144.66952809048232,17.149988651275635,13.910085439682007,100
0.2349686622619629,2.304060967566176,0.006997346878051758,2.9466116428375244,17.340986967086792,710000,1239.2881104946136,94.58005434501513,152.7576775602607,-0.010178229,-0.009771379,139.84881318071155,70,144.37643575782252,17.099020957946777,13.89219045639038,100
0.23796629905700684,2.4210183203379363,0.007031679153442383,3.021538734436035,17.37298822402954,720000,1256.6730988025665,94.78356624536285,151.83678649243453,-0.0038406465,-0.0037941467,140.57438774819656,71,144.9117419247044,17.12699031829834,13.776328086853027,100
0.2259693145751953,2.383521687862086,0.007029294967651367,3.0035359859466553,17.309988260269165,730000,1273.9960868358612,94.39994291006273,156.25143661099492,-0.018202972,-0.017991329,139.48116818724844,72,144.02556238377122,17.076018810272217,13.834131717681885,100
0.22597455978393555,2.5316819773861874,0.006997585296630859,3.011676549911499,17.32098889350891,740000,1291.33007478714,94.52672951089346,152.11428458974882,0.0024483108,0.0030332077,139.56279332205426,73,144.29013966069718,17.087016105651855,13.813524961471558,100
0.23196768760681152,2.3385081643868846,0.008029937744140625,2.9293549060821533,17.23198914527893,750000,1308.5750629901886,94.78751080781545,153.83569344007935,-0.017603153,-0.017545288,139.77852981245073,74,144.91579863714765,16.99199151992798,13.793697595596313,100
0.22596073150634766,1.9373593362459827,0.007002353668212891,2.93099045753479,17.316988706588745,760000,1325.9040503501892,94.35812105453229,150.2282658712982,-0.01482173,-0.01454346,139.67151926146462,75,143.90932790664942,17.083021640777588,13.90123200416565,100
0.23396730422973633,2.375913654155987,0.008031606674194336,3.0141000747680664,17.2649884223938,770000,1343.182038784027,94.48348997468787,153.80059985524647,-0.0019037263,-0.0018313568,139.78402809107675,76,144.22857463461563,17.022989511489868,13.753594160079956,100
0.22499823570251465,2.056182634013355,0.007000446319580078,2.9860680103302,17.333988666534424,780000,1360.5290262699127,94.49981332499907,149.97292486844142,0.001899321,0.00215251,140.57786347710896,77,144.2299267225674,17.100990295410156,13.845787048339844,100
0.2239997386932373,2.1648762189899835,0.008968114852905273,2.9851701259613037,17.308980464935303,790000,1377.8510143756866,94.58558921589251,151.77573539439604,-0.021880597,-0.021081293,140.26757650605782,78,144.43006934333516,17.07601261138916,13.811551809310913,100
0.22797131538391113,2.5803723545013484,0.006971597671508789,3.0358054637908936,17.225987911224365,800000,1395.0900011062622,94.65975754854831,158.44230072660523,-0.020038888,-0.019571984,139.3672875033483,79,144.57958944011244,16.990017414093018,13.708055019378662,100
0.23397421836853027,2.3261097075010997,0.0070230960845947266,2.9829845428466797,17.514984846115112,810000,1412.6179888248444,94.65094853971533,151.16904977276155,-0.012549985,-0.012247351,139.16089424033075,80,144.60230119988688,17.273987531661987,14.011879205703735,100
0.2239680290222168,2.4355133460048433,0.008030891418457031,2.9494106769561768,17.2639901638031,820000,1429.8939793109894,94.4969367952154,152.9756125653206,0.017647268,0.01788451,139.67622440049382,81,144.23425029165787,17.030991077423096,13.823475360870361,100
0.23399853706359863,2.4644829871067473,0.00795745849609375,2.9782328605651855,17.285988330841064,830000,1447.191965341568,94.66702746040292,152.91047820143086,-0.014658067,-0.014534003,139.53954181187927,82,144.57196015402187,17.04303216934204,13.748962879180908,100
0.2279975414276123,2.2282164122363626,0.0070002079010009766,2.9530646800994873,17.302987337112427,840000,1464.5079531669617,94.49454741949,153.332729446346,-0.0023775238,-0.0021657823,139.3768082310276,83,144.21530899445318,17.067989587783813,13.844667196273804,100
0.22597074508666992,2.501928802308013,0.008031368255615234,2.9655354022979736,17.232989072799683,850000,1481.7529428005219,94.68239422800647,155.09349298808985,-0.0026376739,-0.002608748,139.153719602812,84,144.66368117645897,16.996986627578735,13.772871971130371,100
0.22597479820251465,2.55236885339357,0.008023500442504883,2.9825401306152344,17.303987741470337,860000,1499.068928718567,94.75952660912463,155.11977569941408,-0.01671396,-0.016271906,138.84495730426497,85,144.85019663449714,17.069989442825317,13.803918838500977,100
0.22896671295166016,2.3025762628172113,0.007030010223388672,2.980177640914917,17.28198552131653,870000,1516.3659155368805,94.50516499814745,149.68925506565782,0.004589624,0.004679601,138.9381936861962,86,144.28564072281145,17.04498863220215,13.789543390274048,100
0.22896146774291992,2.6605144051844616,0.007006406784057617,3.0882198810577393,17.736984968185425,880000,1534.1149044036865,94.682329289463,154.21213078896736,-0.017564416,-0.017505633,139.47676450506563,87,144.68392134714935,17.500019311904907,14.143378257751465,100
0.23599767684936523,2.539336954585888,0.006970882415771484,2.990915536880493,17.254988431930542,890000,1551.3818926811218,94.70789124652183,152.64611889529323,0.0076036393,0.007776987,139.17494766239685,88,144.69326620483136,17.012019872665405,13.76681900024414,100
0.2259986400604248,2.21151563619341,0.007969141006469727,2.991337299346924,17.333988904953003,900000,1568.7278800010681,94.4362003191592,150.2051074343509,-0.0031483856,-0.0030673326,138.9416642512012,89,144.06942546516626,17.09902000427246,13.83285117149353,100
0.2259654998779297,1.9498725721714214,0.0070018768310546875,2.9463703632354736,17.285988807678223,910000,1586.0258684158325,94.6527317341978,151.73991865165797,-0.015713666,-0.015448003,141.16601945991312,90,144.58323296512125,17.052021265029907,13.85774564743042,100
0.22796344757080078,2.2345393965636022,0.007035017013549805,3.0037176609039307,17.310988187789917,920000,1603.3498561382294,94.43995785214138,149.98772280886882,0.009955062,0.010351649,139.53391610711122,91,144.06218400680416,17.075989723205566,13.812283754348755,100
0.2239682674407959,2.134995804843309,0.008029699325561523,2.9037697315216064,17.31098699569702,930000,1620.6728444099426,94.44579918944079,149.6536127993737,0.015193648,0.015537648,139.57340708416902,92,144.09176036111003,17.078989028930664,13.901218175888062,100
0.22299838066101074,2.108872701071136,0.00699925422668457,2.9950597286224365,17.281988620758057,940000,1637.967832326889,94.59922606467663,150.76303764514,0.002253073,0.0022621634,140.02756624686626,93,144.47875504964315,17.050989627838135,13.746467351913452,100
0.22796916961669922,2.4247399689758358,0.0069997310638427734,3.044389247894287,17.29198694229126,950000,1655.2728199958801,94.49104997171706,152.75919816625628,0.0128193665,0.012441264,139.3666731707111,94,144.1501896629743,17.057018041610718,13.749220848083496,100
0.2299661636352539,2.162961610886885,0.007000923156738281,3.011737108230591,17.267988443374634,960000,1672.5528075695038,94.45815371295781,150.78925814330609,-0.0016584259,-0.0019783692,139.14707846870695,95,144.13615358241154,17.03002119064331,13.760579109191895,100
0.22699856758117676,2.422172973300281,0.007950782775878906,2.949939250946045,17.32898759841919,970000,1689.8947956562042,94.64777130182199,154.131023015273,-0.020280488,-0.020484772,139.30950300857924,96,144.60642349987415,17.094038248062134,13.89332890510559,100
0.23196911811828613,2.101386329886994,0.00702667236328125,2.979816436767578,17.337987661361694,980000,1707.2457830905914,94.60074662444647,151.24267826904014,-0.010374851,-0.010147802,139.81830891475875,97,144.49208296281833,17.098991870880127,13.856300830841064,100
0.2259674072265625,1.9560249279007396,0.006995201110839844,2.9913930892944336,17.29098892211914,990000,1724.5487728118896,94.53465815694881,148.81775393750573,0.0016121521,0.0019288093,139.7237780261809,98,144.34468460851735,17.05602216720581,13.794715881347656,100
0.22496271133422852,2.365935075001063,0.007004737854003906,2.976907730102539,17.193986892700195,1000000,1741.7547578811646,94.60982093565458,151.63557593504854,-0.0145767955,-0.014495109,139.7813098637098,99,144.4979954651149,16.962019443511963,13.751790761947632,100
0.2269737720489502,1.9865628886018971,0.007993698120117188,2.989896774291992,17.2919864654541,1010000,1759.058745622635,94.37037004027341,147.9639886600974,-0.012848321,-0.012761988,139.64994459271145,100,143.89124477257533,17.057018995285034,13.791165113449097,100
0.23299741744995117,2.356594727169504,0.00700068473815918,3.0768494606018066,17.754988193511963,1020000,1776.825734615326,94.49189000868942,153.84513909738644,-0.007132179,-0.0067325546,139.60462283668414,101,144.20259229587037,17.514990091323853,14.174149513244629,100
0.23096871376037598,2.0860771575709025,0.007030963897705078,3.0568385124206543,17.32798957824707,1030000,1794.1667239665985,94.52711076473776,153.13499987963533,0.0070857927,0.0071451706,139.21361078900733,102,144.30862489016394,17.08998990058899,13.77333688735962,100
0.2239682674407959,2.418885515929116,0.007002115249633789,2.94905686378479,17.29898738861084,1040000,1811.4817097187042,94.52150383169828,151.77256317286722,-0.019730255,-0.019880049,139.23960180900383,103,144.27206276881395,17.06801700592041,13.832044124603271,100
0.24499773979187012,2.417234852364013,0.007003307342529297,3.044541120529175,17.734987020492554,1050000,1829.2286975383759,94.50867841061074,154.4243086293743,0.004205766,0.0041947593,139.60047647775048,104,144.25865616254202,17.48201823234558,14.13559627532959,100
0.2239670753479004,3.1300608794036227,0.00803065299987793,2.9742507934570312,17.547988653182983,1060000,1846.7886855602264,94.65343483726821,165.76195043745346,0.0061623408,0.0062511703,139.80775696455532,105,144.61406142363114,17.315990924835205,14.074323654174805,100
0.2279651165008545,2.0267810844997904,0.007023811340332031,3.037342071533203,17.578988313674927,1070000,1864.3806750774384,94.58412756746041,150.92008578145388,-0.004734718,-0.0043777465,139.11841749277707,106,144.45283392485067,17.34399938583374,14.048589944839478,100
0.22796869277954102,2.4958759120287346,0.007028818130493164,3.003274917602539,17.599985122680664,1080000,1881.9936611652374,94.62671708959786,152.48261443342895,0.0065435595,0.0066480413,139.1303884110356,107,144.54339966736737,17.362990140914917,14.071919679641724,100
0.23397350311279297,2.4609138432446183,0.0070247650146484375,2.997685432434082,17.385986804962158,1090000,1899.3926486968994,94.59692073646951,153.10743419683655,-0.008641995,-0.008361028,139.31105751046337,108,144.45830254827078,17.144988536834717,13.881282567977905,100
0.2379744052886963,2.4184925370632353,0.007992982864379883,3.00441312789917,17.318987607955933,1100000,1916.7246358394623,94.44784324235799,151.32747412015723,-0.009509437,-0.009239112,138.94388813847482,109,144.11679807708688,17.073020219802856,13.826244115829468,100
0.22696852684020996,2.273267800704919,0.0070285797119140625,2.99765944480896,17.375988483428955,1110000,1934.1126251220703,94.50176351590581,151.35019232956142,-0.0045996145,-0.0044124895,139.86931417695186,110,144.24481148723925,17.14199137687683,13.868262529373169,100
0.2239975929260254,2.249872847108345,0.007001399993896484,3.010277509689331,17.340986490249634,1120000,1951.4666123390198,94.5480837321977,151.56014554628544,-0.010440508,-0.0103218425,140.5006736248786,111,144.31314627897945,17.10898756980896,13.843036651611328,100
0.22496652603149414,2.086181488917411,0.007002353668212891,3.014448404312134,17.548987865447998,1130000,1969.0285997390747,94.54886327709829,150.16313496285224,0.012981383,0.012995515,140.24379209851423,112,144.3261781925113,17.31701898574829,14.038515090942383,100
0.23397159576416016,2.692453902469136,0.0070269107818603516,3.0025382041931152,17.457988023757935,1140000,1986.4995875358582,94.50263276505011,151.4064114265574,0.013036071,0.013197757,138.63385599775845,113,144.25097072662373,17.216989517211914,13.948228120803833,100
0.2239689826965332,2.2148400425094525,0.008029937744140625,3.0214264392852783,17.305988311767578,1150000,2003.8175756931305,94.59600047641327,152.79331807647856,-0.00083782885,-0.000944191,139.35045491630444,114,144.45838564223345,17.073989391326904,13.794451713562012,100
0.23096656799316406,2.418980583520408,0.00703120231628418,2.9564061164855957,17.344988584518433,1160000,2021.1745631694794,94.45934330918627,152.7200886035147,0.017984398,0.018058503,139.09259930355358,115,144.13347166552205,17.105989694595337,13.824800491333008,100
0.2239980697631836,2.7118324808980954,0.0070002079010009766,2.916552782058716,17.312986612319946,1170000,2038.5005512237549,94.76935793933703,153.67012445323977,-0.0184514,-0.018266248,140.00028588719323,116,144.88562759056194,17.08098840713501,13.899560928344727,100
0.22496676445007324,2.5470888877825235,0.008001089096069336,2.959379196166992,17.215986967086792,1180000,2055.729537963867,94.52927293640883,153.92765920326624,-0.0006276001,-0.0005719856,139.01001333048694,117,144.28027968809766,16.98301911354065,13.765400171279907,100
0.2349989414215088,2.0979158903576343,0.008999109268188477,2.961902141571045,17.12498903274536,1190000,2072.866527557373,94.37246445603037,150.0256782149868,0.005021814,0.0053118467,139.9352293446122,118,143.92278446536923,16.87899136543274,13.65198278427124,100
0.2480003833770752,2.0380994862562067,0.009002447128295898,2.9379687309265137,17.312987327575684,1200000,2090.1915168762207,94.3856227605698,149.22303406760548,-0.009432468,-0.009271278,139.05295556482358,119,143.96567455412895,17.05398678779602,13.850970029830933,100
0.2259964942932129,2.474400800651177,0.0070002079010009766,2.9063799381256104,17.135985612869263,1210000,2107.339501619339,94.54397462327323,152.17455894658067,0.0020651328,0.0021721032,140.07416085723963,120,144.35189560037372,16.90298891067505,13.719721555709839,100
0.24096989631652832,1.9064526740559509,0.0070302486419677734,2.939444065093994,17.223989486694336,1220000,2124.5764927864075,94.66569227785604,153.18281417872936,-0.017641064,-0.01739029,140.20506466930217,121,144.61325649318832,16.97598934173584,13.781396389007568,100
0.23099827766418457,2.194159922792278,0.007967948913574219,2.8640952110290527,17.198988914489746,1230000,2141.7874784469604,94.51782413672018,150.65798629942643,-0.0047603035,-0.004339879,139.02535312691907,122,144.2935573253185,16.95902109146118,13.853906154632568,100
0.23599481582641602,2.066154687550194,0.006971836090087891,2.9743001461029053,17.288987159729004,1240000,2159.088465690613,94.38920056266451,150.84282462926458,-0.008124042,-0.007949072,139.5250075831484,123,143.94496294361915,17.044018507003784,13.794867038726807,100
0.25899815559387207,2.6403252632139296,0.007969856262207031,2.904001235961914,17.271987438201904,1250000,2176.3734545707703,94.62504658922018,153.8350456201944,0.0063597346,0.006499434,139.70157826170427,124,144.55138798202591,17.005019426345825,13.843322038650513,100
0.23799800872802734,2.5446029757694504,0.008000373840332031,2.9387569427490234,17.214988231658936,1260000,2193.600442647934,94.56419426295224,151.84502362360664,0.0053613554,0.005543556,139.83994635362058,125,144.3524660192364,16.966988801956177,13.74135446548462,100
0.2389674186706543,2.3275063408252166,0.007032155990600586,2.948326587677002,17.290987491607666,1270000,2210.903430223465,94.53385873193429,150.84087390607587,-0.012663863,-0.012645573,139.70961024550581,126,144.3173662484104,17.04399085044861,13.792381525039673,100
0.2429673671722412,2.466069219955019,0.006999492645263672,2.958648920059204,17.310989141464233,1280000,2228.2264194488525,94.56701245212342,152.73509405084954,-0.019780431,-0.019657925,138.85472641036878,127,144.36607106409167,17.06102228164673,13.843139410018921,100
0.2669966220855713,2.10298355409816,0.0069997310638427734,3.025475025177002,17.301987886428833,1290000,2245.540406227112,94.54990307125776,151.02035931306852,0.010258543,0.010757809,140.13208928077964,128,144.34894169962033,17.026991605758667,13.719148397445679,100
0.24596190452575684,1.8260142094681502,0.007001161575317383,3.1282296180725098,17.91798424720764,1300000,2263.471392393112,94.53300429771136,150.47153894771373,0.008472285,0.0082920585,139.94629977223158,129,144.31315193596384,17.665021181106567,14.269702672958374,100
0.2429978847503662,2.235939684099371,0.006999492645263672,2.9935836791992188,17.409987211227417,1310000,2280.8943824768066,94.52229894367092,149.0712313420412,-0.0056705526,-0.0054691574,139.06788127688685,130,144.31571315015816,17.158989191055298,13.909752368927002,100
0.2429652214050293,2.0738503411220552,0.008002758026123047,2.9786953926086426,17.32098913192749,1320000,2298.2283701896667,94.42905575202175,150.53375417693283,0.0047206758,0.0047835624,139.5993504361977,131,144.10007663181352,17.069021701812744,13.814989805221558,100
0.24496912956237793,2.3279861372808197,0.007028102874755859,3.0123403072357178,17.34898829460144,1330000,2315.5893602371216,94.52807561058783,151.9711745246506,0.0056442306,0.005809914,138.969349525847,132,144.29122433489727,17.09399151802063,13.803581237792969,100
0.2539980411529541,1.9476347086473857,0.006961822509765625,2.985969066619873,17.283989191055298,1340000,2332.8863492012024,94.49827337805871,151.75731716461553,0.00041348953,0.00049008103,140.41335583834032,133,144.22499374141947,17.023029327392578,13.775505065917969,100
0.24500036239624023,2.3801549782447173,0.006996870040893555,3.006434440612793,17.465989351272583,1350000,2350.364341020584,94.53336882163329,151.1985295047237,-0.0012711701,-0.0010343461,139.3287887576544,134,144.31831211237528,17.211021900177002,13.94133734703064,100
0.24697041511535645,2.294748259337024,0.007999897003173828,2.976372241973877,17.310991287231445,1360000,2367.6883301734924,94.63641433673644,152.70019385279127,0.0015406952,0.0019347244,140.26992589670368,135,144.59468249073296,17.056020975112915,13.832462549209595,100
0.24999642372131348,2.3702117837255243,0.00800180435180664,2.9931983947753906,17.425988912582397,1370000,2385.1273181438446,94.44533279513766,151.50640750137504,0.024559451,0.024757246,140.15034812984814,136,144.16833744945473,17.167990684509277,13.913740158081055,100
0.24396824836730957,1.9726361347667103,0.006997585296630859,3.003467321395874,17.519989252090454,1380000,2402.659307718277,94.4419959648131,149.2272915880103,-0.0023706956,-0.0019130982,139.28685094464632,137,144.12333937120832,17.269023418426514,13.918292045593262,100
0.24399638175964355,2.029815804194275,0.006964683532714844,2.928154468536377,17.34898805618286,1390000,2420.0212960243225,94.39358942737675,149.97468601055746,0.017786795,0.017926123,139.91281910364972,138,143.97287382701342,17.098026990890503,13.925946474075317,100
0.24300026893615723,2.3012203435718797,0.0069692134857177734,2.9854624271392822,17.521989583969116,1400000,2437.5552871227264,94.6107692952663,150.687255350484,-0.0048868624,-0.004590264,139.78641162334816,139,144.52335443748095,17.271021366119385,14.025933027267456,100
0.24399709701538086,2.5620313045645857,0.006999492645263672,3.0201523303985596,17.45399022102356,1410000,2455.021276473999,94.56235800807482,154.67909371931157,0.00951748,0.010041858,139.74623026767253,140,144.40762224370894,17.201993703842163,13.924325942993164,100
0.24896883964538574,2.123400223733527,0.007999420166015625,2.953277826309204,17.42798948287964,1420000,2472.461265563965,94.45666981294207,149.85972723372703,0.038723893,0.039006587,139.82502050223388,141,144.16859667021387,17.171021223068237,13.955485820770264,100
0.24597501754760742,2.410398161291466,0.007991552352905273,3.033245086669922,17.410988092422485,1430000,2489.885255098343,94.5921668020056,153.2997106378388,0.012165806,0.012230472,139.30081318522747,142,144.5234748594549,17.15602207183838,13.861654043197632,100
0.24799823760986328,2.27235300067409,0.006992816925048828,3.021299123764038,17.611989498138428,1440000,2507.511244535446,94.48092880351064,151.77068960340404,-0.01062081,-0.010201222,139.49398703100198,143,144.18175722595825,17.356030464172363,14.069645166397095,100
0.24399995803833008,2.1691237959017,0.006999015808105469,3.0053579807281494,17.604990243911743,1450000,2525.1292345523834,94.42147393165924,151.63614861074464,0.009681958,0.009602103,139.54433303568524,144,144.0619224535176,17.352991104125977,14.064554929733276,100
0.2650001049041748,2.2538570799122923,0.00799870491027832,3.0189900398254395,17.585992336273193,1460000,2542.7272267341614,94.51646025406511,149.91416593371514,-0.018191263,-0.01803996,138.88341675700434,145,144.29832667258896,17.310992002487183,14.031075239181519,100
0.24596810340881348,2.5247136066429277,0.006997346878051758,3.069300889968872,17.670989513397217,1470000,2560.411212682724,94.64946373936131,156.53046310606837,-0.007511119,-0.0072367485,139.17083013274606,146,144.58626313027523,17.41802406311035,14.077193260192871,100
0.24196720123291016,2.1561324570646576,0.006994962692260742,3.0380921363830566,17.507988929748535,1480000,2577.931202173233,94.50760219514545,151.54463746700054,-0.0027277435,-0.0022506255,139.83632429654796,147,144.31024367551734,17.259026765823364,13.950889110565186,100
0.2500009536743164,2.218574021866636,0.007967948913574219,2.9700145721435547,17.520991802215576,1490000,2595.465193748474,94.53207293993066,150.8625770886023,0.01320882,0.013345919,139.8973214453457,148,144.2846804071075,17.263022899627686,13.994023323059082,100
0.24496746063232422,2.662343692291789,0.007028102874755859,2.976681709289551,17.28798818588257,1500000,2612.7661805152893,94.7280460376191,152.70735340058573,-0.0133799855,-0.012599475,139.99731642058555,149,144.76868366199938,17.034992456436157,13.795564889907837,100
0.24796843528747559,2.3499734378068693,0.00800013542175293,2.9491028785705566,17.2909893989563,1510000,2630.0701715946198,94.45596504351181,155.99585349509863,0.022456385,0.022677332,140.0883074957824,150,144.09432593585237,17.033021450042725,13.812271118164062,100
0.24397039413452148,2.4002473473631873,0.006997823715209961,2.9259400367736816,17.36998987197876,1520000,2647.4531619548798,94.5204728303095,152.24836768506134,0.0005430923,0.00052333757,139.69978143250984,151,144.29363594697267,17.118019580841064,13.943327903747559,100
0.24396800994873047,2.3613171655168217,0.007000923156738281,3.005570888519287,17.320990324020386,1530000,2664.786150932312,94.59100133873613,150.90052678628467,0.030122345,0.03038195,139.41317020898208,152,144.4238251897903,17.068991661071777,13.796849012374878,100
0.2429978847503662,2.379105132569596,0.006999969482421875,2.9924707412719727,17.293988943099976,1540000,2682.0931396484375,94.59096273783882,149.7801643294546,-0.008159184,-0.0076951026,139.29934681980473,153,144.41978829006055,17.043991088867188,13.802533626556396,100
0.24199795722961426,2.205028291410265,0.007999658584594727,3.013343572616577,17.405988931655884,1550000,2699.5111281871796,94.65486349205933,153.10196308130503,-0.017687751,-0.017007431,140.66140491553816,154,144.57326667100665,17.155991315841675,13.88787317276001,100
0.2449958324432373,2.100636167868799,0.006999492645263672,2.9600062370300293,17.312989234924316,1560000,2716.83611869812,94.46898011009215,150.0868103096947,0.024464622,0.024629584,139.0695788933628,155,144.12480618273165,17.05999183654785,13.851288795471191,100
0.24497771263122559,3.5639188924170986,0.006974458694458008,2.949000358581543,17.25098991394043,1570000,2734.100108861923,94.67608635970745,167.14494817559014,0.0012680253,0.0014455757,139.34657232071362,156,144.66457872304483,16.999037742614746,13.795024156570435,100
0.25099754333496094,2.298603941290879,0.006998538970947266,2.9706196784973145,17.41298770904541,1580000,2751.526097536087,94.61015347904511,151.46631414468254,-0.0049486244,-0.0047451593,139.01989391013035,157,144.5042801613581,17.154991626739502,13.93227219581604,100
0.24497413635253906,2.279598688168942,0.008024215698242188,3.0051701068878174,17.328989505767822,1590000,2768.8680880069733,94.48341058173386,150.66591582075418,0.0052191503,0.005253235,138.97502076690753,158,144.1983820476648,17.07599115371704,13.767072439193726,100
0.24399828910827637,2.4232440121579937,0.0069997310638427734,2.9776806831359863,17.3989896774292,1600000,2786.279077768326,94.46876807120651,151.98069040466365,-0.007636107,-0.0074303336,138.79954449560395,159,144.1365674619494,17.14799165725708,13.88390588760376,100
0.24899744987487793,2.1576456114327853,0.007029056549072266,2.996788263320923,17.425988912582397,1610000,2803.7180666923523,94.3640303423614,148.03471814732146,-0.016785776,-0.016436487,139.5033938990184,160,143.92253867544738,17.168992042541504,13.921096086502075,100
0.25997138023376465,2.0725874982021026,0.00803065299987793,3.014073133468628,17.495603799819946,1620000,2821.2266705036163,94.43990801206839,150.67679657151183,0.0017376228,0.0017814361,140.07026081896296,161,144.08891595999427,17.227601766586304,13.954798221588135,100
0.24596834182739258,2.1648093938581794,0.0070302486419677734,2.9031779766082764,17.290990114212036,1630000,2838.529658317566,94.4880360759395,152.74931832537825,6.2260435e-05,0.00048340455,140.29739896381045,162,144.19047021833416,17.037991523742676,13.870393514633179,100
0.24200129508972168,2.6153655999751613,0.007966279983520508,2.9846842288970947,17.395990133285522,1640000,2855.93864774704,94.65822012195932,157.84849319816868,0.0091358945,0.009344508,139.85392832497627,163,144.60973776129453,17.14602255821228,13.92561936378479,100
0.2419734001159668,2.2319142337270366,0.007025957107543945,2.935619354248047,17.409990072250366,1650000,2873.36163687706,94.39936354840314,149.9824888314939,0.0015985916,0.0015214203,139.15220195692513,164,143.99470324176158,17.160990715026855,13.965960264205933,100
0.24297285079956055,2.1909598023903674,0.008024930953979492,2.915040969848633,17.15899085998535,1660000,2890.5326273441315,94.61641365502865,152.8246147588213,0.008293728,0.0083313985,140.23834724387538,165,144.4982543991167,16.90799307823181,13.732441663742065,100
0.24499845504760742,2.2944995776443697,0.007998228073120117,2.8922595977783203,17.32698917388916,1670000,2907.871616125107,94.71982467349055,156.24379862929032,-0.0011675202,-0.0012159874,139.6754869157854,166,144.7619356801675,17.073992490768433,13.903292655944824,100
0.2439744472503662,2.432315481037742,0.007024526596069336,2.864292621612549,17.236989974975586,1680000,2925.1216065883636,94.4878740790311,152.60943433869713,0.01141758,0.011037315,139.2503854050878,167,144.17008899676878,16.98503088951111,13.856000661849976,100
0.24300050735473633,2.395075818387623,0.006998538970947266,2.88155198097229,17.348989486694336,1690000,2942.4835953712463,94.5670104977148,152.58868611708553,0.012345618,0.010916152,139.0471738860385,168,144.4158037539729,17.09799098968506,13.941288709640503,100
0.24399948120117188,2.23421482291123,0.007998228073120117,2.939112901687622,17.45798945426941,1700000,2959.954585790634,94.54694695581976,150.5816446486614,0.030702863,0.028331077,138.466511228518,169,144.34052732473185,17.203992128372192,13.962609052658081,100
0.24397492408752441,1.906554153885677,0.00702357292175293,2.921262741088867,17.366989850997925,1710000,2977.333574771881,94.34647199958364,149.872536117288,-0.015531662,-0.019389613,139.4488500486296,170,143.8752160172712,17.115991353988647,13.944160223007202,100
0.24699950218200684,2.4369909523596838,0.00700068473815918,2.9365577697753906,17.365988969802856,1720000,2994.7115647792816,94.63773992746981,151.83752383544703,-0.00077769393,-0.008157222,140.20884489234655,171,144.53371418728474,17.110990047454834,13.92315125465393,100
0.24296855926513672,2.3568770976758917,0.0070302486419677734,2.989361524581909,17.394988298416138,1730000,3012.1195538043976,94.50193732932892,153.90269673248,0.015477072,0.008952168,140.2403196267963,172,144.1756675639049,17.144989490509033,13.899274110794067,100
0.24297642707824707,2.355931995480116,0.007022857666015625,2.9660887718200684,17.33298945426941,1740000,3029.4655435085297,94.74587691425432,152.27328277988252,0.0032100258,-0.0025118035,138.70756171080873,173,144.89145885495694,17.082990169525146,13.85931921005249,100
0.24296355247497559,2.392395003334146,0.0070340633392333984,3.0048704147338867,17.44098973274231,1750000,3046.918532848358,94.56469524885793,151.50667519072215,0.008653847,0.008841866,140.11890508207026,174,144.39223693395033,17.189990758895874,13.916399717330933,100
0.2559669017791748,2.238993231024006,0.008032560348510742,2.9552462100982666,17.37198805809021,1760000,3064.3035225868225,94.33176288662622,151.76604013997374,0.006351664,0.0062118033,139.4507047605246,175,143.85893021094094,17.107020616531372,13.871603727340698,100
0.25296616554260254,1.9685550506522995,0.0070018768310546875,2.8562796115875244,17.296989679336548,1770000,3081.6125118732452,94.4706274646984,151.96990269937433,-0.0049994383,-0.0045904005,139.8193351784629,176,144.19040042812526,17.035017251968384,13.922572612762451,100
0.2479994297027588,2.106666091683844,0.006973981857299805,2.826585292816162,17.35498857498169,1780000,3098.979501724243,94.53462406286319,150.07561114216844,-0.0074731642,-0.0073472764,139.9552644667454,177,144.33050896638363,17.099015712738037,14.009004831314087,100
0.24200177192687988,2.4041182234949448,0.006997823715209961,2.876701831817627,17.330992460250854,1790000,3116.322492837906,94.48476549788471,151.74938764068176,0.008049147,0.00811431,139.54503056465714,178,144.19382381927454,17.08002018928528,13.943706274032593,100
0.24399828910827637,2.480862738865309,0.008970975875854492,2.8989317417144775,17.40498971939087,1800000,3133.73948097229,94.63070848015951,152.83873716800838,-0.0034973542,-0.0029869583,139.5431657891794,179,144.585611681809,17.15202045440674,14.006765127182007,100
0.24097204208374023,2.3448488615508922,0.007999658584594727,2.9405782222747803,17.629991054534912,1810000,3151.381471633911,94.63835605614148,151.91141411096655,0.016711872,0.016920978,140.64926262680268,180,144.59365328081208,17.380018949508667,14.12242841720581,100
0.2509956359863281,2.153221957152784,0.007969379425048828,2.7847518920898438,17.199989795684814,1820000,3168.5934596061707,94.36674439648621,152.0414813719825,-0.008634492,-0.008202758,139.11110543335576,181,143.89284040554827,16.941024780273438,13.88615369796753,100
0.24399805068969727,1.9487082665722075,0.006967067718505859,2.869807004928589,17.2739896774292,1830000,3185.8794496059418,94.54367474869156,150.83595671102924,0.015804086,0.015992178,140.6030263133515,182,144.38185469999692,17.021024465560913,13.905415058135986,100
0.2419726848602295,2.223882043512005,0.007993936538696289,2.8906078338623047,17.30298948287964,1840000,3203.1944391727448,94.41606307984682,151.9328455414205,0.01535,0.015666872,139.59079858783937,183,143.95242000439688,17.052022218704224,13.878878831863403,100
0.24297261238098145,2.0597564891434064,0.008024454116821289,3.0645134449005127,17.614989519119263,1850000,3220.82142829895,94.36315553471604,148.63463210514948,-0.0034575302,-0.0031868287,139.12709725689064,184,143.92925989654748,17.36299180984497,14.035423994064331,100
0.2489609718322754,2.325960282182957,0.00701594352722168,2.9701976776123047,17.360989332199097,1860000,3238.1954181194305,94.47127393111202,152.4116657258722,0.0073508047,0.0078116865,139.45701479396564,185,144.16370160630166,17.1050124168396,13.88409972190857,100
0.27300024032592773,2.3245231280219634,0.007999658584594727,3.0339503288269043,17.516989707946777,1870000,3255.7244079113007,94.63010109177885,156.44838865797104,0.011514952,0.011834556,140.33868027191076,186,144.56863962803908,17.23499035835266,13.940426588058472,100
0.2559678554534912,2.2842508760626874,0.007030963897705078,2.94036865234375,17.349989652633667,1880000,3273.086397409439,94.49006033580756,152.513004907943,-0.03370544,-0.03309195,139.50034418164273,187,144.21832081936242,17.08699083328247,13.890807151794434,100
0.24399900436401367,2.2947489927192377,0.007972955703735352,2.9421496391296387,17.35198950767517,1890000,3290.4563870429993,94.4895703389428,152.47906080813001,-0.0014564255,-0.0009887932,139.71170443985784,188,144.17551158768163,17.100017547607422,13.897981882095337,100
0.2460007667541504,2.1678594900850574,0.008965015411376953,2.892059087753296,17.335991859436035,1900000,3307.8053781986237,94.51320957167337,151.2745800424595,0.009705986,0.009766476,139.66440672629665,189,144.29282109139444,17.081026077270508,13.921488761901855,100
0.24399948120117188,2.0346414524414,0.007998228073120117,2.936807155609131,17.343989610671997,1910000,3325.162365913391,94.49145601240878,149.0585323289144,0.0043102866,0.004699058,139.6580421049158,190,144.2362780918634,17.091991901397705,13.888686895370483,100
0.242964506149292,1.9868586687596124,0.007031917572021484,2.9390342235565186,17.376988649368286,1920000,3342.5513553619385,94.53006027121087,150.35386245165995,-0.005083284,-0.004593879,139.69274146869833,191,144.31940050910663,17.12499213218689,13.87366008758545,100
0.24399900436401367,2.3334896981095277,0.006999492645263672,2.973165273666382,17.483989477157593,1930000,3360.0473458766937,94.56030019645101,151.6318857802959,0.00037962798,0.00040265656,139.17636715591985,192,144.39803179407414,17.232990980148315,14.002933263778687,100
0.24496769905090332,2.127043923287006,0.006998777389526367,2.9272279739379883,17.425989389419556,1940000,3377.4853341579437,94.45654568098524,150.44079690099085,-0.008882276,-0.0085816495,138.9722224393895,193,144.1279444488207,17.173022747039795,13.974932432174683,100
0.24401378631591797,2.0092708494459526,0.0069980621337890625,2.8705379962921143,17.381102323532104,1950000,3394.878436565399,94.5232740956077,149.50250156771503,0.0016302536,0.0020330825,139.18962537088925,194,144.33186778523387,17.129089832305908,13.985623836517334,100
0.2559986114501953,2.429458418350542,0.00700068473815918,2.8490004539489746,17.367990016937256,1960000,3412.2594122886658,94.49130966203147,150.27368347198413,-0.0052434946,-0.004766771,139.28402566942822,195,144.20910271766724,17.1049907207489,13.98403525352478,100
0.25699901580810547,2.2904033016654717,0.006999969482421875,2.888046979904175,17.323989629745483,1970000,3429.5964024066925,94.55935446620322,152.94387293406763,-0.024407025,-0.02372521,139.7180100335226,196,144.3532898776048,17.058991193771362,13.89393401145935,100
0.47299861907958984,2.348584908584331,0.00800013542175293,2.87737774848938,17.59899067878723,1980000,3447.2073912620544,94.48760763539471,151.8905662997201,-0.0074634873,-0.00699113,139.6847640839156,197,144.19928681470768,17.116990089416504,13.963673830032349,100
0.24399828910827637,2.1169044182066443,0.007000446319580078,3.0049335956573486,17.6629900932312,1990000,3464.8843812942505,94.54701362990998,151.60545150258073,0.017274346,0.017774578,139.8087290314591,198,144.34731804836082,17.411991357803345,14.137151002883911,100
0.24000811576843262,2.0342142096794196,0.0069980621337890625,2.8630409240722656,17.347997903823853,2000000,3482.2453787326813,94.47692224179788,149.5596163578748,0.008338813,0.009546463,139.38116216446113,199,144.17970054282472,17.097990036010742,13.954966306686401,100
0.24599885940551758,2.3319178888465686,0.007998943328857422,2.85123610496521,17.386990785598755,2010000,3499.645359516144,94.43950139193223,153.22583929501124,-0.009135667,-0.009126336,138.81138713342892,200,144.16102855815808,17.13299298286438,13.998816967010498,100
0.24300146102905273,1.9513442179069382,0.006996870040893555,2.896183967590332,17.32899045944214,2020000,3516.9873497486115,94.53678395025439,150.0022696448819,-0.0063437815,-0.005904064,140.52935573779584,201,144.3034256839311,17.078992128372192,13.896848917007446,100
0.24299955368041992,2.1435648193744963,0.008999347686767578,2.8742048740386963,17.45199155807495,2030000,3534.4513387680054,94.56135069989512,151.42314309006375,-0.008274482,-0.007504326,139.57646324370455,202,144.3664128319957,17.199992656707764,14.004789590835571,100
0.2440016269683838,2.3627690359909312,0.00799703598022461,2.874790906906128,17.37399125099182,2040000,3551.8373289108276,94.46719353873445,151.64124854536988,-0.018292202,-0.017611247,138.9542133191023,203,144.11104927486912,17.121992588043213,13.963184833526611,100
0.24299836158752441,1.9533416399905814,0.008000612258911133,2.8553543090820312,17.322990894317627,2050000,3569.173318386078,94.4102422185393,151.1338392003383,-0.00028379745,-6.856079e-05,140.054426734666,204,144.03566779221777,17.07199192047119,13.939676523208618,100
0.24200057983398438,1.9297964388611857,0.008001327514648438,2.848069906234741,17.4269917011261,2060000,3586.6133086681366,94.42292150943211,147.6122440043091,-0.013157869,-0.013256852,139.58064915396662,205,144.06440469328115,17.176989793777466,14.05192494392395,100
0.24599981307983398,2.2181797466470314,0.007997512817382812,2.8698501586914062,17.265990734100342,2070000,3603.89129781723,94.51305139231316,149.17954500478746,-0.012693967,-0.012668949,139.94001689555836,206,144.29159136979246,17.010993003845215,13.869179725646973,100
0.24499988555908203,2.6522391714083486,0.007999420166015625,2.8640222549438477,17.2569899559021,2080000,3621.1602871418,94.60600589622774,154.18180235060342,-0.016903311,-0.017509365,138.5798987515538,207,144.49696632434257,17.003990650177002,13.856032133102417,100
0.24499869346618652,2.064993064076937,0.007997989654541016,2.8585963249206543,17.32998752593994,2090000,3638.503275156021,94.38467018364994,151.69155111568577,-0.019766547,-0.020405222,139.76951847054175,208,143.97471541485373,17.076990842819214,13.941492319107056,100
0.2520005702972412,2.3858298473378112,0.0069959163665771484,2.9631247520446777,17.690988302230835,2100000,3656.2072656154633,94.5237028177386,151.33074621108454,-0.0071250494,-0.008474545,139.89754799414598,209,144.29664729732573,17.431991815567017,14.20488953590393,100
0.2409980297088623,2.2957050494101567,0.008002042770385742,2.8734147548675537,17.34998869895935,2110000,3673.569254398346,94.44012870207416,150.52220822868398,0.014111719,0.01111903,139.2832571877567,210,144.0928705013508,17.099989414215088,13.948619842529297,100
0.24399971961975098,2.2446076853928885,0.006999969482421875,2.945930004119873,17.272992849349976,2120000,3690.8552458286285,94.46741312645595,153.3637753359603,-0.008983333,-0.012857566,139.5213892389159,211,144.18801983129518,17.020992040634155,13.812068223953247,100
0.24299907684326172,2.3542392972320303,0.00899815559387207,2.856245517730713,17.332990646362305,2130000,3708.2002353668213,94.5042666836329,152.40352441110724,0.021515662,0.016823158,139.7705144232202,212,144.21520814369197,17.07899236679077,13.943841218948364,100
0.24299955368041992,2.4266777927471437,0.007998228073120117,2.85211443901062,17.37398862838745,2140000,3725.587224006653,94.5087260042881,151.39913842684223,-0.018374333,-0.020921081,139.45156350341063,213,144.27242648169593,17.12299084663391,13.94594407081604,100
0.24399995803833008,2.1373438711400086,0.008999347686767578,2.888864517211914,17.39099097251892,2150000,3742.9902143478394,94.57619079153648,151.44587848889765,0.0031666518,0.0016412842,139.38420781107257,214,144.47667874757445,17.136990308761597,13.992249250411987,100
0.24299955368041992,2.58097756210636,0.0070002079010009766,2.93906569480896,17.523990631103516,2160000,3760.5272040367126,94.43283705399328,153.00136650814778,0.0002929062,0.00024280243,138.78713537790568,215,144.0710642721282,17.273990869522095,14.053922414779663,100
0.24300026893615723,1.923133846955899,0.008998870849609375,2.872091770172119,17.459988355636597,2170000,3778.0001933574677,94.48936734417671,150.48969158913408,0.0073709693,0.008647484,139.6405790237574,216,144.27094135335048,17.20699191093445,14.065927028656006,100
0.24299907684326172,2.202330905517155,0.00700068473815918,2.8762638568878174,17.445990800857544,2180000,3795.4581830501556,94.58758029415081,151.08837803098007,-0.0064547285,-0.006155301,139.62399833878763,217,144.45289739023158,17.193990230560303,14.049746036529541,100
0.24500131607055664,2.2669468424255665,0.008999109268188477,2.8392093181610107,17.39299249649048,2190000,3812.864173412323,94.57038462553452,153.6853203059852,-0.007509488,-0.0072067734,138.78694012075871,218,144.41018677924694,17.138992071151733,14.040804862976074,100
0.24599885940551758,2.260417822634365,0.007000446319580078,2.8870017528533936,17.275992155075073,2200000,3830.1521615982056,94.56884045914614,152.0869078140349,0.008238077,0.008740701,139.52926680128277,219,144.4284412648956,17.020991563796997,13.868020057678223,100
0.2500004768371582,2.182373661051711,0.006998538970947266,2.9301645755767822,17.42099118232727,2210000,3847.5861518383026,94.46361302625688,148.91721095891376,-0.018856116,-0.018658381,138.6165104838496,220,144.16758822333912,17.163992166519165,13.969838619232178,100
0.24300026893615723,2.438987960804876,0.006998538970947266,2.8379836082458496,17.374991178512573,2220000,3864.973141670227,94.47930828752074,151.74960197124372,0.02320321,0.023173667,139.4474775867118,221,144.21155316451572,17.12499237060547,14.021043062210083,100
0.24499726295471191,2.0814247726235124,0.008000612258911133,2.8938310146331787,17.448988676071167,2230000,3882.43412899971,94.40619898435399,151.3518259691101,0.0068648467,0.0072276704,139.54696289193438,222,144.07705792641704,17.194990873336792,14.032194375991821,100
0.24300026893615723,2.312924506670941,0.00799870491027832,2.952720880508423,17.514989614486694,2240000,3899.9621193408966,94.5104812192584,151.0913707365242,0.01324444,0.013640976,139.41533522067004,223,144.25211445722928,17.26399064064026,14.044291019439697,100
0.24700117111206055,1.970250773419189,0.00799870491027832,2.938967227935791,17.63499093055725,2250000,3917.6101093292236,94.4849440316188,149.3445281620002,0.0044690156,0.004808963,139.26650017197892,224,144.19281187619805,17.378990411758423,14.096068143844604,100
0.26600098609924316,2.15014413041146,0.007997512817382812,2.9851441383361816,17.542990684509277,2260000,3935.165098667145,94.48064973952233,150.26688031312645,-0.00093567657,-0.00042464142,139.40694746959025,225,144.17122869921093,17.267990827560425,14.006908416748047,100
0.24299979209899902,2.1122312583230096,0.007999658584594727,2.8940086364746094,17.347989559173584,2270000,3952.5270886421204,94.58817703965839,152.10381478482324,0.00058638153,0.0012129745,140.0611900177675,226,144.4717769807313,17.09699010848999,13.929008960723877,100
0.24200105667114258,1.961685326645242,0.006996631622314453,2.8612592220306396,17.413990259170532,2280000,3969.954077720642,94.40253989572928,149.53556137419042,0.0035377678,0.0037629372,139.48361242741896,227,144.01255850020416,17.164992570877075,14.034751415252686,100
0.2540018558502197,2.3270937215014333,0.006961822509765625,2.9559192657470703,17.689990043640137,2290000,3987.6570677757263,94.47185316268562,151.68160954439324,-0.001466687,-0.0012786873,139.29076812139306,228,144.14862842614647,17.42902636528015,14.20010757446289,100
0.24300026893615723,2.1431925984076323,0.006998538970947266,2.8811135292053223,17.342989444732666,2300000,4005.013057231903,94.55579306313025,150.42500693824195,-0.007565332,-0.007227299,140.347662984731,229,144.3809776904226,17.09299063682556,13.948987245559692,100
0.24299931526184082,1.984970071941132,0.006998538970947266,2.8950576782226562,17.514989852905273,2310000,4022.540045976639,94.46952876129016,149.19243482288198,-0.012244674,-0.012046276,139.56483464857817,230,144.16179017950986,17.262991428375244,14.084018468856812,100
0.24799895286560059,2.0921726258266435,0.007000923156738281,2.8970768451690674,17.519990921020508,2320000,4040.0720365047455,94.3598755227573,148.99509562427818,-0.00794899,-0.0070673362,139.62631137296182,231,143.90780350363687,17.26399040222168,14.093961954116821,100
0.2409992218017578,2.123687603543339,0.014000415802001953,2.9337146282196045,17.917989492416382,2330000,4058.00302529335,94.58749385216463,151.35463571761815,0.009971494,0.010427443,139.47421579474604,232,144.43239388007672,17.662989854812622,14.43652057647705,100
0.25299954414367676,2.3099006527837815,0.00799870491027832,2.869887351989746,17.484989404678345,2340000,4075.501014471054,94.53900393985813,152.2122602365988,0.0030241197,0.0033883469,140.16588415318486,233,144.29463682358858,17.22399115562439,14.076169967651367,100
0.24199748039245605,2.727344592941787,0.007999658584594727,2.900047540664673,17.451988220214844,2350000,4092.966002702713,94.48748490267496,159.83453327032896,-0.016562575,-0.015983643,139.05252867145347,234,144.2216207529875,17.201991081237793,14.040012836456299,100
0.25099968910217285,2.12884483643898,0.00799870491027832,2.834857940673828,17.380992889404297,2360000,4110.358995437622,94.59017475826442,150.53335706421478,0.026088195,0.026143774,139.16638190294123,235,144.50619703373968,17.119991779327393,13.958219766616821,100
0.23799896240234375,1.8266294327606032,0.009000301361083984,2.8437888622283936,17.418989896774292,2370000,4127.79098367691,94.44512938753826,151.14704087559605,-0.007943557,-0.0075022276,140.18116129314816,236,144.07184375642314,17.171990633010864,14.056246757507324,100
0.24899792671203613,2.173454319539108,0.007999897003173828,2.859236478805542,17.42998719215393,2380000,4145.233971595764,94.45673525069046,151.0163816265822,-0.004076918,-0.003763913,139.6853554079645,237,144.1466378448913,17.17298936843872,14.051831722259521,100
0.24399852752685547,1.9876056882995503,0.00700068473815918,2.7870864868164062,17.259990215301514,2390000,4162.506963014603,94.47191089309234,151.53293874049055,0.01480921,0.015125568,138.96504333528267,238,144.17499039140029,17.0089910030365,13.96392011642456,100
0.2409970760345459,2.2842860718577778,0.006998777389526367,2.7698590755462646,17.1479914188385,2400000,4179.666952133179,94.5548905136931,151.22021938282987,-0.0039853216,-0.003390225,139.79329158553557,239,144.38697451223038,16.898993015289307,13.837201118469238,100
0.24699854850769043,2.315027035214031,0.00699925422668457,2.8547093868255615,17.3869891166687,2410000,4197.06693983078,94.47860165873318,151.47126905017026,0.020186901,0.020316888,139.81063513150127,240,144.17595166411974,17.131991863250732,14.009336233139038,100
0.24699902534484863,2.277580700838008,0.007999420166015625,2.886916399002075,17.4489905834198,2420000,4214.527930259705,94.44213220626378,151.97063086691955,0.0019108276,0.001976918,139.38047735410998,241,144.12351385304947,17.19299006462097,14.012128353118896,100
0.25499916076660156,2.045022005744261,0.008000850677490234,2.8800063133239746,17.666990280151367,2430000,4232.207920789719,94.50779287190988,148.86665250836384,0.010820512,0.010906517,139.13409251899742,242,144.27658257832368,17.402990579605103,14.231013774871826,100
0.24599885940551758,2.1860647437912806,0.007998943328857422,2.8771448135375977,17.40898823738098,2440000,4249.628908634186,94.33106065068931,150.69485563726403,-0.0070460853,-0.0067933626,139.57994544558832,243,143.8242325605875,17.154990434646606,14.011906623840332,100
0.24700045585632324,2.226465529635372,0.007998228073120117,2.852902889251709,17.35499143600464,2450000,4266.995899915695,94.6122675394691,152.2025862754054,0.0018172867,0.0025815498,139.2281022887733,244,144.52561769856683,17.09899139404297,13.964183330535889,100
0.2499992847442627,2.4575101056125237,0.012999773025512695,2.846715211868286,17.493989944458008,2460000,4284.501888751984,94.64470137679596,152.8179063846608,0.004856282,0.0046686926,140.35437820166894,245,144.61961647212462,17.229990243911743,14.100319385528564,100
0.2559993267059326,2.2300425487869906,0.008999109268188477,2.8629579544067383,17.486990213394165,2470000,4302.001878976822,94.44696026577913,150.27821981383457,0.00021489106,0.000625795,139.14564287431028,246,144.10222030227402,17.221991777420044,14.032106161117554,100
0.24499797821044922,2.149164430174034,0.00699925422668457,2.8968124389648438,17.4409921169281,2480000,4319.45486831665,94.50954545861627,150.72189489524828,-0.00056130067,-0.00054017716,140.07817509578265,247,144.2502003755723,17.186991691589355,14.0312340259552,100
0.24300026893615723,2.4291368367601534,0.007998466491699219,2.8839635848999023,17.474990367889404,2490000,4336.942858219147,94.47114622328644,152.8643062914266,0.005302986,0.005611389,138.6846596258988,248,144.2321224198493,17.223991632461548,14.037154197692871,100
0.24599981307983398,2.3039699992216467,0.008999109268188477,2.8378522396087646,17.46099042892456,2500000,4354.4168474674225,94.50642186509465,151.60333774808922,-0.007711444,-0.008463998,139.8306164509901,249,144.21133709731313,17.205991506576538,14.097167253494263,100
0.24099993705749512,2.3961458323040925,0.008000373840332031,2.837073802947998,17.43498945236206,2510000,4371.863836765289,94.48714942279484,153.03146242694535,0.016765533,0.012719551,138.7954889868207,250,144.24137796769023,17.185989141464233,14.076965570449829,100
0.24199843406677246,2.0724599064366576,0.007997751235961914,2.9527053833007812,17.439988136291504,2520000,4389.316824436188,94.51432958443003,147.98413210698968,-0.0033504807,-0.01005332,139.1768947377541,251,144.31579250660934,17.18999195098877,13.976328372955322,100
0.24699902534484863,2.614542905608489,0.007999897003173828,2.837796688079834,17.45198917388916,2530000,4406.781815290451,94.76979142283541,156.22128487980243,0.029651657,0.016983414,139.72834516505637,252,144.92660415184835,17.196990251541138,14.072264671325684,100
0.2429969310760498,1.9657499380373498,0.009000062942504883,2.928828001022339,17.543987035751343,2540000,4424.338803291321,94.52282408670095,149.3528296074259,0.020123724,0.010609823,139.6920038684036,253,144.30561485264587,17.289992094039917,14.095125675201416,100
0.2589993476867676,2.294028270816013,0.007999897003173828,2.8768460750579834,17.43198871612549,2550000,4441.783793210983,94.54784402001798,154.8623063351135,0.016667053,0.006121514,139.45318185699722,254,144.4004009431411,17.163991451263428,14.021162509918213,100
0.2479991912841797,2.2050194629468947,0.007999897003173828,2.8758461475372314,17.474990844726562,2560000,4459.271784067154,94.54736641048041,154.13213010811862,0.0045310454,0.0049051135,139.4315313318544,255,144.38533210015498,17.21899175643921,14.06918215751648,100
0.3319973945617676,1.7771316350548967,0.007999420166015625,2.851918935775757,17.58699107170105,2570000,4476.870772600174,94.47530560439368,147.54842687632197,0.0054408587,0.0057022264,139.9357185417272,256,144.19618791908687,17.245991945266724,14.118184566497803,100
0.25099921226501465,2.774382128017081,0.006996631622314453,2.813854455947876,17.544989585876465,2580000,4494.427761554718,94.55772949825248,161.9846972706518,0.0028652053,0.00015476036,139.1489570120644,257,144.3982372501973,17.284989833831787,14.142143487930298,100
0.24399852752685547,1.9877773459739954,0.013000249862670898,2.8059678077697754,17.41998863220215,2590000,4511.86075091362,94.42988090086926,148.96626164334378,-0.009829055,-0.009864449,139.38347819897504,258,144.00125917896415,17.1619930267334,14.06109356880188,100
0.24399924278259277,2.0516746852819163,0.008999347686767578,2.854994058609009,17.56998872756958,2600000,4529.443741321564,94.27229379217711,152.0097324267244,-0.0034459413,-0.0032179977,139.57195670369262,259,143.68201589112618,17.31699013710022,14.187046527862549,100
0.2540004253387451,1.8916159559710517,0.007999897003173828,2.9059152603149414,17.647990226745605,2610000,4547.104731798172,94.4266087401273,149.32523423554977,-0.0005272942,-0.00049247895,140.07952390367487,260,144.0697802465704,17.385989904403687,14.207109689712524,100
0.2519996166229248,1.8487900732074294,0.008000373840332031,2.920978307723999,17.747989892959595,2620000,4564.865721464157,94.51030533119851,149.22122772901773,0.01019492,0.010623255,140.18904814354485,261,144.30786490294884,17.486990451812744,14.295063972473145,100
0.3529989719390869,2.1777352816582054,0.006999492645263672,2.8848743438720703,17.782989263534546,2630000,4582.661710500717,94.43991730245203,152.8173998670749,0.012705746,0.012860809,139.18941523935848,262,144.08566200589132,17.422990798950195,14.228167533874512,100
0.24499893188476562,2.2004529037232796,0.0069997310638427734,3.0138299465179443,17.926989555358887,2640000,4600.601699829102,94.61574195994926,151.1984048894316,0.00030742874,0.0004796234,139.48934738770004,263,144.57927811156185,17.673991441726685,14.379239797592163,100
0.24200153350830078,2.1502416178379886,0.011999845504760742,2.938897132873535,17.766990661621094,2650000,4618.380690813065,94.52457507826718,152.08247073393892,0.012479036,0.013058301,139.1722385701362,264,144.29183051184663,17.510989665985107,14.293108224868774,100
0.24699807167053223,2.0809743833284724,0.007999420166015625,2.88075852394104,17.44098973274231,2660000,4635.833676815033,94.48181560560747,149.0868773531671,0.0042583575,0.004296061,139.53458822621442,265,144.27938266933347,17.18498921394348,14.035338163375854,100
0.24299907684326172,1.9941330063558944,0.00800013542175293,2.921909809112549,17.507988691329956,2670000,4653.354667663574,94.40724162024736,150.28066584808926,-0.006877186,-0.006233258,139.62695412243582,266,143.96929790650333,17.25698947906494,14.041131973266602,100
0.2449965476989746,2.011026542708424,0.0069997310638427734,2.90372896194458,17.531988859176636,2680000,4670.898654937744,94.42297124891306,149.5978914009186,0.0043368456,0.0046505034,139.91416097816818,267,144.03433201559764,17.278993129730225,14.104323863983154,100
0.24299860000610352,2.274896519013428,0.007001161575317383,2.8390183448791504,17.45398998260498,2690000,4688.365646600723,94.65233890268357,154.19802886406177,-0.008324997,-0.008005955,139.1480829911769,268,144.6215919256362,17.20399022102356,14.052995920181274,100
0.24399900436401367,2.165047870486261,0.007988452911376953,2.9079456329345703,17.617990732192993,2700000,4705.996636867523,94.60146172687506,150.17837326852907,0.016561298,0.017128205,139.63371269589143,269,144.48714214611493,17.364997386932373,14.178143739700317,100
0.24199986457824707,2.353959552948295,0.0069887638092041016,2.8247156143188477,17.44799041748047,2710000,4723.4576251506805,94.54231496717225,150.63399079230226,-0.012767171,-0.012524644,139.53308341335804,270,144.39095283883188,17.198001384735107,14.071289539337158,100
0.24299883842468262,2.416202485552738,0.012997865676879883,2.832002878189087,17.480988264083862,2720000,4740.951613903046,94.59571927147267,152.47552206437638,-0.029236902,-0.028995447,138.833534011743,271,144.51985256950928,17.2249915599823,14.115108966827393,100
0.25699877738952637,2.2780029743245223,0.007997274398803711,2.862029790878296,17.461986780166626,2730000,4758.426602840424,94.47800138508029,155.38322738808236,0.010471492,0.010605372,139.43814911230564,272,144.21431249989797,17.196990728378296,14.076112985610962,100
0.2519993782043457,2.2303329237197453,0.008999109268188477,2.8446037769317627,17.412991762161255,2740000,4775.851595163345,94.3945291353955,149.2912734719357,0.018150348,0.01878246,138.9026850743825,273,143.9591102406083,17.15099263191223,14.028421878814697,100
0.24599933624267578,1.9758072670408495,0.00800180435180664,2.8387930393218994,17.483989715576172,2750000,4793.34858417511,94.55397346043102,149.07787380867651,0.008233755,0.009153658,140.19729697358778,274,144.3961657345099,17.22998857498169,14.103248834609985,100
0.292999267578125,2.201986149512498,0.007999420166015625,2.8208534717559814,17.326987266540527,2760000,4810.687573671341,94.60522630909861,150.14013748792792,-0.011839938,-0.010853669,138.83633479381808,275,144.5388533599438,17.025988578796387,13.935187816619873,100
0.2440013885498047,1.9777917925881285,0.006998777389526367,2.928009271621704,17.43398904800415,2770000,4828.150563001633,94.49596085036806,150.28691441824628,0.0058024423,0.0060377587,139.217253562139,276,144.19749560910483,17.18199062347412,13.982080936431885,100
0.2729990482330322,2.1160260798822854,0.007997989654541016,2.8402302265167236,17.614988803863525,2780000,4845.778551101685,94.58940701837463,149.9660320084167,0.012219804,0.012370758,139.80894715001983,277,144.46160100532322,17.332991123199463,14.238831281661987,100
0.24399900436401367,2.539355627299684,0.013001203536987305,2.8715221881866455,17.47799038887024,2790000,4863.269541978836,94.52866146652508,153.76676976805916,0.0057419115,0.0059625627,139.24939824819552,278,144.3489970252645,17.21899151802063,14.076515913009644,100
0.25099897384643555,2.097204495314604,0.009001731872558594,2.846781015396118,17.402989864349365,2800000,4880.684531211853,94.48256056764232,148.20592533787854,-0.019025296,-0.018086612,138.86475587736558,279,144.2652064871627,17.1419894695282,13.95926809310913,100
0.24699687957763672,2.3250614666349327,0.006999492645263672,2.9020166397094727,17.503989458084106,2810000,4898.20151925087,94.44349496688706,151.79920158107058,-0.0030387465,-0.0027276597,139.4161709430577,280,144.0795321759378,17.2489914894104,14.07905387878418,100
0.24999332427978516,2.0743771505168622,0.01800847053527832,2.8838651180267334,17.65199089050293,2820000,4915.865510225296,94.47311167987328,150.98076570572638,-0.005629537,-0.005256398,139.70884295693304,281,144.1962959646999,17.382991313934326,14.22214651107788,100
0.24300074577331543,2.188545385951929,0.006999492645263672,2.815932273864746,17.47999119758606,2830000,4933.35850071907,94.4242530471043,149.7759039482784,-0.0014743264,-0.00079079665,139.16445176630972,282,144.0157704008381,17.22999095916748,14.12411117553711,100
0.2780003547668457,2.2074576860015425,0.007998466491699219,2.896841049194336,17.55799126625061,2840000,4950.929489612579,94.52922679396629,151.8364769796883,0.0011001206,0.001890541,139.19074202994307,283,144.31014798840616,17.270992040634155,14.115214109420776,100
0.267000675201416,2.184584354672524,0.007999420166015625,2.9018516540527344,17.585988759994507,2850000,4968.528479576111,94.41823565033954,149.72670563078975,-0.003559816,-0.0032126694,139.60566178847998,284,144.11750932413005,17.310988664627075,14.119262218475342,100
0.25598812103271484,2.0196696347013074,0.008011579513549805,2.8569164276123047,17.522990942001343,2860000,4986.0644681453705,94.41083575662059,149.15349988251754,-0.011332147,-0.010661391,139.69568451004238,285,144.03120709941115,17.257992267608643,14.135123014450073,100
0.24499893188476562,1.822509939769888,0.00699925422668457,2.8459231853485107,17.368992567062378,2870000,5003.445458173752,94.56864596417068,147.9071026687003,0.0112572815,0.012252417,139.8996328408014,286,144.42406654451483,17.1159930229187,13.990072011947632,100
0.25797605514526367,2.3918014723987113,0.007023811340332031,2.9287874698638916,17.50999093055725,2880000,5020.968447685242,94.32482223412862,151.04194129002488,0.014126416,0.014671753,139.2515942169842,287,143.83328933994014,17.244991064071655,14.050261735916138,100
0.24300003051757812,2.260853788745798,0.008998632431030273,2.8948683738708496,17.500990390777588,2890000,5038.482437372208,94.5726550403007,150.70215106830062,-0.01561351,-0.014929681,138.77558690776257,288,144.42487648910415,17.24899172782898,14.090230226516724,100
0.24599862098693848,2.1639131154569275,0.007999420166015625,2.9048726558685303,17.506988525390625,2900000,5056.002425193787,94.46528115318513,151.04758476033598,-0.008495319,-0.0073924195,139.53231820217425,289,144.16219045289753,17.25299048423767,14.05021858215332,100
0.24699926376342773,2.4323672930539093,0.008001565933227539,2.8759450912475586,17.473990201950073,2910000,5073.489416599274,94.55668712151471,152.21272579104598,0.008851065,0.008826175,139.63314847353803,290,144.3686708354636,17.21699094772339,14.014140367507935,100
0.2480008602142334,1.9167366183344012,0.007999420166015625,2.9917995929718018,17.889989376068115,2920000,5091.392405748367,94.47497814161541,150.46000291889285,-0.0016533417,-0.0015593887,140.17866021015806,291,144.19989027635097,17.633989095687866,14.35319709777832,100
0.2440016269683838,2.123715376613244,0.006997823715209961,2.902693748474121,17.504990577697754,2930000,5108.910394906998,94.42216217987566,151.1863790778571,0.0017451035,0.0015439476,139.50879940439134,292,144.00852328159556,17.25399112701416,14.068294763565063,100
0.24200034141540527,2.0963204262186466,0.008999347686767578,2.912803888320923,17.53799080848694,2940000,5126.461384534836,94.43739421708192,149.10454988827712,-0.00726017,-0.0070833955,138.478210412652,293,144.05447424339295,17.286991119384766,14.104295492172241,100
0.2520012855529785,2.2464289967337585,0.007997274398803711,2.86486554145813,17.44299077987671,2950000,5143.917373895645,94.58134781211858,152.734388862562,8.6216736e-05,-0.00064688874,139.17237817773545,294,144.44642879465755,17.182992219924927,14.047214031219482,100
0.24299955368041992,2.009021076964787,0.007998466491699219,2.8910012245178223,17.683990478515625,2960000,5161.614362955093,94.66591580248338,151.0234976787447,-0.0012653779,-0.0020678102,140.57296676798126,295,144.68027811528543,17.4319908618927,14.262992143630981,100
0.2480008602142334,2.2402004693642388,0.012997865676879883,2.8187272548675537,17.414990663528442,2970000,5179.041352987289,94.63778589093371,150.79695220224298,0.0056250235,0.004001517,138.80561230544245,296,144.55765525168022,17.15299129486084,14.042331457138062,100
0.2440032958984375,3.171635100042779,0.007997274398803711,2.8318560123443604,17.496989488601685,2980000,5196.551342487335,94.59050791581825,168.28246845280023,0.0047196625,0.0033645828,139.06766539018832,297,144.49505467809743,17.244988918304443,14.121201515197754,100
0.25800013542175293,2.293887625955009,0.008999347686767578,2.8170366287231445,17.3599910736084,2990000,5213.924332141876,94.3938126575788,151.64516506519593,0.009979229,0.006082216,139.33947147776007,298,143.97189176583024,17.092991590499878,13.990929365158081,100
0.2429981231689453,2.0730642214103416,0.006998777389526367,2.866706371307373,17.575210571289062,3000000,5231.511542081833,94.3834826127746,148.3332719204778,0.0064578704,0.0018594009,139.95579863635382,299,143.9947641192512,17.32224202156067,14.189363956451416,100
