train-MinReturn,LossAfter,n_timesteps,Itr,Time-Optimization,Time,Time-SampleProc,LossBefore,train-EnvExecTime,train-NumTrajs,train-StdReturn,ItrTime,train-MaxReturn,Time-Sampling,train-AverageDiscountedReturn,train-PolicyExecTime,train-AverageReturn
-6.163446981805162,-0.45231104,10000,0,0.31800103187561035,17.2630832195282,0.07099795341491699,-0.007449512,2.466928482055664,100,3.7933110847574913,17.2630832195282,10.920206931515587,16.873084545135498,1.2069056133472913,14.13394021987915,1.4037701041612924
14.594162739437591,-0.16108845,20000,1,0.24300026893615723,34.148672580718994,0.02397298812866211,0.013764502,2.582711696624756,100,3.697502145140694,16.87158989906311,34.134792836440106,16.60461664199829,19.306194671507402,13.77056622505188,24.71142245986519
16.325585237299155,-0.08253091,30000,2,0.23199796676635742,51.01066470146179,0.021997928619384766,0.033238214,2.6331701278686523,100,2.9275613907128912,16.848991632461548,31.884722625748633,16.593993425369263,20.833004681701397,13.71081280708313,26.17826256423403
23.234357005753118,0.008388216,40000,3,0.23599791526794434,68.04717636108398,0.017000913619995117,0.022405738,2.575591802597046,100,1.899161591406888,17.023509979248047,32.09242799324344,16.76951003074646,21.253648941593756,13.93573808670044,27.11186070522457
20.19445156282133,-0.037901238,50000,4,0.23299884796142578,84.88100099563599,0.023975133895874023,0.008914025,2.536017894744873,100,2.1821738866177816,16.820825576782227,31.140329554725174,16.562850952148438,19.856778837326974,13.770179271697998,26.08417445756454
23.93705934759349,-0.07594913,60000,5,0.2310009002685547,102.02191710472107,0.02199721336364746,0.00038848343,2.596435546875,100,1.6096219295103262,17.128916263580322,31.663863880072512,16.874916791915894,21.12986115513687,13.959891557693481,27.11443966979222
21.763594452508027,-0.04106013,70000,6,0.23199892044067383,118.42091012001038,0.022968530654907227,-0.0051926454,2.466823101043701,100,1.6738080722070274,16.38599443435669,30.34251830998765,16.1300265789032,21.66914018023247,13.413994550704956,26.922803846859964
17.971302954392097,-0.0037421815,80000,7,0.23200082778930664,135.02779984474182,0.0169980525970459,0.030526489,2.5342979431152344,100,2.3662426983713476,16.594889163970947,29.959124555191003,16.34489107131958,21.04891272825299,13.54297161102295,26.29035572400523
16.47501972028952,-0.05456228,90000,8,0.22799944877624512,151.9271035194397,0.018975257873535156,0.01658695,2.648378610610962,100,2.5403214284734252,16.886303663253784,30.294517242472395,16.639328956604004,20.961519960889643,13.753644943237305,26.22180598565161
25.51295807744052,-0.013774155,100000,9,0.23600029945373535,168.2150959968567,0.01599740982055664,-0.00883056,2.633553981781006,100,0.9307824237058588,16.2749924659729,29.63542082623982,16.02299475669861,22.76162255973485,13.151097536087036,27.63401249457939
25.21585383537842,-0.015229608,110000,10,0.2369980812072754,184.56939220428467,0.024001359939575195,-0.0016592712,2.5197653770446777,100,0.9333107821606368,16.341296434402466,29.65479722256589,16.080296993255615,22.376026728990766,13.312694787979126,27.67817543297844
25.568023382214538,-0.045502882,120000,11,0.23400068283081055,201.12421298027039,0.016968965530395508,0.005670831,2.509601593017578,100,0.9042240747663283,16.541818141937256,30.60413158027226,16.29084849357605,22.614479286915138,13.531327247619629,27.891057594103476
25.394880684469598,-0.07431815,130000,12,0.2350010871887207,217.51920676231384,0.017956972122192383,-0.0034190186,2.4429478645324707,100,1.2735982723195918,16.381993770599365,31.644824639386254,16.129035711288452,22.85018148812364,13.428172826766968,28.756998969485092
25.352199363754483,-0.06423111,140000,13,0.2329714298248291,234.05770325660706,0.02396869659423828,-0.0041431272,2.6176671981811523,100,1.8734520689932654,16.525497674942017,33.990364626100494,16.267530918121338,22.918066945368736,13.400655031204224,29.094226431157026
22.372209645772177,-0.10290812,150000,14,0.2500002384185791,251.1681056022644,0.01900005340576172,0.008472888,2.5768682956695557,100,1.9640301882646256,17.097400903701782,32.55521089622952,16.827401876449585,22.44611423043515,13.980204582214355,27.953151018199232
25.430579002332344,-0.076351404,160000,15,0.23799920082092285,268.20285630226135,0.018002748489379883,0.00070614624,2.435147523880005,100,1.9269682336187657,17.02275252342224,33.9321196002707,16.765750408172607,23.78248989369998,14.045860767364502,29.509532970957718
23.997870233201283,-0.11653202,170000,16,0.22999787330627441,284.6454026699066,0.017001628875732422,-0.0048892335,2.4919350147247314,100,1.8544532970311076,16.42954707145691,32.54557728953692,16.182547569274902,23.042962675701865,13.399095058441162,29.538874493104544
27.04995788896878,-0.15610164,180000,17,0.2289872169494629,301.71376395225525,0.01798868179321289,0.004014865,2.606940507888794,100,0.809983756016899,17.055360078811646,30.873027627714137,16.80838418006897,22.03654613384663,13.951199531555176,28.48539804736361
25.956695912661576,-0.2783402,190000,18,0.22999978065490723,318.1077575683594,0.020997047424316406,0.0037991637,2.5204474925994873,100,0.681515517762089,16.380992889404297,28.51365655336865,16.129996061325073,21.623339264996876,13.341378927230835,27.255837439570346
25.640467619896413,-0.1284417,200000,19,0.23200058937072754,334.46075201034546,0.015995264053344727,0.0077840025,2.4689905643463135,100,0.6741914514051452,16.33999228477478,28.36594873268499,16.091996431350708,22.073961573875923,13.348124504089355,26.995860837534153
25.581928840476476,-0.11156858,210000,20,0.23499774932861328,351.4626224040985,0.020974397659301758,0.0025172974,2.584766149520874,100,0.6726995587047745,16.988869190216064,28.51071852283031,16.73289704322815,22.555457141011342,13.909418821334839,27.208294557747767
25.79695240642649,-0.12762688,220000,21,0.2350013256072998,368.6476032733917,0.022967100143432617,-0.010427839,2.6167356967926025,100,0.8399820636046607,17.171980381011963,29.664346120893995,16.913010597229004,22.976508222187768,14.029167652130127,27.578790986949762
25.638049759695054,-0.083247684,230000,22,0.22799968719482422,385.6905961036682,0.01900005340576172,-0.0022065567,2.6003968715667725,100,1.021857819028777,17.030992031097412,30.162774358714138,16.782989978790283,23.00779656460015,13.939086437225342,27.858216896071823
24.90122422432122,-0.027115565,240000,23,0.2330005168914795,402.5741333961487,0.015966415405273438,-0.016148895,2.5689408779144287,100,1.3973496849740128,16.870537042617798,31.24320728109349,16.621570110321045,22.61466220542942,13.81590485572815,28.01169711659808
22.856619107631126,-0.034087908,250000,24,0.23000073432922363,419.61914563179016,0.017997264862060547,0.0013567093,2.5595855712890625,100,1.7106959694384531,17.033012866973877,32.2656845257405,16.784013748168945,22.16637208567227,13.985073566436768,27.686685411381546
23.61428710377872,-0.11502482,260000,25,0.23799729347229004,435.8701374530792,0.016001462936401367,-0.0012803192,2.5406289100646973,100,1.5066250207061893,16.237993001937866,32.77669088089968,15.983994245529175,22.541793011099664,13.183192014694214,27.89124625535097
25.03063650370356,-0.29935932,270000,26,0.22999835014343262,453.10051584243774,0.015972614288330078,-0.009637062,2.642216444015503,100,1.003387449325681,17.217378616333008,29.726145026859296,16.971407651901245,22.72567502430973,14.075713396072388,27.60311194497496
24.087730378399264,-1.2037404,280000,27,0.22500205039978027,469.9453809261322,0.024997949600219727,-0.013617355,2.5466647148132324,100,1.0280516007170715,16.832864999771118,30.396972384956403,16.582864999771118,22.201636662717565,13.723738431930542,27.316232879681547
-6.041697570634618,-0.91138166,290000,28,0.2310013771057129,486.92191076278687,0.01596689224243164,0.008748731,2.576960802078247,100,8.295264856208677,16.963531494140625,30.65602563016728,16.715564489364624,16.958254892320536,13.87426209449768,24.524086306037056
-7.608091467022346,-1.498626,300000,29,0.23199963569641113,503.79340410232544,0.018998384475708008,0.005866623,2.5143887996673584,100,7.699165566995802,16.8584942817688,30.68404593835713,16.606496334075928,16.108915189484428,13.831291437149048,24.169203355762146
-6.21968020131922,-2.904485,310000,30,0.23099994659423828,520.8344962596893,0.01900005340576172,-0.011238309,2.514265537261963,100,7.463360077212044,17.02908968925476,30.71846594146854,16.77908968925476,15.424871106331553,14.005561590194702,24.3345968323125
-9.253361329133464,-4.2942796,320000,31,0.23999953269958496,537.8569693565369,0.019999027252197266,0.009374533,2.4777064323425293,100,8.824859334942389,17.01047420501709,30.677065934271194,16.749475479125977,13.216610039547579,13.976538896560669,23.04697156744273
-7.666044835242134,-5.542297,330000,32,0.2299973964691162,554.6704349517822,0.017992734909057617,-0.007761365,2.479146957397461,100,10.77934858632288,16.801466703414917,30.185029968157465,16.552476167678833,9.217415614498018,13.812652349472046,18.66300727269443
-7.799598780785448,-9.23944,340000,33,0.2389974594116211,570.9854283332825,0.02399897575378418,-0.002667029,2.4819092750549316,100,8.156912170215014,16.30199146270752,27.322806864860812,16.038995027542114,1.6270504957597383,13.29348635673523,3.7610802540698756
-9.95754740716788,-31.92352,350000,34,0.23099994659423828,587.3455781936646,0.01799798011779785,0.013388404,2.3963494300842285,100,4.385005731080642,16.34814977645874,8.188176605778368,16.098150491714478,-0.4123561627279909,13.449536323547363,-0.6171355756965136
-10.59272896777752,-11.459394,360000,35,0.22999906539916992,604.3420572280884,0.017000198364257812,-0.0053596436,2.4286067485809326,100,5.179252032683221,16.984480142593384,7.732510111560681,16.737480878829956,-0.9566401033910086,14.055182218551636,-1.4008822242577472
-11.409335112215498,-4.195748,370000,36,0.22899603843688965,620.630051612854,0.0240018367767334,-0.0031558105,2.4765172004699707,100,4.803247822638662,16.275993585586548,8.074552441838454,16.022995710372925,0.06053532136682447,13.304474592208862,0.08416049528083316
-9.447224948542418,-0.56104773,380000,37,0.23099684715270996,637.3975102901459,0.017001628875732422,-0.0011734741,2.417736291885376,100,4.757309788663531,16.75545859336853,8.152305732701802,16.506459951400757,0.08137832538301833,13.842414140701294,0.09895485200511903
-9.73359398585604,-0.15189122,390000,38,0.22999882698059082,653.6565029621124,0.02099752426147461,-0.016498646,2.462573766708374,100,4.846906365984785,16.245991468429565,7.571732685875689,15.99399471282959,-0.16476871956409692,13.243407964706421,-0.254202852673134
-9.409734838856725,-0.028093189,400000,39,0.2389991283416748,670.5631859302521,0.015962600708007812,0.020209644,2.447622776031494,100,4.765581491295409,16.89468288421631,7.566411443848206,16.638718128204346,-0.2178170094010422,13.929465055465698,-0.36923533573444317
-8.281598872311873,-0.027438134,410000,40,0.22699880599975586,686.8532056808472,0.021999120712280273,-0.0014789063,2.3164944648742676,100,4.757507925936898,16.278019189834595,7.557197596816849,16.02902126312256,0.4053665914210953,13.472018957138062,0.5789633075947868
-8.41704084544248,0.0041542235,420000,41,0.22899842262268066,703.7221400737762,0.01800394058227539,0.0061386717,2.433583974838257,100,4.454215990467,16.855932235717773,8.210617221637483,16.60693335533142,0.3760847591753339,13.919223308563232,0.5027004225364368
-9.949311351834913,-0.006852417,430000,42,0.24200034141540527,720.616824388504,0.02299785614013672,0.010277234,2.4207775592803955,100,4.720857028655609,16.88268542289734,7.732395256918911,16.61668562889099,0.07631465912632404,13.941359996795654,0.10835730120677628
-8.481628191592113,-0.012641626,440000,43,0.2330031394958496,737.4571132659912,0.015996456146240234,-0.006931665,2.4100732803344727,100,4.642942001281731,16.828290939331055,8.316287906287073,16.578291177749634,0.19662279326848497,13.922163724899292,0.2573845424445681
-9.537735438205075,-0.003011084,450000,44,0.22800135612487793,754.3186602592468,0.02099919319152832,0.002885608,2.410167932510376,100,4.437497513963537,16.849549293518066,7.874541187919487,16.59854793548584,-0.38446682220531075,13.951820373535156,-0.6211949261935483
-8.855976969650976,-0.006396106,460000,45,0.2330029010772705,771.1812515258789,0.015997648239135742,0.002094702,2.4280412197113037,100,4.741522542533189,16.8505916595459,8.396831857844145,16.60059142112732,-0.13486379160311185,13.922068119049072,-0.2549886214386913
-8.078960790390436,-0.009551709,470000,46,0.2350003719329834,787.5209448337555,0.022999048233032227,-0.0014640625,2.3685474395751953,100,4.573575224362184,16.327693223953247,7.333263826102797,16.06969380378723,-0.19753068797850176,13.470624208450317,-0.3476198392719672
-8.941799805568005,-2.277832e-05,480000,47,0.23700165748596191,803.5829386711121,0.0169980525970459,0.01536698,2.304129123687744,100,4.549181010617408,16.049994468688965,8.272157989302324,15.794994354248047,0.4512546509174934,13.241698980331421,0.6478231148751625
-8.148215591757928,-0.019444263,490000,48,0.22899770736694336,819.8613159656525,0.02099752426147461,-0.014019483,2.391787052154541,100,4.336108216144117,16.265377521514893,7.768314685556163,16.015382289886475,-0.29783113394770455,13.381133794784546,-0.4800762558267191
-8.453080846447504,-0.010147412,500000,49,0.22800135612487793,836.1183111667633,0.01796722412109375,-0.0030131347,2.2543535232543945,100,4.994061460949407,16.244994401931763,7.893600757899063,15.998024463653564,-0.0247618867067483,13.468772649765015,-0.07393955104049342
-9.648654325252316,-0.0152824465,510000,50,0.2350013256072998,852.503413438797,0.017959117889404297,-0.010103003,2.340733051300049,100,4.757153035075421,16.373104333877563,7.989901171734859,16.11914300918579,0.6160033256841402,13.539084911346436,0.8974121346599653
-10.68999887453968,-0.0018600342,520000,51,0.2279987335205078,868.7788760662079,0.019968748092651367,-0.0017070435,2.2475759983062744,100,4.5766046002936855,16.262462854385376,7.413390612910744,16.013463973999023,-0.5250531201536505,13.52023983001709,-0.8266930832046723
-8.125870443437325,0.019076183,530000,52,0.22700119018554688,885.0803558826447,0.016999244689941406,0.021223938,2.372195243835449,100,4.708377617967053,16.289479732513428,8.183673893498181,16.04547929763794,0.18882742650499254,13.436887741088867,0.2487878200497427
-9.883811705061856,-0.0033097412,540000,53,0.23200106620788574,901.4117465019226,0.0169985294342041,-0.002434326,2.43750262260437,100,4.917294598835988,16.319391012191772,8.43313171974048,16.070391416549683,0.14303260848866742,13.387751340866089,0.17376555718614917
-11.309603352209487,-0.0075554443,550000,54,0.22899985313415527,917.7993144989014,0.024960041046142578,-0.0060321046,2.350288152694702,100,4.763256404938925,16.374567985534668,7.809481171021255,16.12060809135437,-0.5085780493323031,13.530607223510742,-0.7918354652739795
-10.860938109422882,-0.00911499,560000,55,0.23000049591064453,934.166172504425,0.023000240325927734,-0.004908789,2.295422315597534,100,4.715592120648349,16.35485816001892,7.765395280064295,16.10185742378235,-0.05104495898092143,13.549035787582397,-0.09440716108480098
-8.114789109868283,-0.0010994629,570000,56,0.23600077629089355,950.5861430168152,0.017995595932006836,-0.0013888916,2.431580066680908,100,4.668552593603663,16.407970428466797,7.655134105426331,16.152973175048828,-0.07825595313644257,13.465436458587646,-0.17714222621420944
-8.934709987204153,-0.010660669,580000,57,0.22999787330627441,966.9640817642212,0.021972179412841797,-0.0071077147,2.434936285018921,100,4.593322482079701,16.365938663482666,7.5756433050708605,16.112968921661377,0.2460804531008198,13.419569730758667,0.34203194473916476
-7.649111866603736,-0.0044884277,590000,58,0.22500109672546387,983.2600753307343,0.015996932983398438,-0.003739917,2.404505968093872,100,4.46572726413695,16.283995389938354,7.218200400102247,16.04199719429016,0.666240589475357,13.40177583694458,0.9852408132873636
-6.966469644771428,-0.0111904545,600000,59,0.23400092124938965,999.6620700359344,0.016998767852783203,-0.011449707,2.488804817199707,100,4.413932912505411,16.389994859695435,7.485025720392062,16.13899517059326,-0.3056801383181434,13.427306652069092,-0.5161443341221347
-10.09503892163887,-0.01069397,610000,60,0.22899985313415527,1016.0160655975342,0.02197098731994629,-0.0095148925,2.460294485092163,100,4.783028510763461,16.34199595451355,8.19317453709776,16.09102511405945,0.35058945022927107,13.33425760269165,0.4952571834808958
-8.353616532450548,-0.0074245604,620000,61,0.23096823692321777,1032.2835488319397,0.017030715942382812,-0.0072449953,2.3395376205444336,100,4.5718445118878375,16.254483699798584,8.273646995660368,16.006484746932983,-0.24204646238490285,13.420310020446777,-0.4167635629595617
-8.752166098656541,-0.0074250246,630000,62,0.2349996566772461,1048.5385429859161,0.016997337341308594,-0.0032835938,2.4199068546295166,100,4.732716803434167,16.24299454689026,7.956644058490549,15.990997552871704,0.18122077368880996,13.306065797805786,0.22722717373999035
-7.689151074109796,-0.0028682617,640000,63,0.23000025749206543,1064.8525397777557,0.01796889305114746,0.0019730714,2.369560718536377,100,4.49704387751738,16.3019962310791,7.633746630105904,16.05402708053589,0.1365119832485363,13.43686318397522,0.15072509359824005
-10.448948324959144,-0.012062011,650000,64,0.22900009155273438,1081.094533920288,0.02299952507019043,-0.008049853,2.3075671195983887,100,4.712471922724825,16.22999596595764,7.516976449594222,15.97599720954895,-0.37494114289523567,13.4056715965271,-0.5833601411053987
-8.81343411195944,-0.010418653,660000,65,0.22899794578552246,1097.2897605895996,0.017000675201416016,-0.0027972045,2.337404489517212,100,4.959736372763911,16.183225870132446,8.394803611136096,15.937227249145508,-0.15601804066208078,13.355608224868774,-0.21936067143875718
-7.5155559317715825,-0.009715417,670000,66,0.24400067329406738,1113.6025989055634,0.021953821182250977,-0.006092944,2.41005539894104,100,4.464970172195149,16.300838708877563,8.23252957827929,16.03387141227722,-0.0384743267249596,13.368247270584106,-0.11532301636777642
-10.38924134523384,-0.0011439697,680000,67,0.22999978065490723,1129.941333770752,0.016971111297607422,0.005288208,2.398494005203247,100,4.63267799349446,16.32673406600952,7.912816273098273,16.07776403427124,0.04761673015285112,13.426926136016846,0.03769313637985321
-6.946853039185146,0.0060886964,690000,68,0.22899723052978516,1146.210860967636,0.02200007438659668,0.009973389,2.408360242843628,100,4.733586629399853,16.2575261592865,7.825364825109293,16.006528854370117,0.668194810085973,13.341820478439331,0.9760761181546747
-9.366222137280197,-0.024664478,700000,69,0.23800086975097656,1162.5808539390564,0.016974210739135742,-0.0126264645,2.271916151046753,100,4.617373486116817,16.35799264907837,7.74926018670604,16.10002875328064,0.13519103645592875,13.569443702697754,0.18550929989173043
-10.857065912515715,-0.021923779,710000,70,0.22999954223632812,1178.8778479099274,0.01699686050415039,-0.017797485,2.4410884380340576,100,4.998656396797113,16.284992218017578,8.270132099240927,16.0379958152771,-0.4726180671387585,13.354993104934692,-0.7377440378667849
-9.831012372072394,-0.0065328856,720000,71,0.24199938774108887,1195.2452840805054,0.023000240325927734,-0.0023409913,2.4679689407348633,100,4.636694367491015,16.355435132980347,7.584449346017919,16.09043550491333,0.05472799111265844,13.344776391983032,0.05493632361762746
-8.337045127165776,-0.0034515625,730000,72,0.23299884796142578,1211.6694996356964,0.023999691009521484,0.00158125,2.4786829948425293,100,4.510211518557922,16.412216424942017,7.975344605427915,16.15521788597107,-0.06247559460218774,13.432486295700073,-0.11859714822274403
-10.26941131273334,-0.01239873,740000,73,0.23599815368652344,1228.043309211731,0.024000883102416992,-0.0037365968,2.44338059425354,100,4.917213530314368,16.360808849334717,7.401405242376655,16.099810123443604,-0.24449321120200693,13.423170804977417,-0.38836814309112144
-8.947109432356623,0.0031927002,750000,74,0.22800111770629883,1244.4163885116577,0.015985965728759766,0.014609521,2.3818280696868896,100,4.883530139030289,16.361079216003418,8.562025343891602,16.11609196662903,0.13416575945670575,13.460947036743164,0.17401775671153666
-7.6855626191837265,-0.036581494,760000,75,0.22899794578552246,1260.8012957572937,0.017000675201416016,-0.012916137,2.3298561573028564,100,4.502585193323635,16.372908115386963,8.32165872199238,16.125908851623535,0.20658766662857783,13.533031225204468,0.2757721199405663
-9.96756526654172,-0.009353686,770000,76,0.2259981632232666,1277.171241760254,0.017967700958251953,-0.0076510496,2.41717791557312,100,4.852446017801129,16.357945203781128,8.036222227514932,16.112977743148804,0.34658670204720415,13.459803104400635,0.4962642846121427
-9.255938401445993,0.0065174927,780000,77,0.23200011253356934,1293.3812363147736,0.01696944236755371,0.015173694,2.4266703128814697,100,4.8213253924941055,16.197993516921997,8.032469460961844,15.948025941848755,-0.0018830823036845468,13.281613826751709,-0.054413229073159854
-9.807656593209973,0.0029210693,790000,78,0.23699951171875,1309.5752303600311,0.01896953582763672,0.023100976,2.4402990341186523,100,4.832722298191053,16.17599368095398,7.798545248790805,15.920024633407593,0.7708754691374058,13.23598575592041,1.1189894958721995
-8.93772232808061,-0.060808714,800000,79,0.23099994659423828,1325.8552241325378,0.015998363494873047,-0.008238391,2.4252586364746094,100,4.516684796206383,16.266995906829834,7.927177741376914,16.019997596740723,0.029086254422031242,13.354672193527222,0.010266934152760364
-11.000189305037715,-0.08945186,810000,80,0.22899937629699707,1342.1502568721771,0.016961097717285156,-0.010902075,2.278609037399292,100,4.662858754792699,16.283035278320312,7.54253037382379,16.03707480430603,0.20011909999206168,13.516109228134155,0.28748024147231466
-10.78837671969154,-0.036215797,820000,81,0.23799967765808105,1358.31725025177,0.019965648651123047,-0.0064568724,2.3162155151367188,100,4.72059439168366,16.15499520301819,7.3589020747849405,15.895029544830322,-0.8142525726275609,13.316345930099487,-1.227211554679427
-8.02843922925581,-0.0073049804,830000,82,0.2279980182647705,1374.724779367447,0.016969680786132812,-0.0033450073,2.310532331466675,100,4.402966945895884,16.395529985427856,7.647566475298971,16.150562286376953,-0.24453144510779687,13.54113221168518,-0.4059419799303929
-10.25683824782464,-0.0040195314,840000,83,0.23099851608276367,1391.0715517997742,0.01599740982055664,0.0015966309,2.442146062850952,100,4.740322379784545,16.334773063659668,7.89078564684405,16.087777137756348,-0.01142122970570246,13.400205135345459,-0.047675695700457474
-8.76863169624626,-0.0035524415,850000,84,0.2279973030090332,1407.2705454826355,0.01999974250793457,-0.005440332,2.41495418548584,100,4.317742397803672,16.1859929561615,7.592615873634807,15.937995910644531,0.2705067537154769,13.270572662353516,0.37205072986015153
-7.8338607414736146,0.0063010496,860000,85,0.23299908638000488,1423.5455389022827,0.01799941062927246,0.0129536865,2.4901540279388428,100,4.264236457551533,16.26299285888672,7.19261910630339,16.01199436187744,-0.38791580165684386,13.282169580459595,-0.6304914415599159
-7.2797712603143125,-0.0035046875,870000,86,0.23099899291992188,1439.7515320777893,0.01694941520690918,-0.0034617677,2.4491069316864014,100,4.441873482813362,16.193994283676147,7.300779288180394,15.946045875549316,-0.19690161437587161,13.24084758758545,-0.3416554465325757
-10.6712805892016,-0.013649048,880000,87,0.22900176048278809,1456.0362038612366,0.016997098922729492,-0.0068377075,2.4045088291168213,100,4.738682258693808,16.271672010421753,7.99936271915656,16.025673151016235,-0.28489809524982546,13.368731498718262,-0.4433411395009752
-7.335914775342352,-0.027633544,890000,88,0.23999834060668945,1472.2931969165802,0.018971681594848633,-0.022608668,2.4338810443878174,100,4.288929757894355,16.24499225616455,7.1758831195819655,15.986022233963013,0.1733144670976897,13.289762496948242,0.21061047965070337
-9.36748582117286,-0.021606714,900000,89,0.23600220680236816,1488.6541001796722,0.02399754524230957,-0.022477563,2.474025011062622,100,4.341341448517137,16.348902940750122,8.193961274962165,16.086904287338257,-0.2118477034857407,13.349872350692749,-0.37563071761416067
-11.02982805870408,-0.020361353,910000,90,0.22600007057189941,1505.017076253891,0.02396869659423828,-0.007775818,2.3757758140563965,100,5.065829640556544,16.35097646713257,7.848898730358829,16.10100769996643,-0.1391528530132687,13.467322826385498,-0.22450126773308818
-11.412641743027116,-0.0061615966,920000,91,0.22699856758117676,1521.1750378608704,0.020949125289916992,-0.008124573,2.2341558933258057,100,4.812960127326102,16.145963191986084,7.9266533682734766,15.897013664245605,-0.05746694529602519,13.401273727416992,-0.0834013488952748
-8.163100800350726,0.0020057128,930000,92,0.22999787330627441,1537.3693976402283,0.019001007080078125,0.004079834,2.3842737674713135,100,4.51896452068991,16.182361602783203,7.92485388826714,15.932362079620361,0.2005450672978578,13.293898582458496,0.2608304385016973
-8.81900639858412,-0.016709387,940000,93,0.23599886894226074,1553.7599296569824,0.021965980529785156,-0.01015116,2.3504908084869385,100,4.5153704801475625,16.374531030654907,8.215691361596063,16.11556649208069,-0.6823028180651043,13.486231327056885,-1.0656454568100153
-10.477937354434452,-0.01309071,950000,94,0.22799921035766602,1569.97984623909,0.024967670440673828,-0.0100117065,2.2250618934631348,100,4.689783159996571,16.20791792869568,7.670896027540274,15.954951047897339,-0.069578857926896,13.483129262924194,-0.12141495665610974
-9.060277034259082,-0.025547301,960000,95,0.23099851608276367,1586.2517619132996,0.016998767852783203,-0.022130908,2.422905206680298,100,4.77211639231972,16.258915424346924,7.432626644817621,16.010918140411377,0.03858827553464614,13.366085529327393,0.026936617063922058
-10.367035911219178,-0.023582606,970000,96,0.23199987411499023,1602.5006585121155,0.019999027252197266,-0.018703125,2.418297529220581,100,4.455188633654924,16.23689579963684,7.9571038088123025,15.984896898269653,0.09332145732692107,13.30365252494812,0.11392879110021323
-10.46017014689195,-0.012988452,980000,97,0.22500038146972656,1618.6916539669037,0.02099752426147461,-0.0070437132,2.2685389518737793,100,4.646337393270329,16.178995609283447,7.654272264471841,15.931997776031494,0.2522766711351463,13.416898012161255,0.3415825047920247
-9.527208873583444,-0.016053906,990000,98,0.23099660873413086,1635.0795052051544,0.016968488693237305,-0.012323255,2.40413761138916,100,4.401480001143099,16.375853061676025,8.06585308143404,16.127887964248657,0.42709311277529044,13.472979545593262,0.5956538986834204
-8.689296021322612,-0.015267066,1000000,99,0.22899651527404785,1651.2954227924347,0.01897597312927246,-0.01148916,2.2817678451538086,100,4.7693235112383645,16.203917980194092,8.01387888564894,15.95494556427002,0.30007123057266205,13.420767545700073,0.42823462428228143
-7.699919461091051,-0.019008813,1010000,100,0.23399853706359863,1667.5043416023254,0.01600050926208496,-0.018018091,2.2822632789611816,100,4.21705963162588,16.196918725967407,7.19185531730299,15.946919679641724,-0.07215664299566354,13.42483377456665,-0.13793798056865808
-6.818180523943485,-0.01039397,1020000,101,0.2369987964630127,1683.8190875053406,0.023995399475097656,-0.0096052,2.414644479751587,100,4.435705365385964,16.3017475605011,7.563738776592205,16.04075336456299,-0.21414751685545266,13.38491415977478,-0.3834592431135718
-8.732612100598399,0.015936695,1030000,102,0.23596644401550293,1700.0640046596527,0.0190277099609375,0.019549048,2.4566705226898193,100,4.393625871369846,16.232914447784424,7.897130847624701,15.977920293807983,-0.3064782120911647,13.276625871658325,-0.4848981585936903
-11.844016361034589,3.3361815e-05,1040000,103,0.23299694061279297,1716.4483382701874,0.019968032836914062,-8.894043e-05,2.4665942192077637,100,4.986752483360848,16.37233257293701,7.875685267656962,16.11836576461792,-0.6197835476842107,13.376326560974121,-0.929485236677835
-7.665904500056716,0.0119305905,1050000,104,0.2279977798461914,1732.8862540721893,0.016965627670288086,0.01370022,2.4344263076782227,100,4.407639886206373,16.42591667175293,7.762829223855373,16.17995309829712,0.45678366528006054,13.494526863098145,0.6148462314487066
-7.95661500833238,-0.024345275,1060000,105,0.227996826171875,1748.9581730365753,0.017974376678466797,-0.01777202,2.369570732116699,100,4.566487144246611,16.059918880462646,7.87158847019422,15.812945365905762,0.3646125703021794,13.190652847290039,0.50866162805803
-9.068146647702378,0.0031652588,1070000,106,0.2279984951019287,1765.2330894470215,0.01599860191345215,0.0050622313,2.3772435188293457,100,4.78555277013076,16.262917280197144,7.717825036672687,16.018920183181763,0.15660559077058248,13.397011518478394,0.21513329884561813
-9.670871315585696,-0.0041936277,1080000,107,0.2509634494781494,1781.5612139701843,0.016035795211791992,8.721924e-05,2.372589588165283,100,4.880243237598,16.31612515449524,7.566979795159753,16.049125909805298,-0.2498094998900697,13.430830717086792,-0.4095824662295319
-10.036909707762046,-0.0039621093,1090000,108,0.22899770736694336,1797.8578748703003,0.018999338150024414,-0.0030145263,2.2794511318206787,100,4.570618772575178,16.28366208076477,7.689285791710237,16.035665035247803,0.6249621488421386,13.511587381362915,0.8997949698332903
-9.269666101304812,-0.0080626225,1100000,109,0.24399948120117188,1814.103623867035,0.023000001907348633,0.0049038087,2.3582816123962402,100,4.799616777324014,16.232749700546265,7.708290328120407,15.964751243591309,0.07622682737068559,13.349853754043579,0.08880494016308031
-11.002450233527949,-0.0050900513,1110000,110,0.22700023651123047,1830.281541109085,0.01596975326538086,0.0100009395,2.3696579933166504,100,4.7802586600874735,16.16591739654541,8.579023434345533,15.922947406768799,0.47840174711602723,13.295994758605957,0.6864829834863936
-8.277447324822013,0.0015372558,1120000,111,0.2349996566772461,1846.5774822235107,0.02396678924560547,0.0075270263,2.411792516708374,100,4.5340388789255295,16.2839412689209,8.861475990857395,16.024974822998047,-0.6416947360589063,13.370949268341064,-1.0076640939953247
-8.984992739342495,-0.006412781,1130000,112,0.22699689865112305,1862.8284013271332,0.020000934600830078,-0.008437549,2.4424781799316406,100,4.807957211127761,16.238919496536255,8.865521276099626,15.991921663284302,0.26725171600454717,13.300642013549805,0.3936152012073086
-8.35523457883857,-0.01020542,1140000,113,0.22896695137023926,1879.089322566986,0.024027585983276367,-0.008614325,2.4258201122283936,100,4.595338262422936,16.24892020225525,8.54973765031578,15.995925664901733,0.9134173876199515,13.309634923934937,1.3390729093063225
-7.735707062739012,0.005960132,1150000,114,0.23399877548217773,1895.5388534069061,0.016996383666992188,0.008815552,2.409214496612549,100,4.556718064821984,16.437530994415283,8.164366983233226,16.186535835266113,-0.03690813876991573,13.481268882751465,-0.09272410000979944
-8.9535568440542,-0.003300891,1160000,115,0.22799897193908691,1911.9916253089905,0.020997285842895508,0.0042678835,2.4149510860443115,100,4.18726020924614,16.44077181816101,7.244379641124449,16.19177556037903,-0.3596655191030335,13.514136552810669,-0.5845969511096076
-9.194441936720796,-0.0014751831,1170000,116,0.22696685791015625,1928.2435464859009,0.023003578186035156,-0.0005800293,2.3509087562561035,100,4.602963380950909,16.23992133140564,7.5783333728987605,15.988925695419312,-0.18347088581876875,13.38565182685852,-0.305079768740259
-10.051021347850934,0.009415308,1180000,117,0.23599672317504883,1944.5972051620483,0.01796412467956543,0.008541956,2.4739601612091064,100,4.752134579237995,16.34165859222412,8.059728765896411,16.087697744369507,-0.11342439929944653,13.370728015899658,-0.1989625343342809
-9.273816328737176,-0.00024901124,1190000,118,0.22896742820739746,1960.9487767219543,0.015997886657714844,0.0010206421,2.3422093391418457,100,4.512031140255018,16.339571952819824,7.485790192881988,16.09260869026184,0.07936090691693,13.4980309009552,0.07840157551297114
-10.09122244398913,0.016423523,1200000,119,0.23099732398986816,1977.1895999908447,0.01697516441345215,0.02060526,2.4371986389160156,100,4.781873875017408,16.2288236618042,7.464371281405516,15.980851173400879,-0.08526989518595396,13.31118631362915,-0.15691417575207633
-8.376258912605637,0.008388715,1210000,120,0.23200058937072754,1993.4378414154053,0.015998125076293945,0.012276893,2.3421990871429443,100,4.526138696559699,16.236241579055786,7.388054011721161,15.988242864608765,-0.05409883822262057,13.397955417633057,-0.13247834366274114
-7.479409330060585,-0.004478125,1220000,121,0.23099994659423828,2009.881085395813,0.01896500587463379,0.008682776,2.398859977722168,100,4.610268871560068,16.431243896484375,7.819322885573582,16.18027901649475,0.4423056987435028,13.532696723937988,0.6255112531329559
-9.909280577721637,0.0040245606,1230000,122,0.24400115013122559,2026.9036784172058,0.016994953155517578,0.003717334,2.47013521194458,100,5.043444065433069,17.010594129562378,7.561313731691267,16.748597145080566,-0.08495522952412063,14.00926423072815,-0.1521495016093764
-10.582946242351452,0.009430652,1240000,123,0.23799824714660645,2043.362596988678,0.023029327392578125,0.010031079,2.437411308288574,100,4.3319050004372075,16.446920156478882,7.859060384871422,16.18392062187195,0.4966657104431643,13.501334190368652,0.7347267082476737
-10.937266513706037,-0.008950122,1250000,124,0.23999834060668945,2060.396513938904,0.02299785614013672,-0.00461969,2.513465642929077,100,4.866306979126002,17.02191686630249,7.929578988936923,16.756919145584106,-0.029134165796166515,14.000839948654175,-0.051102500604595175
-8.566570680731935,-0.01205387,1260000,125,0.23899555206298828,2077.478428840637,0.020975351333618164,-0.0023740479,2.5396080017089844,100,4.775929222347663,17.068915128707886,8.447498777431912,16.80894422531128,0.2358917063254064,13.964879035949707,0.30719583216901525
-9.689973571382856,0.004283594,1270000,126,0.2279958724975586,2094.190346956253,0.0169985294342041,0.006895105,2.487602710723877,100,4.598837879871382,16.699915885925293,7.516384387390262,16.453922271728516,0.42712124745317737,13.731099843978882,0.6068510597858473
-9.956834925355027,-0.0044751037,1280000,127,0.23699593544006348,2110.55926656723,0.017000436782836914,-0.0034002075,2.3920845985412598,100,4.64416049392634,16.35692000389099,7.916886480132258,16.101921319961548,-0.1627471097668202,13.45356559753418,-0.2701626832106587
-10.45726253857087,0.0024763183,1290000,128,0.2259986400604248,2126.8511877059937,0.015997648239135742,0.009547485,2.452404260635376,100,5.021048618388633,16.2789204120636,7.997430980397566,16.03592324256897,0.16912419274317247,13.320374727249146,0.2375792492494443
-9.23161720157931,-0.007612451,1300000,129,0.22800016403198242,2143.181243658066,0.015997648239135742,0.0010763305,2.286602735519409,100,4.706843332851715,16.318055391311646,7.648508741810545,16.073057174682617,0.4846832228170292,13.547772884368896,0.6941540066949825
-9.903793859539858,-0.0124901,1310000,130,0.22499752044677734,2159.3789160251617,0.02399730682373047,-0.014096313,2.2918365001678467,100,4.686856520816211,16.184672594070435,7.699393243946324,15.935677766799927,-0.10904182874568148,13.412498712539673,-0.17805706167091162
-9.432873624353626,0.0018254516,1320000,131,0.23499679565429688,2175.6304562091827,0.016997337341308594,0.00198125,2.364279270172119,100,4.5688084108046265,16.238539934158325,7.420087150119087,15.98654580116272,-0.1283010208272639,13.383299827575684,-0.21931448140183246
-10.65906351686174,0.005537744,1330000,132,0.23499822616577148,2192.000377178192,0.016968250274658203,0.010107617,2.343977689743042,100,4.376356550035467,16.357921361923218,7.843802079796342,16.10495376586914,-0.009753853481204713,13.499493837356567,-0.05457024347225374
-9.753129663819779,-0.00784524,1340000,133,0.22699713706970215,2208.225299835205,0.018972158432006836,-0.0025022705,2.3382058143615723,100,4.663361525375155,16.2129225730896,8.759621486929191,15.965951442718506,-0.43166260266645734,13.396994829177856,-0.6749884261841514
-10.689406635554885,-0.0054509523,1350000,134,0.23199796676635742,2224.5362300872803,0.016968965530395508,-0.0012097046,2.224522113800049,100,4.615408366276849,16.298929452896118,7.957730646346208,16.049962520599365,-0.046026840630347544,13.58136773109436,-0.08150219174781256
-9.714678190171522,-0.01813833,1360000,135,0.23199892044067383,2240.9135768413544,0.019997596740722656,-0.011301208,2.3317959308624268,100,4.790305728435579,16.365346670150757,7.832930876554366,16.112350702285767,0.39354614415906347,13.51122236251831,0.5631537177248024
-8.89518052706733,-0.003129187,1370000,136,0.22700023651123047,2257.2153520584106,0.016968727111816406,-0.0005854004,2.433405637741089,100,4.383164533349685,16.288774490356445,7.983977938628724,16.043806076049805,-0.0042767081792447455,13.327908039093018,-0.05261384202032764
-9.350360587732546,-0.00031922606,1380000,137,0.22900104522705078,2273.497391462326,0.019997358322143555,0.0042476687,2.389639139175415,100,4.720411415776566,16.270039319992065,7.591030894986071,16.019076585769653,0.056846737839524805,13.364399671554565,0.0533461856901873
-11.842774744564684,-0.009489136,1390000,138,0.22896575927734375,2289.804201364517,0.01900196075439453,-0.007232959,2.425868272781372,100,4.918305146660814,16.293811321258545,8.060552097208667,16.045843601226807,-0.13193161534937659,13.381478786468506,-0.23491527004767399
-8.599944984947367,0.0046192384,1400000,139,0.23499679565429688,2306.056123495102,0.01700139045715332,0.0055269897,2.398451805114746,100,4.503772955044566,16.238922595977783,7.93780893446261,15.986924409866333,-0.2271473919545514,13.334717512130737,-0.39002750498595334
-9.785702789224592,-0.0053898436,1410000,140,0.23299813270568848,2322.3892068862915,0.022968769073486328,0.0012108886,2.395440101623535,100,4.600028268815717,16.32108426094055,7.188423979929169,16.065117359161377,-0.7205034660998179,13.419627904891968,-1.1044704544784176
-8.49367979228329,0.01045658,1420000,141,0.2499985694885254,2338.6641290187836,0.01799774169921875,0.009866248,2.293811798095703,100,4.33028586217077,16.262922286987305,7.573884189668051,15.99392580986023,-0.12815096432728773,13.443557500839233,-0.22084670750845617
-7.497330267531586,-0.004254541,1430000,142,0.29700326919555664,2354.8840548992157,0.016971349716186523,-0.0026449708,2.273693799972534,100,4.548011641945047,16.20792555809021,8.252429208306975,15.892951726913452,0.17125612440286686,13.366563320159912,0.21546766648387
-7.967774927436396,-0.0039567994,1440000,143,0.23999857902526855,2371.13197350502,0.02400064468383789,0.0014401001,2.2984607219696045,100,4.511881096109857,16.23092293739319,8.044158130628965,15.963920831680298,0.3370267602774064,13.412370443344116,0.4465046525615778
-9.876558442881429,-0.028430982,1450000,144,0.2429962158203125,2387.5406591892242,0.01799917221069336,-0.013424042,2.4687414169311523,100,4.626972289847602,16.396686553955078,8.157192622248427,16.135691165924072,0.2179451326666321,13.412987470626831,0.3032722809133405
-6.947198977812842,-0.012137183,1460000,145,0.24500036239624023,2403.999386548996,0.019998788833618164,-0.0011470948,2.456259250640869,100,4.5479844773899485,16.44672727584839,7.509606625592838,16.180728435516357,0.3125535733818515,13.483411312103271,0.4255217130956184
-10.296115874292116,-0.028656604,1470000,146,0.24299931526184082,2420.4980812072754,0.016962051391601562,-0.007578809,2.4977657794952393,100,4.834600961044938,16.486695528030396,8.359409313739521,16.226734161376953,0.21476670202934353,13.480868816375732,0.2905738225548242
-9.82643130557496,-0.035764564,1480000,147,0.24900054931640625,2436.8406467437744,0.02199697494506836,-0.026701197,2.3163912296295166,100,4.811230656331576,16.33056616783142,7.791372030882262,16.059568643569946,-0.030357805960380027,13.450660705566406,-0.08320801436869843
-10.466195236339361,-0.010387866,1490000,148,0.2480010986328125,2453.2222471237183,0.023998737335205078,-0.0024257936,2.353243112564087,100,4.89111099913798,16.36960005760193,7.902322235349386,16.096601486206055,0.4034446040037125,13.50215458869934,0.5572900812326941
-9.280723060568626,0.009020502,1500000,149,0.2480006217956543,2469.891622543335,0.02499842643737793,0.013009497,2.400864362716675,100,4.467564173329661,16.657375812530518,8.054492105668531,16.384376764297485,0.37812375914138147,13.719964027404785,0.5206926615685928
-7.592723119089418,-0.033600286,1510000,150,0.24399876594543457,2486.0965526103973,0.01697564125061035,-0.032449994,2.259098768234253,100,4.542589828545506,16.19293212890625,7.884791832967149,15.929959774017334,-0.08345625183840377,13.429600477218628,-0.17063094411415708
-9.97030329971264,0.004337134,1520000,151,0.24599838256835938,2502.4464774131775,0.017998933792114258,0.004971814,2.3302807807922363,100,4.532814585183879,16.33692502975464,8.008650940860154,16.071927785873413,-0.5425122702329207,13.489290952682495,-0.8575413925988351
-9.491491691503988,-0.017143574,1530000,152,0.24299836158752441,2518.673402786255,0.01899886131286621,-0.0069253724,2.3293704986572266,100,4.847734252073678,16.21492600440979,7.668292427725053,15.95093035697937,0.16349414358513056,13.375205516815186,0.19525447328321083
-7.671498903699887,-0.00514718,1540000,153,0.24599885940551758,2534.942950487137,0.020999431610107422,-0.0022283355,2.301872491836548,100,4.360474316694127,16.257547855377197,8.181678073104708,15.989549398422241,0.4825382226178527,13.438120365142822,0.6718222563084656
-8.28814314157765,0.023487793,1550000,154,0.24899721145629883,2551.3378744125366,0.020966053009033203,0.02453617,2.2941126823425293,100,4.325291032837152,16.38192343711853,7.927464853406587,16.1119601726532,0.27985937269766387,13.567237138748169,0.35908206540934723
-7.303361183598341,-0.0072780764,1560000,155,0.24696683883666992,2567.5938005447388,0.01999974250793457,-0.0031595947,2.343416452407837,100,4.62755159187827,16.24392533302307,7.807583211449682,15.976958751678467,0.5923399294022564,13.368369817733765,0.8345806126372969
-7.242290044640686,-0.0029577515,1570000,156,0.25099873542785645,2583.946635246277,0.017966747283935547,0.0010536865,2.3280043601989746,100,4.074024282457666,16.3408362865448,8.218040562857034,16.069869995117188,-0.0632536422825069,13.479549169540405,-0.1400884948042187
-7.772892710709324,0.0010024109,1580000,157,0.24799895286560059,2600.2172660827637,0.022998332977294922,0.0033943541,2.3333818912506104,100,4.801309915140529,16.258630990982056,7.902545702637633,15.98763370513916,0.13481480075544752,13.412290573120117,0.139564822054317
-8.956887445718891,-0.0017840638,1590000,158,0.24899673461914062,2616.5998392105103,0.015999794006347656,0.0012140869,2.2717294692993164,100,4.556810342563894,16.370572328567505,8.200295215649804,16.104576587677002,0.5869808971406054,13.544923782348633,0.8211925221726524
-7.922856061304094,0.008446509,1600000,159,0.2499992847442627,2632.844593524933,0.015980958938598633,0.008641315,2.4146859645843506,100,4.671610856016652,16.232754707336426,7.796853474528485,15.965786457061768,0.3182593522022959,13.322929859161377,0.42676085161491584
-10.393708333611931,0.0065150755,1610000,160,0.25096583366394043,2649.1573383808136,0.0169980525970459,0.009003876,2.234027862548828,100,4.648279126568264,16.299746990203857,7.800693992993723,16.03178310394287,0.39518626680603675,13.55116605758667,0.5507795915744131
-8.251437011992172,0.00916084,1620000,161,0.2599961757659912,2665.516364097595,0.02200031280517578,0.015936438,2.4066762924194336,100,4.7083923896063,16.34702754020691,7.88590732984434,16.06305503845215,0.22896116901147656,13.420876264572144,0.291815327608141
-9.59149674487497,-0.00516884,1630000,162,0.24199748039245605,2682.3922724723816,0.016000986099243164,0.005903697,2.399031400680542,100,4.674752242641297,16.857908010482788,8.602423030301432,16.598939418792725,0.017475620882959585,13.949406147003174,-0.029778942711048976
-7.482378855986531,-0.0017216919,1640000,163,0.24699997901916504,2699.4138050079346,0.015998125076293945,-0.002900882,2.46985125541687,100,4.48355755420126,17.00953435897827,7.8863412781744175,16.744534730911255,0.2795073672339757,14.02748417854309,0.3649906910507647
-7.406400986563434,0.008921576,1650000,164,0.24700021743774414,2715.8453946113586,0.019999265670776367,0.010882031,2.2708585262298584,100,4.749748579702859,16.419589519500732,8.213023279390523,16.15159010887146,-0.09092752950948929,13.636096477508545,-0.20167771777378793
-9.487262483284088,0.00017274781,1660000,165,0.31599926948547363,2732.771881341934,0.02096867561340332,0.0022934081,2.456023693084717,100,4.344239289654342,16.914487838745117,7.663435594457942,16.57751989364624,-0.3835080731887419,13.863805055618286,-0.6493089139115412
-11.268660177212539,-0.035478063,1670000,166,0.24699783325195312,2749.678805589676,0.015965938568115234,-0.032787304,2.449432849884033,100,4.3582032645674955,16.89492416381836,7.9185894324683614,16.63095760345459,-0.021568367995014624,13.936257600784302,-0.07200566401822531
-8.69604277296793,-0.020139318,1680000,167,0.2539982795715332,2766.6124742031097,0.019001007080078125,-0.016177729,2.449092149734497,100,4.523262451935712,16.92166829109192,7.764422071283679,16.64667010307312,-0.08415292992534393,13.937057971954346,-0.18294924900762435
-8.097195439331577,-0.0009839416,1690000,168,0.24399590492248535,2783.5347304344177,0.01699972152709961,-0.0006965332,2.460087537765503,100,4.319625942484928,16.9102566242218,6.951316548868534,16.649260997772217,0.5136094682656533,13.941869735717773,0.7185240952116478
-7.427137192629845,0.0004213867,1700000,169,0.24699735641479492,2800.558384180069,0.01599860191345215,0.00041607665,2.452083110809326,100,4.446617900132233,17.010653972625732,7.52194683491247,16.745688676834106,0.10000475899368044,13.996379613876343,0.10362167389539856
-6.972081916910753,0.03588344,1710000,170,0.2469959259033203,2817.4102942943573,0.01700115203857422,0.03613838,2.4264795780181885,100,4.583213843509982,16.84091019630432,7.478480331378138,16.574913263320923,-0.12299403535041677,13.888350009918213,-0.24186928979809197
-8.69290738693144,-0.013885132,1720000,171,0.24499726295471191,2833.796761751175,0.016968965530395508,-0.0032191407,2.4336869716644287,100,4.387821397200148,16.37446641921997,7.986018960051949,16.111510276794434,0.3929354938790366,13.42577052116394,0.5328331037377333
-8.07916592712279,0.0050037047,1730000,172,0.24700045585632324,2850.7703261375427,0.017997264862060547,0.0029207459,2.4049506187438965,100,4.313949959051124,16.96056318283081,8.455285276279401,16.695565462112427,0.6825143413896538,14.023557901382446,0.98358266601495
-10.758536895648165,0.0133655025,1740000,173,0.24799513816833496,2867.596554040909,0.021962642669677734,0.015237189,2.369269847869873,100,4.016527574435829,16.814228534698486,7.441112085807017,16.543270587921143,-0.02760013679390358,13.933244466781616,-0.09169785512185614
-7.833861335644241,0.007175415,1750000,174,0.24899840354919434,2884.336438179016,0.016967058181762695,0.008415332,2.4089434146881104,100,4.596309587782458,16.727885007858276,7.642687733583649,16.46091866493225,0.04685555625869862,13.792675495147705,0.0009750900691240982
-7.9476968040431695,-0.001708368,1760000,175,0.2499983310699463,2901.4483466148376,0.02396702766418457,0.003498169,2.4646248817443848,100,4.631149300803014,17.09990644454956,8.021551260124134,16.82594108581543,0.17819232330894685,14.101282119750977,0.2140059897687717
-7.796054742813609,-0.026103614,1770000,176,0.24399733543395996,2918.256417989731,0.01900172233581543,-0.0011978821,2.5122292041778564,100,4.341988155605481,16.796070098876953,7.421686864211294,16.532071113586426,0.3941785630145846,13.771113634109497,0.5465683307579028
-7.445157873088518,-0.020495266,1780000,177,0.2539956569671631,2934.616843700409,0.01900172233581543,-0.015246133,2.333240032196045,100,4.549503033553862,16.348426342010498,7.982706832248355,16.07542896270752,0.540902775136417,13.517574787139893,0.7476456016361013
-7.705652042476263,0.006876941,1790000,178,0.24599623680114746,2951.4699959754944,0.022969722747802734,0.009653381,2.4920542240142822,100,4.711888362569883,16.841150522232056,7.316472119058954,16.572184562683105,0.15074271826819935,13.829860210418701,0.159213629871886
-7.254210872031782,-0.0027081543,1800000,179,0.28296375274658203,2967.9998462200165,0.016968488693237305,-0.0035710328,2.5113730430603027,100,4.433449697749289,16.517849922180176,7.66830549656671,16.216883897781372,0.15855289598293704,13.460499048233032,0.19896428048551257
-8.836073544674173,0.0021717895,1810000,180,0.24696755409240723,2984.3917508125305,0.017031431198120117,0.004257599,2.4314839839935303,100,4.5305183317647515,16.379905223846436,7.4798923563439,16.115906238555908,0.4525899765830596,13.384830474853516,0.6598108207623429
-8.882860359234334,0.009366729,1820000,181,0.24799823760986328,3001.452001094818,0.021964550018310547,0.008897998,2.4370229244232178,100,4.471833038376106,17.04825186729431,8.2499001891687,16.777289628982544,0.26919737864768917,14.064932107925415,0.3439566937340532
-8.169423306567888,-0.009296802,1830000,182,0.24799060821533203,3018.20011305809,0.021001815795898438,-0.008403046,2.363490581512451,100,4.373433565417284,16.735109329223633,8.308044964948705,16.46510934829712,-0.3689181565927069,13.852346420288086,-0.6146020796415244
-8.96072005490702,0.0057340483,1840000,183,0.3620002269744873,3035.1953032016754,0.023997783660888672,0.006052539,2.367851495742798,100,4.74548136302818,16.983192443847656,7.731743490747283,16.596193313598633,0.18441188525793845,13.95484185218811,0.25107433907104487
-9.503027715486983,-0.027153717,1850000,184,0.25299906730651855,3051.7365918159485,0.021966934204101562,-0.00071040343,2.3166615962982178,100,4.855559033962095,16.525289297103882,7.869472731041948,16.24932360649109,0.4320845070336696,13.673572301864624,0.6008612981680153
-10.08313439008461,-0.012066226,1860000,185,0.25299763679504395,3068.2357470989227,0.025000572204589844,-0.015477246,2.441798686981201,100,4.675333409761118,16.487155437469482,7.977756281996,16.207156896591187,0.2662164883124415,13.535957098007202,0.3706609983191379
-7.784812119036931,-0.00031541748,1870000,186,0.24900031089782715,3084.796117067337,0.017997026443481445,0.00011428223,2.4274613857269287,100,4.304661749393947,16.548370361328125,7.980069606324089,16.280373334884644,-0.12042426322344613,13.589778423309326,-0.22976188543814313
-8.060535839166471,0.01322735,1880000,187,0.2570006847381592,3101.3458251953125,0.017998695373535156,0.014446677,2.3266758918762207,100,4.548706716811363,16.537708044052124,8.250357594474405,16.26270866394043,0.12356339638953998,13.69431447982788,0.1316426288941056
-7.016169571136509,-0.0064537474,1890000,188,0.24399805068969727,3118.180155515671,0.019001007080078125,-0.0012791626,2.399341106414795,100,3.919831241441828,16.822331190109253,7.780176687946608,16.558332204818726,0.2389546876997537,13.906862020492554,0.2994775374999529
-8.643377035885917,0.0011973999,1900000,189,0.24799656867980957,3135.171662569046,0.023973464965820312,0.003785083,2.3937220573425293,100,4.701403761594042,16.978507041931152,8.072527650479879,16.705509185791016,0.45640447905486675,14.041133403778076,0.6356554585084906
-7.959669329773878,0.009823658,1910000,190,0.24699759483337402,3151.5395917892456,0.017969369888305664,0.012144086,2.2617132663726807,100,4.604811134097709,16.355929613113403,8.565239236465702,16.089932680130005,0.5361480749820803,13.581591844558716,0.7679261885446089
-10.282127323172585,-0.008708215,1920000,191,0.24799799919128418,3168.062521457672,0.01696920394897461,-0.0061808107,2.3145222663879395,100,4.75959931910337,16.51093029975891,7.916882060736713,16.245963096618652,0.50548723589865,13.621504306793213,0.7193620875929934
-7.738087842765251,0.0169636,1930000,192,0.24399852752685547,3184.6190547943115,0.01699972152709961,0.021320788,2.463732957839966,100,4.405203714313916,16.544533729553223,7.69670421961887,16.282535552978516,0.016650549699284048,13.586366891860962,-0.030196477396964454
-7.270104460093126,-0.0017898926,1940000,193,0.24596738815307617,3201.4620513916016,0.017028331756591797,0.00058948976,2.363293170928955,100,4.685689794371634,16.829997301101685,7.75253772511276,16.566001653671265,0.036868249230993716,13.938342094421387,-0.010630973812142367
-8.557715498730635,0.0037955933,1950000,194,0.2579982280731201,3217.940069437027,0.015963077545166016,0.005713611,2.4312386512756348,100,4.550500255677188,16.466018199920654,7.9308035579411165,16.19105577468872,-0.14283212079797994,13.511897087097168,-0.2671093651453956
-8.378817364262341,-0.012818018,1960000,195,0.2500007152557373,3234.572233915329,0.015967607498168945,-0.004250684,2.336824417114258,100,4.5714094710519415,16.621164560317993,7.681209915462239,16.353198766708374,0.15112616450548566,13.762879610061646,0.17777461525527996
-8.67478281095642,0.018233277,1970000,196,0.24299931526184082,3251.0186235904694,0.023967981338500977,0.016516149,2.4341187477111816,100,4.491961649203133,16.43438982963562,7.776729485987718,16.16742253303528,-0.5398180012251855,13.46682071685791,-0.8470944063414727
-10.084304627633827,-0.0155596165,1980000,197,0.25099802017211914,3267.472551584244,0.01999950408935547,-0.0150289945,2.4987521171569824,100,4.554760466641549,16.440927743911743,8.175707133385076,16.16993021965027,0.3645608498558744,13.413419008255005,0.5110636928011005
-10.632244212913905,-0.012473071,1990000,198,0.24299955368041992,3283.8974192142487,0.015967845916748047,-0.011163355,2.386620283126831,100,4.90710606137975,16.41286611557007,8.382917477512102,16.15289878845215,0.542866648262838,13.516263246536255,0.7851617950703943
-8.595916483399424,-0.001960315,2000000,199,0.2469649314880371,3300.918508529663,0.019034624099731445,0.0029639953,2.391901731491089,100,4.66889831183767,17.009089946746826,7.3422997651536965,16.743090391159058,0.03687177553193768,14.086050510406494,0.0023821225534052283
-9.70098430611589,-0.015903052,2010000,200,0.24300003051757812,3317.898996591568,0.02299809455871582,-0.0065463562,2.3908398151397705,100,4.435690435510159,16.9684898853302,8.18983182294237,16.702491760253906,-0.30150302439394455,14.059102773666382,-0.4920440523253825
-6.980308427748122,-0.008291101,2020000,201,0.24199843406677246,3334.9508147239685,0.01999807357788086,-0.004115222,2.386448383331299,100,4.328573327072749,17.039819717407227,7.7191806546142585,16.777823209762573,0.004818451159161779,14.10284423828125,-0.06017354502984365
-7.750187052525042,0.0036066407,2030000,202,0.24799847602844238,3351.735207796097,0.018999099731445312,0.004195227,2.402289628982544,100,4.53479960064857,16.77239203453064,7.937905016310028,16.504419088363647,-0.023792183173584846,13.843863725662231,-0.10466421147213836
-7.484362580267376,-0.00708407,2040000,203,0.24599838256835938,3368.5213828086853,0.021000385284423828,-0.0017311767,2.468918800354004,100,4.418082033303604,16.77417492866516,8.254601757967126,16.506175756454468,0.5435655451430292,13.7920982837677,0.7678255669853717
-9.61809953462459,-0.011502142,2050000,204,0.24300193786621094,3385.4450912475586,0.024997711181640625,-0.011658533,2.450119972229004,100,4.416628118454509,16.91170907020569,7.7714418552037206,16.643709421157837,0.419608965326545,13.91939640045166,0.5953294577261972
-7.891903015478179,-0.016277228,2060000,205,0.25499916076660156,3401.8794305324554,0.02299666404724121,-0.015139905,2.4764344692230225,100,4.497703418548563,16.421340465545654,8.09721865939877,16.142343521118164,0.14258790996140266,13.414502620697021,0.18184850859102775
-8.8454578706696,-0.012214984,2070000,206,0.2649979591369629,3418.418030500412,0.01596832275390625,-0.0030098082,2.4543681144714355,100,4.689490025004571,16.52660083770752,7.702152826470388,16.244636058807373,0.46121233365601916,13.533989429473877,0.662539799221338
-9.388649828129731,0.00029122314,2080000,207,0.2629976272583008,3435.5514442920685,0.024966001510620117,-0.0022796874,2.4045379161834717,100,4.550278951838901,17.121412754058838,8.298342365235005,16.833449125289917,0.4678404427110092,14.173949480056763,0.6567807039806814
-8.953944988854014,0.002451297,2090000,208,0.25499987602233887,3452.240650177002,0.02399897575378418,0.004140671,2.442528486251831,100,4.52778810694682,16.677205324172974,7.6474252628536545,16.39820647239685,0.0029456346226474795,13.712173700332642,-0.03973556504466352
-9.482171393350281,-0.01681206,2100000,209,0.42800092697143555,3469.5135822296143,0.018998146057128906,-0.012028027,2.3969485759735107,100,4.7427805663354095,17.259934186935425,7.821623661841602,16.81293511390686,-0.08089939330809953,14.168298244476318,-0.18461009346817656
-7.267612094896014,-0.0072019226,2110000,210,0.24199748039245605,3486.0340802669525,0.016968965530395508,-0.0052508605,2.3290178775787354,100,4.828564672228992,16.50749945640564,8.50286638442228,16.248533010482788,0.3701661636994068,13.669084787368774,0.5237554690475243
-7.7082355980705035,-0.019134138,2120000,211,0.24699664115905762,3502.464012145996,0.017000913619995117,-0.018517291,2.361675977706909,100,4.58794470355062,16.416932106018066,8.36949721576779,16.152934551239014,0.18130005981426925,13.535720348358154,0.23069026033135662
-7.541722642916363,-0.008446759,2130000,212,0.24399971961975098,3519.3201739788055,0.015964031219482422,-0.0032526916,2.482653856277466,100,4.480091524687276,16.84416151046753,7.536837183196409,16.583198308944702,-0.16446152329888805,13.811245918273926,-0.31237276087909394
-6.80651116188009,-0.004948828,2140000,213,0.24300217628479004,3536.347185611725,0.015999317169189453,0.0077243284,2.395266532897949,100,4.6163311098173265,17.014012098312378,7.6308863746160025,16.754011392593384,0.5677128149327113,14.098840475082397,0.7895030991668598
-10.09277484376397,-0.005631952,2150000,214,0.24596619606018066,3552.8220291137695,0.021032094955444336,-0.0011147216,2.343249797821045,100,4.354472726659552,16.462847232818604,8.054476557345037,16.19584894180298,0.09404711166513627,13.616048097610474,0.09904990509016348
-7.501802107560128,-0.011556024,2160000,215,0.24399733543395996,3569.2824816703796,0.020000219345092773,-0.010072321,2.4891769886016846,100,4.685484079989987,16.448452711105347,8.703813512877675,16.18345546722412,0.200597751373284,13.442256450653076,0.23334864660858975
-7.349958741722891,-0.0037228363,2170000,216,0.24599790573120117,3586.45787358284,0.02299785614013672,-0.001899649,2.4775259494781494,100,4.656788904601152,17.163392066955566,7.779631515997238,16.893393993377686,0.29797965548107597,14.166261911392212,0.39028138273713564
-9.52933529347385,0.012544128,2180000,217,0.25699782371520996,3603.3224682807922,0.021999597549438477,0.012021851,2.467501163482666,100,4.872851619173783,16.852595806121826,8.075131254213877,16.573598384857178,0.37042579228425265,13.85276746749878,0.5087466199766212
-10.61986510126859,-0.0049330564,2190000,218,0.24400043487548828,3619.898871421814,0.023967266082763672,-0.0018321595,2.3798272609710693,100,4.400220542185416,16.564403772354126,8.456392038317048,16.296436071395874,-0.23852247484001876,13.661733388900757,-0.4053960808310525
-7.985982778518684,0.02002141,2200000,219,0.24999666213989258,3636.437190055847,0.01699972152709961,0.020669263,2.343815565109253,100,4.466895076625361,16.5263192653656,7.9722465088670535,16.25932288169861,-0.011077418870862301,13.632489442825317,-0.0732154855420868
-9.106471319755313,-0.0011954162,2210000,220,0.2579965591430664,3653.0279788970947,0.023000001907348633,0.00642395,2.3357646465301514,100,4.841610284219524,16.57878804206848,7.6046039949062925,16.29479193687439,0.2634708068228774,13.728918313980103,0.36021050508008307
-10.947003166681954,0.010084894,2220000,221,0.24399685859680176,3669.891303539276,0.01696300506591797,0.009211694,2.3969459533691406,100,4.596524486000919,16.849324464797974,7.697772587027744,16.588364601135254,-0.040121627625845875,13.94504714012146,-0.11825552854433403
-7.1117886196317395,-0.0149809085,2230000,222,0.23999691009521484,3686.3177902698517,0.021970272064208984,0.0006584595,2.3435330390930176,100,4.266090030974085,16.41448736190796,7.932237194194928,16.152520179748535,0.4173662986693015,13.539655685424805,0.5562226040943637
-7.723759554580719,0.0068826783,2240000,223,0.2429981231689453,3702.827536582947,0.016968250274658203,0.0034733734,2.4562458992004395,100,4.653156196888838,16.49774694442749,8.099058519622265,16.237780570983887,-0.2328300121998429,13.507234573364258,-0.41642202689359026
-8.171426539831195,-0.0053843018,2250000,224,0.24200129508972168,3719.715679168701,0.016997814178466797,-0.0011279663,2.3374955654144287,100,4.350640401889174,16.875142574310303,7.580359427261818,16.616143465042114,0.22179244619519195,14.020795822143555,0.2721113597740023
-7.781765298423374,0.015957907,2260000,225,0.2500002384185791,3736.537830591202,0.016970396041870117,0.015288895,2.3265955448150635,100,4.694753304226647,16.810152769088745,8.27218894063143,16.543182134628296,0.201200209916891,13.969314575195312,0.24567072213087704
-8.237919872921175,-0.007906335,2270000,226,0.24500203132629395,3753.075991153717,0.02196049690246582,-0.00358479,2.4741783142089844,100,4.5567298437964885,16.526161909103394,7.6279691823185845,16.25819706916809,-0.015413422167610227,13.557475090026855,-0.08061200442305473
-8.734955877185042,-0.0081122555,2280000,227,0.25096893310546875,3770.000429391861,0.021000385284423828,0.0067710266,2.4022655487060547,100,4.855845334001477,16.91243886947632,8.019033999637163,16.639471292495728,0.4151331351735352,13.984766483306885,0.5745139680424285
-6.924341495015047,-0.0016801575,2290000,228,0.24599671363830566,3786.8581008911133,0.022971391677856445,0.0070965574,2.4073188304901123,100,4.297782761591637,16.844674110412598,7.995923044558529,16.575706005096436,0.16924606525398112,13.908963441848755,0.20322034293930588
-7.52016075019087,-0.025472967,2300000,229,0.31999826431274414,3803.950462579727,0.019000530242919922,-0.008556949,2.3960514068603516,100,4.659205242738999,17.080363035202026,7.951474499492414,16.741364240646362,0.6103215595398591,14.104707956314087,0.8655576709451581
-7.237374754972593,0.0043185637,2310000,230,0.24399852752685547,3820.8807315826416,0.015958070755004883,0.0059078247,2.4430415630340576,100,4.6553639335546455,16.91826868057251,7.328743295405029,16.65730309486389,0.14076511725528568,13.94383692741394,0.16027180816555103
-7.181458533041175,0.0010473694,2320000,231,0.25299978256225586,3837.3837172985077,0.02696371078491211,0.009967187,2.4817888736724854,100,4.295775204480298,16.490983963012695,7.5941041379983325,16.211020469665527,0.5200314712393362,13.47005033493042,0.7245668848733229
-10.831705010415682,-9.320069e-06,2330000,232,0.24500012397766113,3854.203165769577,0.016998291015625,0.008362158,2.4238595962524414,100,4.847971376114898,16.80644989013672,8.143655234692746,16.54348134994507,0.6002155395446385,13.881280422210693,0.8586184291541226
-7.055958259235361,-0.018228503,2340000,233,0.24899697303771973,3871.274881839752,0.015968799591064453,0.010095145,2.4062957763671875,100,4.633693198676895,17.059717416763306,7.514463281191898,16.793750047683716,0.17226831054386985,14.09913945198059,0.20960924120556487
-7.920872374626285,-0.00494418,2350000,234,0.2449967861175537,3888.235724210739,0.018002748489379883,-0.010668857,2.37640380859375,100,4.369913464628887,16.947842359542847,8.052610275442834,16.683842182159424,1.1412498670765598,14.032179117202759,1.6754314967625508
-7.012369952851644,-0.0047592074,2360000,235,0.26600003242492676,3905.352954387665,0.018001317977905273,-0.0043185973,2.390963077545166,100,4.47528539159896,17.10523223876953,8.038838599902489,16.819231748580933,0.26011068742591265,14.183410167694092,0.34720298012937323
-7.2131724574647595,-0.0026309874,2370000,236,0.24199748039245605,3921.848288536072,0.01600170135498047,-0.0025382903,2.3848929405212402,100,4.376666870817004,16.48333430290222,6.884301631931548,16.22333574295044,-0.6412707056154434,13.590465545654297,-1.0306275754836232
-7.819350920913452,0.0097784605,2380000,237,0.24399828910827637,3938.702983379364,0.022000789642333984,0.0113332765,2.3365132808685303,100,4.397162396648139,16.842694997787476,7.405641009917962,16.576695919036865,-0.1532781092419562,13.970112085342407,-0.2946285653961498
-7.332737885232561,-0.0024471618,2390000,238,0.2449963092803955,3955.1068913936615,0.016966581344604492,0.0061070737,2.261704683303833,100,4.737721771417343,16.391908168792725,7.766403106165152,16.12894105911255,0.2335514881497275,13.624486446380615,0.3025517677261198
-7.874917137250874,-0.007817902,2400000,239,0.24399948120117188,3971.4568490982056,0.021967411041259766,-0.008524051,2.3913981914520264,100,4.683199525978851,16.337958097457886,8.026045428234966,16.071991205215454,0.09484127301230508,13.453046560287476,0.08277668560142239
-8.004404587887198,-0.009515347,2410000,240,0.24500036239624023,3988.2150251865387,0.015958547592163086,-0.009933008,2.393101930618286,100,4.553102582985426,16.746177673339844,7.962400011211739,16.48421859741211,-0.0798361040109937,13.867957830429077,-0.1798938497933799
-7.820057513577492,0.0027641235,2420000,241,0.24896883964538574,4005.080086708069,0.02702951431274414,0.011457788,2.4056429862976074,100,4.656454085540978,16.85306191444397,7.792022032179277,16.57706356048584,0.2873651221538676,13.92601990699768,0.3753577932854323
-7.4755409886305095,-0.006347406,2430000,242,0.24300074577331543,4021.9500744342804,0.015964984893798828,0.011705755,2.4280920028686523,100,4.372309879047117,16.857988119125366,7.747131747531846,16.599022388458252,0.7861182183163306,13.91636037826538,1.115558595897653
-8.068622463767873,-0.00751745,2440000,243,0.24500012397766113,4038.353297472,0.01696634292602539,0.0044854004,2.271305561065674,100,4.56587665809154,16.385223150253296,8.196834894684649,16.12325668334961,0.1742249846532388,13.601075172424316,0.21204884951645744
-9.972866937683976,-0.0051026857,2450000,244,0.2480001449584961,4055.2112448215485,0.016965627670288086,0.016146637,2.4575910568237305,100,4.977183494271321,16.845947265625,8.288263052482833,16.580981492996216,-0.022896764334009164,13.872270345687866,-0.0933861385547568
-7.666828571772352,-0.010984106,2460000,245,0.24099469184875488,4072.164751291275,0.01796579360961914,-0.0037527222,2.389256477355957,100,4.612536301173449,16.941507577896118,8.038360868746615,16.681509494781494,0.1171744082145258,13.997585773468018,0.09691659926696819
-8.814124971714513,-0.013772412,2470000,246,0.2460005283355713,4088.8311297893524,0.016999483108520508,-0.006149542,2.322554111480713,100,4.388576600279603,16.654378175735474,7.6157409655905255,16.391378164291382,0.7009998789984632,13.812618732452393,1.0047736558232152
-8.407802702904442,0.00952594,2480000,247,0.24299907684326172,4105.881880998611,0.015965700149536133,0.008687426,2.404350996017456,100,4.668613823091196,17.03775429725647,8.157688681249267,16.778789520263672,0.5009990578841265,14.122670888900757,0.716215491926415
-7.046016853733206,0.002898816,2490000,248,0.25500011444091797,4122.4176902771,0.016997575759887695,0.0044746706,2.2889976501464844,100,4.427028223592323,16.523808002471924,7.53483698902763,16.250810861587524,-0.09604056119548103,13.716119050979614,-0.2018362136980935
-7.1493440000604975,-0.029645422,2500000,249,0.24400043487548828,4138.8383667469025,0.016998291015625,0.0014730773,2.2805352210998535,100,4.820431201566416,16.40867567062378,7.964481069477763,16.146676301956177,0.1278870710045851,13.616095542907715,0.1258296785642434
-7.887807568530838,-0.0006331177,2510000,250,0.24499893188476562,4155.756222486496,0.023999452590942383,-0.004249701,2.4362642765045166,100,4.292557403604324,16.905855655670166,8.027594226321977,16.636857271194458,0.41633916061649834,13.981992483139038,0.5791585320715149
-10.956669822751758,-0.01896494,2520000,251,0.24500012397766113,4172.604692935944,0.01696610450744629,0.0040407106,2.447336435317993,100,4.314290818503414,16.836471796035767,7.55925396984534,16.57450556755066,0.1443224199196971,13.866188526153564,0.16046467652997173
-7.383073914987617,-0.016037432,2530000,252,0.24299931526184082,4189.6349585056305,0.026968955993652344,-0.009256268,2.4077842235565186,100,4.7114382364908245,17.018266916275024,7.770695274087345,16.74729824066162,0.2977477011455621,14.070327281951904,0.3875249000562885
-7.144202042513269,-0.019655865,2540000,253,0.25099873542785645,4205.84965467453,0.015967369079589844,-0.016843585,2.3787124156951904,100,4.2521610825434255,16.202696800231934,7.691446996167321,15.933733224868774,0.4585039439307138,13.302874088287354,0.6229856977901911
-8.681030270823788,-0.004330554,2550000,254,0.24899625778198242,4222.665232658386,0.01597452163696289,-0.0014220581,2.405458927154541,100,4.364095747700316,16.803576707839966,7.4655167502939666,16.537606239318848,0.040728347253721875,13.883538246154785,0.007991354711586096
-8.180019623180808,-0.002218152,2560000,255,0.2449626922607422,4239.161652803421,0.024035215377807617,-0.0023448975,2.394062042236328,100,4.638745249793731,16.48441982269287,7.4099189529627525,16.21542191505432,-0.2063683304315531,13.5974440574646,-0.36762480099040223
-8.862703890487907,-0.018337414,2570000,256,0.2429969310760498,4255.709618806839,0.02299976348876953,-0.014110919,2.3245673179626465,100,4.888892398541557,16.535964965820312,7.935617581721166,16.267967700958252,0.07254423896297348,13.65743350982666,0.041863291838455545
-7.149854008301724,0.011804303,2580000,257,0.2449960708618164,4272.064162969589,0.02202916145324707,0.0118226595,2.3070194721221924,100,4.272748421876649,16.342543363571167,8.075175536020227,16.074546098709106,0.8560137432920714,13.52194094657898,1.2246137258507104
-7.103006997611976,-0.017433697,2590000,258,0.24896740913391113,4288.506973266602,0.021998882293701172,-0.017703379,2.4717659950256348,100,4.217282737439717,16.429808616638184,8.274213268790861,16.15884232521057,0.024666061732343748,13.448299407958984,-0.020599837883677016
-10.935972448671347,-0.018241432,2600000,259,0.24599862098693848,4305.501408100128,0.02396869659423828,-0.016739853,2.4381608963012695,100,4.647884674883275,16.98243522644043,8.367127492365448,16.7114679813385,0.009263054974883883,14.03706669807434,-0.0427697278754726
-7.102731075525933,-0.010375501,2610000,260,0.2599668502807617,4322.0108823776245,0.020999670028686523,-0.008765442,2.390388250350952,100,4.287323482416077,16.49747633934021,8.01759305379167,16.215508222579956,0.32361208739252767,13.581639528274536,0.42269140978121394
-7.274502607014682,-0.0062539917,2620000,261,0.24896740913391113,4338.892509460449,0.02503061294555664,-0.005017627,2.4238877296447754,100,4.466439168842376,16.869626998901367,7.954452004418877,16.59466791152954,-0.1475028596018143,13.90114974975586,-0.2826078377596954
-6.748750639827887,0.0027944276,2630000,262,0.28600144386291504,4355.836703538895,0.01699686050415039,0.0046360167,2.464006185531616,100,4.2110360146660195,16.932193517684937,7.901092594093138,16.62919521331787,0.5126951288448058,13.909395456314087,0.7152341838564563
-6.864918124630523,-0.016143784,2640000,263,0.24199962615966797,4372.8873291015625,0.016998291015625,-0.01011416,2.430756092071533,100,4.624544242411322,17.038625955581665,7.802247175561661,16.779628038406372,0.28123513361582314,14.09598970413208,0.3768792702400488
-7.652480594662395,-0.002057257,2650000,264,0.24100065231323242,4389.268268823624,0.023964643478393555,-0.0022587525,2.2448790073394775,100,4.7542922462488875,16.368939638137817,7.824035165484378,16.10397434234619,0.23907131617723326,13.60133409500122,0.283419722930197
-7.408166313835372,-0.028091919,2660000,265,0.2519969940185547,4405.80020904541,0.02196812629699707,-0.021927197,2.2166945934295654,100,4.613990867601229,16.519941329956055,7.811930272200966,16.244974851608276,0.7950525941676915,13.788271188735962,1.1602840064439157
-7.963574668644266,-0.013339478,2670000,266,0.25699806213378906,4422.689681768417,0.017975330352783203,-0.014867642,2.4370219707489014,100,4.618879798055303,16.877474784851074,7.594097642192893,16.602501392364502,-0.14339040992291846,13.905266523361206,-0.29360916623479427
-6.666619388593516,-0.008576123,2680000,267,0.24499893188476562,4439.097593784332,0.022974491119384766,-0.0053012758,2.420977830886841,100,4.2544319814627665,16.39591383934021,7.2066168659934435,16.12694025039673,0.2121491213026671,13.416844844818115,0.2680830333103799
-8.146911566212538,0.013796011,2690000,268,0.24499750137329102,4455.8586332798,0.01698470115661621,0.025445549,2.482530355453491,100,4.43603207390238,16.74903893470764,7.780348543545265,16.48605251312256,0.13338821987166405,13.754974365234375,0.1516660265734902
-7.766365698512693,-0.00045406495,2700000,269,0.2539980411529541,4472.745361089706,0.02096724510192871,0.010466198,2.4090168476104736,100,4.754057800699035,16.874729871749878,7.82654752127129,16.599764585494995,0.16762352297718583,13.926232099533081,0.1885911409183815
-7.673535944599166,-0.00410318,2710000,270,0.24399757385253906,4489.220776319504,0.01696038246154785,-0.0034547546,2.2934889793395996,100,4.299889770519147,16.463415384292603,7.583779961565506,16.202457427978516,0.05910848776484087,13.665506839752197,0.037123254527420574
-6.1501215587783244,-0.009261005,2720000,271,0.24799752235412598,4506.315469503403,0.02399897575378418,-0.0074950163,2.4864554405212402,100,4.3487545834102574,17.082691431045532,8.067529313962918,16.810694932937622,0.61510351073813,14.051623821258545,0.8577522686502863
-10.525172592031568,-0.0020316986,2730000,272,0.24399948120117188,4523.148150205612,0.018968820571899414,0.0032998642,2.4041502475738525,100,4.798786732450617,16.820680856704712,8.006573534104637,16.55671215057373,0.28267283354392186,13.883507251739502,0.3668157572104521
-7.777524416327653,-0.020166669,2740000,273,0.25899815559387207,4539.546674489975,0.022000551223754883,-0.016770435,2.32734751701355,100,4.718821211009546,16.386525869369507,7.157980347377871,16.10452651977539,0.08185694858192502,13.522826671600342,0.06757752981445624
-10.067244631701032,-0.00053629454,2750000,274,0.24399876594543457,4556.320336341858,0.01600050926208496,0.0024748535,2.3468875885009766,100,4.819291436079642,16.76166343688965,7.230880171860589,16.50066328048706,-0.38414254609990656,13.905023336410522,-0.6149015866276141
-7.9586468569746405,-0.018185072,2760000,275,0.24499917030334473,4573.316925048828,0.01697063446044922,-0.012640558,2.363656520843506,100,4.382168960855597,16.979588747024536,7.548973743739522,16.71661686897278,0.249688952075174,14.100397109985352,0.32283395306811
-7.9379044973026165,-0.027737366,2770000,276,0.2429673671722412,4590.339559793472,0.016030073165893555,-0.010039636,2.449413776397705,100,4.437178919545216,17.010634660720825,7.665331175636754,16.75163722038269,-0.143921099730725,14.059863090515137,-0.28655729660953494
-7.325722642573013,-0.0011035523,2780000,277,0.25899720191955566,4607.3634378910065,0.020970821380615234,0.012959638,2.3922433853149414,100,4.8170739510118,17.011879920959473,7.717422079337964,16.730912923812866,0.5904733781268743,14.096299171447754,0.8397412254371999
-7.558615857235664,0.02620928,2790000,278,0.24396681785583496,4624.119024038315,0.02400946617126465,0.023681913,2.412630081176758,100,4.175466014129802,16.74358606338501,7.754637803154528,16.47560977935791,0.3159641495549451,13.747049331665039,0.40639654370250367
-7.386497134605161,-0.010919256,2800000,279,0.242997407913208,4641.071403503418,0.023001432418823242,0.009036585,2.454209804534912,100,4.47186217346066,16.940380573272705,7.604270541526445,16.673381567001343,0.4002189076353915,13.97258186340332,0.5542874567753749
-7.740831098977668,0.012921228,2810000,280,0.24699759483337402,4658.168648719788,0.02399921417236328,0.010327131,2.454352617263794,100,4.222946632254745,17.085245847702026,7.876779732723749,16.813247680664062,0.023772668840651608,14.08113694190979,-0.02295764410152392
-9.000237413796066,-0.004804718,2820000,281,0.24499893188476562,4675.127641916275,0.015998363494873047,-0.00076903077,2.420645236968994,100,4.524744947842655,16.946993350982666,7.947741589232305,16.684996366500854,0.45621487566453894,13.996689796447754,0.6423406558281103
-8.22410739712889,0.003687793,2830000,282,0.2429981231689453,4691.645751476288,0.023000001907348633,0.010514801,2.378838539123535,100,4.695240158625772,16.50610876083374,8.25019393781983,16.240110635757446,-0.15778147058231878,13.613068342208862,-0.29966557849860354
-7.28280121278199,0.004858533,2840000,283,0.24796390533447266,4708.093789815903,0.022032499313354492,0.008151367,2.491408586502075,100,4.074519938032555,16.43604040145874,8.414554551354424,16.165042638778687,0.26961394630972807,13.424418687820435,0.3474839904515422
-7.964713343443365,-0.0059378054,2850000,284,0.24399876594543457,4725.123909235001,0.0189974308013916,-0.003213806,2.376569986343384,100,4.59324238922071,17.01811981201172,7.593638779921375,16.753157377243042,0.17364388467604608,14.130099296569824,0.2087669615200887
-7.725984949830146,-0.015516742,2860000,285,0.26399803161621094,4741.804042100906,0.019001245498657227,-0.008512842,2.3518123626708984,100,4.876524096710691,16.668132066726685,7.758817527330725,16.38413429260254,0.32154672003855184,13.800466537475586,0.41523137560099954
-6.689404271748488,-0.0015007965,2870000,286,0.24396562576293945,4758.831547498703,0.023031234741210938,-0.00082496036,2.467337131500244,100,4.525180159493423,17.010507345199585,7.85972274515847,16.741535186767578,0.10987835830715575,14.014079093933105,0.0937221344582266
-8.043621603271932,-0.0018773132,2880000,287,0.2449665069580078,4775.261239528656,0.018999338150024414,0.0029189454,2.2412543296813965,100,4.622793578128339,16.417690992355347,7.914055211328056,16.153725147247314,-0.12778371951688647,13.654405117034912,-0.24364084221787985
-8.538275036885015,-0.004697391,2890000,288,0.2429976463317871,4792.137510538101,0.015972137451171875,-0.004488733,2.4169702529907227,100,4.763510990468925,16.86427068710327,7.91270225766242,16.604273319244385,0.32751476519932643,13.931048154830933,0.43465992606143156
-6.897963543833354,-0.011310876,2900000,289,0.24899816513061523,4809.011256933212,0.019999027252197266,0.0009808991,2.390444278717041,100,4.542172298895635,16.86174702644348,8.361623609893384,16.59274983406067,0.4567794152504034,13.903165340423584,0.6015530240288749
-6.670634785727187,-0.01735061,2910000,290,0.24200010299682617,4825.9122676849365,0.01599884033203125,-0.0156853,2.381288766860962,100,4.772772798807488,16.889009952545166,8.329326772204833,16.63001036643982,0.538284925236489,14.008984327316284,0.7383420911944991
-7.396132742435301,-0.008361273,2920000,291,0.2480010986328125,4842.779723644257,0.02099919319152832,-0.0013238526,2.4295461177825928,100,4.626019502008054,16.855456113815308,7.7246108956462525,16.585456132888794,0.25411619656257745,13.896444082260132,0.31730999486190364
-7.573365662321607,0.0028004516,2930000,292,0.24199795722961426,4859.230224370956,0.017000198364257812,0.020686625,2.386873245239258,100,4.474710906106826,16.4375,8.10298797434983,16.178501844406128,0.03555909895775171,13.553439617156982,-0.010196362332238071
-6.750308266487613,0.014237645,2940000,293,0.24900102615356445,4875.682658672333,0.016978979110717773,0.013021997,2.3899333477020264,100,4.426940028385158,16.44043469429016,7.754510339389007,16.17445468902588,0.5749421898143233,13.518398523330688,0.8058343372718615
-9.853018074855546,0.011113697,2950000,294,0.24599575996398926,4892.044215679169,0.023001670837402344,0.013456567,2.3625526428222656,100,4.713765054521645,16.349557638168335,7.7933724282310015,16.080560207366943,0.028215754160077346,13.476467609405518,-0.0010673610175495796
-7.888963226080559,0.013024698,2960000,295,0.26596832275390625,4908.94139623642,0.01703047752380371,0.01368611,2.3747828006744385,100,4.482576712369216,16.88417935371399,8.358739818690864,16.60118055343628,0.6878881214897605,13.975111722946167,0.9910972658784571
-7.241942767972876,-0.010205499,2970000,296,0.24400043487548828,4925.831976175308,0.019972801208496094,-0.0059609865,2.4448275566101074,100,4.323855210202927,16.87758207321167,7.89714290030534,16.61260747909546,0.009721349857610084,13.922224044799805,-0.04863648437593362
-7.546406119134613,0.0062417723,2980000,297,0.3130006790161133,4942.357974529266,0.016997575759887695,0.006679941,2.337555170059204,100,4.552414162924363,16.513999223709106,8.001812156186078,16.183000326156616,0.21377526884107037,13.610036134719849,0.27253154515436706
-7.426082985161379,-0.016822126,2990000,298,0.24599909782409668,4959.498819351196,0.02596879005432129,-0.009346857,2.409956693649292,100,4.415525203859275,17.12784481048584,7.438456680917828,16.855876922607422,-0.053512709220639144,14.193906545639038,-0.1381542913274503
-7.09758652455243,-0.0150021175,3000000,299,0.24599599838256836,4976.257534265518,0.020032167434692383,-0.0040316954,2.4556713104248047,100,4.593450324029394,16.746715545654297,7.813590556774783,16.477717876434326,-0.22091633493288185,13.728471994400024,-0.3930694132161362
