Time-Optimization,train-NumTrajs,LossBefore,Time-Sampling,Time,train-AverageDiscountedReturn,train-MaxReturn,train-PolicyExecTime,train-StdReturn,Time-SampleProc,n_timesteps,Itr,ItrTime,train-AverageReturn,train-EnvExecTime,train-MinReturn,LossAfter
0.35700058937072754,100,0.0015843689,16.45054531097412,16.81657838821411,0.021085931214795916,14.313912050530222,13.766004085540771,4.61940530146782,0.008000850677490234,10000,0,16.81657838821411,-0.05987897274462694,2.453629493713379,-9.028019387526193,-1.0033156
0.2239995002746582,100,0.0020956725,15.880993127822876,32.94757008552551,12.547270766543775,26.30273028305589,13.358112812042236,3.869553559171851,0.006998538970947266,20000,1,16.11199116706848,17.48341518152831,2.282827615737915,9.107735516686033,-1.5690056
0.22196722030639648,100,0.012532461,16.38622236251831,49.57775545120239,11.240228136981303,24.124232385993103,13.614731311798096,3.098853221926936,0.006995677947998047,30000,2,16.617186784744263,15.735698246362332,2.5348763465881348,6.871281785604887,-2.4601178
0.315000057220459,100,-0.0008241516,16.66282606124878,66.58458042144775,14.135231234446922,26.73208348777925,13.937836170196533,3.0040404776524565,0.015000104904174805,40000,3,16.993825912475586,20.608712699912907,2.465728998184204,12.930847013081282,-3.4146357
0.31499671936035156,100,0.00068110164,15.787992238998413,82.71357297897339,18.316394146697014,30.33833174074026,13.177797794342041,2.2707356798573843,0.01300501823425293,50000,4,16.11699390411377,26.032192830832713,2.358776569366455,19.506943773232518,-3.5071669
0.22297286987304688,100,0.0031685135,15.872993469238281,98.82956314086914,19.85762561366763,30.16153507758056,13.179016351699829,1.7673905699636472,0.007025718688964844,60000,5,16.102992057800293,26.962579682226814,2.3954639434814453,19.930433616653676,-2.2199335
0.22296977043151855,100,0.0017341187,15.87299370765686,114.94555401802063,20.322566816318414,29.816274311813874,13.21745228767395,1.2313118560125391,0.0060007572174072266,70000,6,16.102991104125977,26.6740398602236,2.405585527420044,23.779945827633494,-1.3562734
0.22499895095825195,100,-0.002232927,15.970017910003662,131.16154742240906,20.599781653437898,29.62283440103038,13.447102308273315,1.3643174444903174,0.006975412368774414,80000,7,16.2029926776886,26.89056428783369,2.302236557006836,23.658490313848347,-1.0117836
0.21796703338623047,100,0.010728859,15.851993560791016,147.25253891944885,20.541496765899453,30.020778100076527,13.168604612350464,1.4147137696612817,0.00703120231628418,90000,8,16.077991724014282,26.924994136670684,2.427276372909546,23.823806104598212,-0.8696936
0.22096729278564453,100,-0.00996228,16.040775775909424,163.5343120098114,20.518957911740564,29.273380534279482,13.27940559387207,1.3045662598889654,0.007029533386230469,100000,9,16.269773244857788,26.851298094763028,2.5156874656677246,24.233562346424026,-0.6876874
0.22097325325012207,100,0.022622194,15.811751365661621,179.58706378936768,20.63623316253863,30.174046365019787,13.149251699447632,1.264950399517853,0.007025718688964844,110000,10,16.039750337600708,27.068864793911963,2.429351568222046,24.656440152947074,-0.5300308
0.2199695110321045,100,0.0043758997,16.426164150238037,196.2531967163086,20.697102494524426,29.860916440404235,13.5973641872406,1.4689998364227774,0.0070002079010009766,120000,11,16.654133796691895,27.063910901103554,2.582746744155884,23.95626573845911,-0.4545617
0.22096776962280273,100,0.0025164855,16.788084983825684,213.2822766304016,20.34704618138051,29.653523408509148,14.021786451339722,1.4019848523793677,0.007029294967651367,130000,12,17.017082452774048,26.798552454718944,2.5308797359466553,24.15593163693322,-0.36653483
0.22496700286865234,100,0.019458843,15.980993747711182,229.50826811790466,20.64832655877759,29.663922527900976,13.219130992889404,1.2401617714959943,0.006029844284057617,140000,13,16.21399235725403,27.087268221208628,2.515735626220703,24.406001268005408,-0.32740897
0.22096872329711914,100,-0.0071039316,16.275679349899292,246.02594780921936,20.45293168557238,30.089975987853293,13.629337310791016,1.3357222844391923,0.007031440734863281,150000,14,16.505680084228516,26.947700088009604,2.399603843688965,24.24357306029087,-0.29830173
0.22499608993530273,100,-0.0073159845,16.013995885849,262.2859375476837,20.518310989321673,29.70695186295553,13.232718467712402,1.352702561335664,0.007999897003173828,160000,15,16.246991872787476,27.022343284028818,2.542426347732544,23.90116145356051,-0.29741925
0.21996641159057617,100,0.008920755,16.012206554412842,278.53811049461365,20.488947965849803,29.844795764591932,13.338967323303223,1.1771115798235547,0.007006168365478516,170000,16,16.24017310142517,27.0518505899024,2.4005165100097656,24.462066509420573,-0.27458265
0.21896624565124512,100,0.0011473449,16.469993591308594,295.24710154533386,20.44238014589186,29.67368511520963,13.806854009628296,1.3045488744882607,0.007031440734863281,180000,17,16.695991277694702,27.04678138668711,2.424868583679199,23.04571856717171,-0.26921758
0.2220001220703125,100,0.01371523,16.284827947616577,311.773930311203,20.71581625220801,30.071882402735625,13.511472225189209,1.3122524967246638,0.006999969482421875,190000,18,16.51382803916931,27.22238145548886,2.5189220905303955,24.197830960235134,-0.23919295
0.21999883651733398,100,-0.018994689,16.65867018699646,328.672571182251,20.486239292741175,30.179786348861743,13.867032289505005,1.3139742726530108,0.006970882415771484,200000,19,16.885639905929565,26.98444772945905,2.5224361419677734,23.83831880749422,-0.25387642
0.21996760368347168,100,-0.024781967,16.003026008605957,344.914564371109,20.580134843750795,30.204686686107117,13.425354957580566,1.3520145145999387,0.006006956100463867,210000,20,16.22999405860901,26.91921845140033,2.3268558979034424,24.16410661333282,-0.25073516
0.23000025749206543,100,0.007791603,16.76474618911743,361.93030762672424,20.697649939116477,29.557032770661507,14.021873235702515,2.544791168759749,0.006997585296630859,220000,21,17.00274348258972,27.09859858208198,2.4887402057647705,5.032209074162932,-0.19844155
0.21796751022338867,100,-0.014589345,16.36675786972046,378.55106830596924,20.72930937822019,29.960923345209707,13.473155736923218,1.330914162159248,0.0070340633392333984,230000,22,16.592756748199463,27.09719838477498,2.6426258087158203,24.447528852474555,-0.2449753
0.21696949005126953,100,0.007773703,16.55512547492981,395.3421630859375,20.676304014495354,30.086787775364886,13.7133047580719,1.282280307912403,0.00699925422668457,240000,23,16.779094219207764,27.063734953347986,2.5642306804656982,24.162185308219907,-0.25995043
0.2149662971496582,100,0.011238037,16.482720613479614,412.05988073349,20.739142610738053,29.772820713892482,13.748745203018188,1.14200305289051,0.007032632827758789,250000,24,16.70471954345703,27.030887394507875,2.463427782058716,24.372913819491963,-0.30417848
0.2180004119873047,100,-0.007595324,16.109439849853516,428.4073209762573,20.77723789745621,29.645513278644277,13.438783407211304,1.2238705684709987,0.007000923156738281,260000,25,16.33544087409973,27.12505207366558,2.4504404067993164,24.610027276416503,-0.49557006
0.2209634780883789,100,0.0024264518,16.028990268707275,444.6773102283478,21.024283505720565,30.16512932534537,13.21524691581726,1.2677999177865296,0.0070362091064453125,270000,26,16.2569899559021,27.157667774464063,2.5664358139038086,24.52852621360051,-0.73986834
0.21696734428405762,100,0.026176786,16.125993728637695,461.03930282592773,20.894028856145965,29.469189229438886,13.266271114349365,1.0936754999284328,0.00703120231628418,280000,27,16.349992275238037,27.062999553309034,2.572821855545044,24.58661927160324,-0.95822614
0.2449948787689209,100,0.017909026,16.75733995437622,478.0686402320862,20.85592219308458,29.498095310516703,13.924669027328491,1.0797036862545362,0.010994672775268555,290000,28,17.016337394714355,26.989001987594747,2.5754659175872803,24.186956996260065,-1.0631043
0.2279980182647705,100,-0.0017321205,16.571991443634033,494.88863015174866,21.042900496126503,29.687000880496527,13.763437032699585,1.076092104169455,0.006999969482421875,300000,29,16.807989597320557,27.07024702554924,2.5452041625976562,25.029756991871686,-1.0219926
0.2239699363708496,100,-0.01192976,16.76315188407898,511.89478182792664,21.146565869588375,29.07439047957395,13.986145973205566,0.9709987758154525,0.0070302486419677734,310000,30,16.994152069091797,27.128976508077443,2.521202325820923,25.279103442582592,-1.0199775
0.23397278785705566,100,-0.0013918816,16.663331985473633,528.8121109008789,21.032960152748746,29.35130914353621,13.85223650932312,1.2035031868716581,0.007026195526123047,320000,31,16.905330657958984,27.13835344711579,2.570073127746582,24.61847133859007,-1.0531961
0.21796369552612305,100,0.014931363,16.14443016052246,545.1945424079895,20.69143946447757,29.88717005551725,13.322694540023804,1.1465633500780286,0.007035255432128906,330000,32,16.369429111480713,26.960305734702914,2.544903516769409,24.110766553352153,-1.0828526
0.2189631462097168,100,-0.0012595032,16.301641941070557,561.7361450195312,20.619190191349745,29.92292033207608,13.506842613220215,1.1420801999782226,0.00699162483215332,340000,33,16.52960181236267,27.032346217169515,2.554147243499756,24.99724359088398,-1.1314611
0.2189655303955078,100,0.014264898,16.138006687164307,578.1121363639832,20.686400530454147,30.9018238941282,13.540594577789307,1.4732827026242448,0.007018566131591797,350000,34,16.363990783691406,27.2315273246121,2.351104736328125,22.16711918594941,-0.98861223
0.21796703338623047,100,0.0047844206,16.63002371788025,594.9791281223297,20.293329621250606,29.838968385224018,13.887258529663086,1.4090976339028012,0.007000923156738281,360000,35,16.854991674423218,27.134691135123703,2.485259771347046,23.62989943481691,-0.81353235
0.21596813201904297,100,0.010703422,16.237549781799316,611.4526762962341,20.16129092805949,30.08180427753872,13.58687138557434,2.078669720761313,0.007030010223388672,370000,36,16.460547924041748,27.419728055397897,2.4040699005126953,16.151218125948482,-0.7369997
0.21696686744689941,100,-0.00085158384,16.317172527313232,628.0058155059814,-1.5823592909044029,12.341511095070171,13.734880208969116,4.681488645610232,0.006998538970947266,380000,37,16.54113793373108,-8.95357209483094,2.3400075435638428,-14.895778239039334,-1.2509997
0.21896719932556152,100,-0.011197351,16.553465127944946,644.7972798347473,1.4337088800123454,17.41199777507805,13.78055477142334,9.52645748583632,0.007032871246337891,390000,38,16.779465198516846,0.0048170969308443026,2.4723854064941406,-14.270521330841557,-8.269908
0.22196745872497559,100,-0.0056738392,16.397759675979614,661.4370148181915,3.0492320891905167,17.306750487164635,13.612257242202759,4.634685100532552,0.007008075714111328,400000,39,16.627735137939453,6.07990829113472,2.535525321960449,-6.0125039782393515,-10.296436
0.21696138381958008,100,-0.0003028412,15.809024333953857,677.4830067157745,2.65449940068122,17.02882964787538,13.04777717590332,3.115555070041858,0.007006168365478516,410000,40,16.033991813659668,3.988385175953155,2.526912212371826,-0.029235373861270147,-23.040018
0.21699786186218262,100,-0.0023811036,16.5081684589386,694.2291433811188,-1.361179918060123,2.3863400587654313,13.799470663070679,1.7100105830656316,0.007970333099365234,420000,41,16.734137058258057,-1.0897642314756752,2.456470489501953,-5.257591662354904,-12.052983
0.2239990234375,100,-1.5209961e-05,16.508991718292236,710.9821355342865,-1.769687009807443,0.2936890309001746,13.833709001541138,1.0346648235996811,0.006997585296630859,430000,42,16.740991830825806,-1.857317054374558,2.404299259185791,-4.718020951537216,-1.1084875
0.23796653747558594,100,-0.0029147323,16.37496542930603,727.6150639057159,-1.7551902260683183,0.3635739425934479,13.661406517028809,1.0583367185370878,0.006997346878051758,440000,43,16.620929718017578,-1.7487166154129552,2.4631569385528564,-4.627834004103092,-0.51404077
0.2169961929321289,100,0.0027053894,16.292200803756714,744.1432614326477,-1.7619716839631905,0.7569129961705703,13.553205013275146,1.1848076495853066,0.007000446319580078,450000,44,16.516197443008423,-1.7741530321070003,2.4774158000946045,-5.421061009763203,-0.26417482
0.2200021743774414,100,0.011516251,16.645259618759155,761.0275220870972,-1.9534863508726354,0.3000134329555045,13.92137885093689,1.130887367197606,0.006998538970947266,460000,45,16.872260332107544,-2.127149358745464,2.472628355026245,-6.1489109012519805,-0.11696
0.21799755096435547,100,-0.0072346316,16.279746532440186,777.5452644824982,-1.8252060700776231,0.2520629876046,13.608614683151245,1.1159279109398093,0.007029294967651367,470000,46,16.5057430267334,-1.892268514115649,2.4206905364990234,-5.370799510041794,-0.085431434
0.21796631813049316,100,-0.0020773194,16.668717861175537,794.4509813785553,-1.689884155512854,0.8684422635663374,13.971979856491089,1.1596443598572148,0.007033348083496094,480000,47,16.893717527389526,-1.689247773288431,2.422745704650879,-5.765046962529526,-0.050385114
0.22696471214294434,100,0.01383372,16.26402473449707,810.9609684944153,-1.8197111637683625,1.1689361989833025,13.631946563720703,1.2515083313685664,0.00699925422668457,490000,48,16.4979887008667,-1.8577292040128728,2.381694793701172,-5.6986874596577115,-0.011485986
0.2180006504058838,100,-0.012280786,16.5779926776886,827.7759594917297,-1.73651666328121,0.5190865634578922,13.83972692489624,1.2489525817754707,0.006998538970947266,500000,49,16.80299186706543,-1.7760573501132455,2.4377939701080322,-5.704469220336065,-0.023374677
0.2169632911682129,100,0.006142914,16.46102476119995,844.4729511737823,-1.7005294444547445,1.71607070097476,13.784043073654175,1.2006495651629834,0.007003307342529297,510000,50,16.684991359710693,-1.7533857776112425,2.4193713665008545,-6.148681869795943,-0.0024745238
0.21999716758728027,100,-0.013684456,15.920063734054565,860.6330122947693,-1.747691278233114,0.40071312247771723,13.43424916267395,1.108064225142457,0.006999969482421875,520000,51,16.14806056022644,-1.8279337256788175,2.2519407272338867,-5.748888858308819,-0.02131318
0.22296619415283203,100,0.0054457886,16.145465850830078,877.0214407444,-1.8576990570283909,0.4752169272896435,13.535077095031738,1.1262091731718433,0.006995439529418945,530000,52,16.37642741203308,-1.966878845354465,2.3717026710510254,-5.6088007761380005,0.0018767426
0.21599912643432617,100,0.0038224945,16.538946390151978,893.7973566055298,-1.8532339669729874,0.42495340031404605,13.822685241699219,1.0604710917851239,0.005998849868774414,540000,53,16.763916015625,-1.8860069496257799,2.473292350769043,-5.474497781456204,0.0016682327
0.21696686744689941,100,0.021614447,16.058488607406616,910.0938148498535,-1.829463075341439,0.14092105838584643,13.456475496292114,1.156816145018449,0.0060024261474609375,550000,54,16.284459829330444,-1.9270435848734448,2.3762006759643555,-5.849007309550345,0.02068195
0.22596979141235352,100,0.010204791,16.104270935058594,926.4450845718384,-1.8689598677493617,0.133368202003812,13.53111743927002,0.9104993290408558,0.006999969482421875,560000,55,16.339269876480103,-1.9272176230122617,2.3322408199310303,-4.71012293856595,0.008861097
0.21699833869934082,100,0.00441922,16.478020668029785,943.1611008644104,-1.7295106254854193,0.3710693478952394,13.791373014450073,1.1157130222465255,0.0069692134857177734,570000,56,16.704015493392944,-1.8446566482733224,2.4572970867156982,-6.770760347399317,0.0029229065
0.22199678421020508,100,-0.00091047667,16.663219213485718,960.0682866573334,-1.7393882160684597,0.7767358537984911,13.972520112991333,1.0826467195239682,0.006970643997192383,580000,57,16.894185781478882,-1.8037364645576466,2.421952486038208,-5.016485193647738,-0.0012752258
0.21799921989440918,100,0.0066135926,16.20678997039795,976.513072013855,-1.7919638336196686,0.1313909726895691,13.548032760620117,0.9797639001453197,0.006996870040893555,590000,58,16.432786226272583,-1.8451016938804532,2.4226250648498535,-4.9883920703646485,0.005637158
0.22999906539916992,100,-0.010945105,16.158037662506104,992.9211087226868,-1.8424222222655104,0.38478663417857206,13.480460166931152,0.9955848771163263,0.00700068473815918,600000,59,16.396037101745605,-1.8659063087206078,2.4410436153411865,-4.240373309124346,-0.012317249
0.21600008010864258,100,-0.01012923,16.224725008010864,1009.38183426857,-1.8091206167732787,0.2064324270658086,13.488759279251099,1.107826693513641,0.006999969482421875,610000,60,16.448725700378418,-1.8417032836940619,2.4286744594573975,-5.278613278335416,-0.010964716
0.2199995517730713,100,-0.010187909,16.640965700149536,1026.2627997398376,-1.7806777154377407,0.8003070772455398,13.884697437286377,1.0796963371106274,0.006999969482421875,620000,61,16.86896562576294,-1.8037200729865301,2.493849992752075,-4.711454996813126,-0.010956394
0.22300124168395996,100,0.012739947,16.497987270355225,1043.0037868022919,-1.9327889004976564,0.4851657122860706,13.739521026611328,1.8858584873799842,0.006998538970947266,630000,62,16.72898769378662,-2.0136350711172595,2.5103654861450195,-17.486726042408037,0.012598083
0.21596598625183105,100,-0.017403094,16.11976647377014,1059.3595201969147,-1.7471041882666378,0.9112543841787168,13.484507322311401,1.68807683906857,0.007000923156738281,640000,63,16.34273338317871,-1.781528954423828,2.3889973163604736,-15.209591354319965,-0.018446624
0.2149977684020996,100,0.0038092711,16.19401264190674,1075.7894921302795,-1.7699217574270039,1.33312419341399,13.539446115493774,1.1862828492774455,0.006014585494995117,650000,64,16.41797184944153,-1.8019049135087188,2.401517868041992,-5.567993810633323,0.0021832397
0.21599936485290527,100,0.0026792327,16.32548689842224,1092.3509774208069,-1.9503043916984546,0.28964233363726244,13.694100379943848,1.1742395390050067,0.006999015808105469,660000,65,16.548485279083252,-2.0896311054948753,2.3980486392974854,-5.8812358417010415,0.002181192
0.21499967575073242,100,0.015297839,16.571263313293457,1109.1562077999115,-1.868894904387976,0.18275760028552368,13.873999834060669,1.130571511643308,0.006968021392822266,670000,66,16.79323101043701,-1.9051642375963498,2.4286530017852783,-5.176751188831543,0.014874573
0.2149982452392578,100,-0.011214718,16.510422945022583,1125.9016046524048,-1.6703364793574982,0.8288728128271039,13.805429935455322,1.1231364849176406,0.006999492645263672,680000,67,16.733397960662842,-1.5773586289424697,2.4639008045196533,-5.891490460226943,-0.012356761
0.21496343612670898,100,0.0051235044,16.186686038970947,1142.3252758979797,-1.7072547477280806,0.3603595062709244,13.561968326568604,1.068629950023478,0.007035255432128906,690000,68,16.411673069000244,-1.6674012979266388,2.3682289123535156,-5.092949790461122,0.0043307617
0.21799826622009277,100,0.002806137,16.56202745437622,1159.126305103302,-1.8013654392014968,0.5791042844548009,13.86807656288147,1.0977881232641467,0.006970882415771484,700000,69,16.78902792930603,-1.774718812301527,2.4631221294403076,-5.205032147241398,0.0024367492
0.2179703712463379,100,0.0006774536,16.128592491149902,1175.493896484375,-1.608262887176439,0.29167918110795943,13.42891240119934,1.1379208111800483,0.007028818130493164,710000,70,16.355592966079712,-1.4652187679679483,2.444483995437622,-6.882770692605867,-2.3254395e-05
0.21499896049499512,100,0.011899393,16.472829580307007,1192.2027242183685,-1.7365744404024608,1.4340283584695157,13.83629584312439,1.1813271748882666,0.0069997310638427734,720000,71,16.696828842163086,-1.6756198043978514,2.349323272705078,-6.109756206597497,0.011190058
0.21596884727478027,100,-0.0045141783,16.40343713760376,1208.8411629199982,-1.7773917790701779,0.8900345231853584,13.70501184463501,1.2730501537810741,0.007033109664916992,730000,72,16.626439094543457,-1.738621226328328,2.4440622329711914,-5.445881597344304,-0.0053091673
0.21499943733215332,100,0.0024774543,16.149142026901245,1225.2252714633942,-1.5091850009074728,1.2572524303808543,13.502811193466187,1.1753567137869096,0.006968975067138672,740000,73,16.371110439300537,-1.367405365352747,2.3889806270599365,-4.916808959964263,0.0018704508
0.21596741676330566,100,0.009960678,15.853994846343994,1241.3152627944946,-1.708248639414706,0.6250176187510325,13.107940196990967,1.3144852463693406,0.0070307254791259766,750000,74,16.077992916107178,-1.692101874957096,2.523050546646118,-6.039349290800859,0.009295612
0.21500062942504883,100,-0.0047932495,16.275229930877686,1257.8244602680206,-1.7939790957728639,1.0097924298021157,13.57116436958313,1.1516394942889094,0.006966829299926758,760000,75,16.49719738960266,-1.7234643808671553,2.467661142349243,-6.2422369740127,-0.005485359
0.21599721908569336,100,-0.0059759184,15.832023859024048,1273.8924520015717,-1.6302462556883148,0.7681216954832376,13.139744520187378,1.2039712211831812,0.006970643997192383,770000,76,16.055991888046265,-1.5074688267106975,2.4450178146362305,-4.573205090568109,-0.0073582763
0.21599864959716797,100,-0.0010947746,16.212972164154053,1290.3424220085144,-1.7794610738600358,0.510013384432079,13.54421591758728,1.0968121921539347,0.005997419357299805,780000,77,16.437971115112305,-1.6960415012100714,2.4216489791870117,-4.527644415447497,-0.0015793632
0.2259984016418457,100,-0.00956422,16.528117418289185,1307.1165370941162,-1.7299911500252043,0.7063109930400363,13.865047454833984,1.2611767215344627,0.006999969482421875,790000,78,16.762115716934204,-1.7353987974009524,2.4128172397613525,-6.616020299952272,-0.010281412
0.21497035026550293,100,0.009208374,16.556565523147583,1323.9070739746094,-1.8299094010074883,0.3152911874970154,13.888051986694336,1.1576791699875384,0.0069997310638427734,800000,79,16.77853560447693,-1.7673704418464198,2.407947063446045,-6.619772385752971,0.00844335
0.21399784088134766,100,0.010593264,16.555095911026,1340.6971361637115,-1.634705729114865,0.7779585939093683,13.887365818023682,1.1651300459397598,0.00796961784362793,810000,80,16.778063774108887,-1.4651177829303512,2.4292073249816895,-5.182064063347078,0.010223109
0.21599841117858887,100,-0.011736129,16.42693543434143,1357.3610680103302,-1.8502412047797054,0.790939176450301,13.762937784194946,1.286457440438475,0.007026195526123047,820000,81,16.650933027267456,-1.8770382285661629,2.4216012954711914,-6.7261946363110345,-0.013070477
0.21596837043762207,100,0.013994138,16.10341167449951,1373.701477766037,-1.7651466019753332,0.9588378106968032,13.46316933631897,1.4806169638219,0.007029294967651367,830000,82,16.327410459518433,-1.654893827373992,2.3587241172790527,-7.169540257482745,0.01328775
0.21796822547912598,100,-0.010706253,16.305925369262695,1390.2453701496124,-1.7505883659376147,0.5495874252830337,13.626753330230713,1.1742295351177479,0.006998777389526367,840000,83,16.530892372131348,-1.583057683850366,2.415707588195801,-4.699261921852084,-0.011182092
0.21697425842285156,100,-0.0108294925,16.158995866775513,1406.6413609981537,-1.7408705706620407,0.8925376564590805,13.656294107437134,1.2759259209200802,0.007021188735961914,850000,84,16.382991313934326,-1.6375522925719943,2.2756454944610596,-6.405054404878582,-0.012527408
0.21896696090698242,100,0.0031806245,16.069002866744995,1422.9493622779846,-1.5855684806435166,1.2577869279472993,13.454851150512695,1.5395629697204887,0.007033109664916992,860000,85,16.296001195907593,-1.4167524914922323,2.361495018005371,-7.732691310529643,0.0022849366
0.21900057792663574,100,0.01061969,16.355066776275635,1439.5424284934998,-1.5283728976173834,1.2180580235078213,13.83237624168396,1.1160401385953898,0.006998538970947266,870000,86,16.581065893173218,-1.3190131723386125,2.2727067470550537,-4.268076664810085,0.010111474
0.21399950981140137,100,0.003949512,16.545289754867554,1456.3226871490479,-1.7582978934261915,1.0820616801857104,13.822788000106812,1.4420408487568328,0.006969451904296875,880000,87,16.767258405685425,-1.7094976795553674,2.462407350540161,-7.180614334736673,0.0028960938
0.21796798706054688,100,-0.0204266,16.027551889419556,1472.587205171585,-1.6068804767555411,1.185059821986395,13.292314291000366,1.320470228166437,0.006998538970947266,890000,88,16.25251841545105,-1.44631788667437,2.4923720359802246,-5.027718368526718,-0.020854516
0.22499942779541016,100,-0.014632541,16.221757888793945,1489.0529613494873,-1.6309968669490413,1.4966060255801132,13.522423028945923,1.5276251631675588,0.006998538970947266,900000,89,16.453755855560303,-1.4388257804956224,2.4535510540008545,-6.207392152563972,-0.015185913
0.21599984169006348,100,0.011647747,16.065585374832153,1505.3555464744568,-1.750715657926473,1.5886893257487533,13.40033745765686,1.2850965918084964,0.0070002079010009766,910000,90,16.290582180023193,-1.6535906622578889,2.4063243865966797,-4.603418943241639,0.010496796
0.2149653434753418,100,-0.00045837098,16.69180154800415,1522.282307624817,-1.5361674995768706,1.1571067238158346,13.984443664550781,1.6537453391447532,0.007994413375854492,920000,91,16.914761304855347,-1.2871483355852837,2.45465087890625,-7.2004144790859765,-0.0019706818
0.21596193313598633,100,-0.011994739,16.72802495956421,1539.2453010082245,-1.6079006628368637,1.0575893736463169,14.03673243522644,1.49746255303158,0.007007122039794922,930000,92,16.95099401473999,-1.321486793440427,2.457921266555786,-6.626031630857879,-0.012928955
0.2149677276611328,100,0.014770624,16.118031978607178,1555.598329782486,-1.58764838438405,1.0538198629395028,13.4669349193573,1.179302962536233,0.007030487060546875,940000,93,16.340030193328857,-1.305293261137644,2.3590846061706543,-5.040084401197548,0.012959119
0.2169971466064453,100,-0.011068385,16.563348531723022,1572.398674249649,-1.5583844684767936,1.4418194425371509,13.876423597335815,0.9640491815406943,0.006999015808105469,950000,94,16.788344144821167,-1.155720742434457,2.425553798675537,-3.7538917131418694,-0.012745824
0.21599769592285156,100,-0.0051441286,16.030761003494263,1588.6654336452484,-1.528704572012235,1.4991052985331945,13.312132120132446,1.468949131693604,0.007999658584594727,960000,95,16.25475835800171,-1.277504211506392,2.4663984775543213,-5.9460825602175404,-0.007764606
0.22096872329711914,100,-0.012836413,16.20884943008423,1605.1152522563934,-1.5423208570881999,1.040858600922087,13.516850471496582,1.3541704678195028,0.006999969482421875,970000,96,16.43781876564026,-1.2934693190313482,2.42740797996521,-5.783524999600846,-0.014014566
0.21596765518188477,100,0.0003408264,16.51924753189087,1621.8705065250397,-1.4788085766148498,1.6008002101168175,13.846288442611694,1.356271241827304,0.007039070129394531,980000,97,16.74325442314148,-1.1822451556980789,2.4287397861480713,-6.568200784717442,-0.0027362853
0.21599936485290527,100,-0.010366535,16.2029287815094,1638.308403968811,-1.414717258591829,1.4770908102212865,13.581121683120728,1.2782168811107715,0.006968498229980469,990000,98,16.425896644592285,-1.0022721553969745,2.3758342266082764,-4.508455378723188,-0.013733355
0.21596598625183105,100,-0.010957294,16.05842399597168,1654.602795600891,-1.5558795408787918,1.4689838448256824,13.343413829803467,1.565478912376494,0.0070002079010009766,1000000,99,16.28239154815674,-1.2673082213656877,2.478651285171509,-6.78644767704716,-0.012326446
0.22496867179870605,100,0.0018083191,16.512287378311157,1671.3590815067291,-1.479999572361666,1.3973570618699733,13.80121898651123,1.4277800714414148,0.007030963897705078,1010000,100,16.74428701400757,-1.0911880703428758,2.4674224853515625,-5.839253419033379,2.3461915e-05
0.21600079536437988,100,0.0037286743,16.180029153823853,1687.7760753631592,-1.662532415698941,1.5251625189513964,13.600028276443481,1.409384164758723,0.006963968276977539,1020000,101,16.404994010925293,-1.3354598895173098,2.336470127105713,-6.643723296818925,0.0027175904
0.2180020809173584,100,0.007548442,16.28602623939514,1704.3000693321228,-1.3527366227745068,2.069289635291517,13.66958737373352,1.4853625497872474,0.00796651840209961,1030000,102,16.5119948387146,-0.9944253811359696,2.3802361488342285,-6.195716749934677,0.0059911385
0.23000001907348633,100,0.0040424317,16.644127368927002,1721.1941680908203,-1.4035748287292455,1.2467720264034956,13.921364307403564,1.0628408745786795,0.007972478866577148,1040000,103,16.882099866867065,-0.8852097089502463,2.4342968463897705,-3.7486036493775314,0.003435965
0.21496868133544922,100,0.005643137,16.13716435432434,1737.566300868988,-1.3152796528794506,1.3635077361706118,13.493429899215698,1.1919716963881795,0.007999897003173828,1050000,104,16.360132932662964,-0.8526106672508804,2.413532018661499,-5.362364057704405,0.0038494843
0.2299666404724121,100,-0.024317147,16.351794958114624,1754.1670939922333,-1.3475353321415835,1.8427688264543625,13.639216899871826,1.1265711672874785,0.007032871246337891,1060000,105,16.588794469833374,-0.8095061001850102,2.471743583679199,-3.9672613638858776,-0.02528165
0.2149982452392578,100,-0.007879102,16.5752375125885,1770.9762976169586,-1.4273862861847824,2.5140112430763653,13.873173236846924,1.3492811699743612,0.0069675445556640625,1070000,106,16.797203302383423,-0.7978753740157067,2.4497134685516357,-6.211262887486819,-0.010228088
0.21399998664855957,100,-0.002796913,16.61411428451538,1787.823409318924,-1.3412921491147223,1.8573816840795825,13.88789439201355,1.3477199661289427,0.006998538970947266,1080000,107,16.835112810134888,-0.8026976056449291,2.4599578380584717,-6.005929912226683,-0.0042160936
0.21500015258789062,100,0.004394458,16.4345600605011,1804.4929707050323,-1.3599182082245758,1.6338965209119283,13.809733390808105,1.5617542412314456,0.007001161575317383,1090000,108,16.657559633255005,-0.9030895792524208,2.392805337905884,-6.3716644631418475,0.0030053223
0.21899676322937012,100,-0.010560708,16.398885488510132,1821.129852771759,-1.3511319288635628,1.710788951953348,13.618242025375366,1.4684227116907596,0.006999969482421875,1100000,109,16.624882221221924,-0.7418398280210794,2.530749559402466,-7.161884846796538,-0.011004391
0.21698355674743652,100,0.018372787,16.51999855041504,1837.8878238201141,-1.378742258596603,1.6274246762597997,13.895700693130493,1.4723535408734265,0.007016897201538086,1110000,110,16.744969367980957,-0.8463025312988813,2.3603503704071045,-5.712945589814288,0.015778055
0.21799945831298828,100,-0.017028498,16.358088731765747,1854.484878063202,-1.4025055463841982,1.8148128686548815,13.695218801498413,1.5290448414841564,0.006966590881347656,1120000,111,16.58505654335022,-0.9545706374991139,2.399291753768921,-5.727551714492466,-0.018727796
0.22096896171569824,100,0.0006982239,16.390326261520386,1871.115204334259,-1.412741839270328,1.537441588026995,13.753597021102905,1.2316066627176812,0.007030963897705078,1130000,112,16.61832618713379,-0.8345573660236851,2.3967509269714355,-4.99556444304965,0.0007399353
0.23299956321716309,100,-0.008004071,16.687817335128784,1888.0560190677643,-1.2536091874462318,1.8382939386767205,13.997671842575073,1.4947227201009345,0.00699925422668457,1140000,113,16.928815841674805,-0.7262933136342362,2.4125640392303467,-7.562884163697091,-0.009003781
0.22296690940856934,100,0.011630499,16.65777897834778,1904.9577646255493,-1.4087244769903997,2.007431592930962,13.909818410873413,1.2829745000041124,0.006999969482421875,1150000,114,16.88874650001526,-0.7745522696210273,2.4311420917510986,-5.7340797775332994,0.010017746
0.21597075462341309,100,-0.020399835,16.554700136184692,1921.7494714260101,-1.4106155530890943,1.7839003925009496,13.832210779190063,2.0023464755174833,0.008030414581298828,1160000,115,16.779705286026,-0.8890944421886102,2.4652721881866455,-15.767345035140837,-0.022130856
0.22100210189819336,100,0.017122412,16.214468717575073,1938.204939365387,-1.416697886694811,1.7467852278066964,13.625499486923218,1.5282380913740092,0.0069980621337890625,1170000,116,16.443469047546387,-0.8878347909310503,2.3566603660583496,-6.0885870434377,0.01678695
0.2239975929260254,100,-0.033950184,15.787995100021362,1954.23593211174,-1.3948787851651698,1.8638858226724024,13.085983276367188,1.31345237996297,0.006999969482421875,1180000,117,16.01899266242981,-0.8241496419145315,2.448010206222534,-6.092863403626905,-0.034568127
0.21699738502502441,100,0.0001385376,16.559180974960327,1971.0320844650269,-1.2266416050150428,1.7908070090737191,13.891911745071411,1.5166647488453096,0.0069696903228759766,1190000,118,16.7841534614563,-0.6913854437878086,2.4253597259521484,-6.137266265554901,-0.00041972045
0.21796894073486328,100,-0.0013906189,15.783026933670044,1987.0520792007446,-1.253472147432498,2.8810652672851282,13.056090354919434,1.5931324473765722,0.0069980621337890625,1200000,119,16.007993936538696,-0.7947259810775216,2.4565589427948,-7.0979836905336,-0.0025369935
0.2129993438720703,100,-0.009455084,15.83502745628357,2003.1200735569,-1.3596321939156963,2.3288712019560482,13.043283939361572,2.071668500112096,0.006032705307006836,1210000,120,16.055994510650635,-0.7512158256257695,2.5443220138549805,-16.96213352767226,-0.009999316
0.21496915817260742,100,-0.00488278,16.59742760658264,2019.953501701355,-1.3319512034417178,1.7947982708729728,13.874396562576294,1.4444155933174907,0.008032560348510742,1220000,121,16.82042932510376,-0.8033557124974082,2.4648616313934326,-6.117799650529532,-0.0057015587
0.21300053596496582,100,0.013889041,15.895017623901367,2036.080495595932,-1.2567651211823567,2.062002965980814,13.167322158813477,1.269573428693621,0.006975889205932617,1230000,122,16.114994049072266,-0.5417066408357707,2.4851648807525635,-4.256869483240428,0.012727704
0.2149670124053955,100,-0.00015996094,16.44256830215454,2052.7580280303955,-1.2825553591726504,2.3188639094714896,13.75224494934082,1.3844767174577652,0.0069997310638427734,1240000,123,16.66453504562378,-0.5952027523171897,2.4231069087982178,-5.699247576603305,-0.0022706543
0.23000097274780273,100,-0.006889154,16.801993370056152,2069.8100209236145,-1.103565831927655,2.557618378780269,14.069151639938354,1.4081666764804097,0.006998777389526367,1250000,124,17.03999423980713,-0.4127574494392651,2.4674081802368164,-7.357988770270079,-0.006950879
0.3059988021850586,100,-0.0016151672,16.22881579399109,2086.3728346824646,-1.214590188053719,2.2576680050132247,13.593663930892944,1.5213942951101382,0.015001535415649414,1260000,125,16.55081295967102,-0.5783048635104908,2.3445043563842773,-5.905075148320706,-0.0025368775
0.2509727478027344,100,-0.009862616,16.5689959526062,2103.2138266563416,-1.2702795226627606,2.011319763108914,13.788458824157715,1.4546963710113194,0.0070247650146484375,1270000,126,16.827993869781494,-0.6336285283268077,2.5241706371307373,-7.534146694959782,-0.010731097
0.24700069427490234,100,-0.00053007505,16.6957368850708,2120.1775274276733,-1.306898119542264,1.7236179140062178,13.90003490447998,1.192523370311623,0.006997346878051758,1280000,127,16.951700687408447,-0.5387509123876226,2.5340256690979004,-4.494507581824166,-0.0017803131
0.23599839210510254,100,0.0061404253,16.871747970581055,2137.304272890091,-1.51395547297177,1.9269675960241313,14.211519718170166,2.485270245758096,0.00699925422668457,1290000,128,17.114745616912842,-0.9331057478361519,2.4174466133117676,-14.938915229268801,0.00485403
0.23197364807128906,100,0.003710974,16.24324369430542,2153.7995166778564,-1.0497406001090797,2.36296331020235,13.560645580291748,1.3016356336182047,0.006001710891723633,1300000,129,16.483243942260742,-0.2961675264979052,2.4372146129608154,-6.001769262830822,0.0030420106
0.23199796676635742,100,0.011903094,16.697914123535156,2170.7483990192413,-1.3657677295180934,1.3162313880919,13.991986751556396,2.0521800919923026,0.006970882415771484,1310000,130,16.936882972717285,-0.7670653425170574,2.4589366912841797,-14.855836312504145,0.010704489
0.23599815368652344,100,0.016259886,16.289247512817383,2187.293645143509,-1.4414188476423462,2.320011480822714,13.685442924499512,2.035325396993029,0.006999969482421875,1320000,131,16.532245635986328,-0.841548469932324,2.3423819541931152,-15.428643818005147,0.0155500965
0.23296833038330078,100,-0.016779827,16.62172222137451,2204.168333053589,-1.308861912595181,1.8208896595227955,13.856612205505371,1.5410170055067627,0.006997346878051758,1330000,132,16.862688064575195,-0.6144216227121957,2.5101065635681152,-7.974392534008537,-0.017902624
0.23299813270568848,100,0.016597519,16.636104106903076,2221.057433605194,-1.1258569057054333,2.3396242607892836,13.844630241394043,1.595665513322015,0.006998538970947266,1340000,133,16.877100467681885,-0.4072057214349124,2.5266897678375244,-5.118048057507375,0.015692748
0.23196744918823242,100,0.008133561,16.65799617767334,2237.9684262275696,-1.1408766261108267,2.612806522709836,13.981816291809082,1.3132077034804948,0.007030487060546875,1350000,134,16.898993730545044,-0.32932496143121354,2.4244420528411865,-6.235365600987204,0.0065846597
0.2349998950958252,100,0.0011368165,16.71456265449524,2254.9369876384735,-1.1842669234114802,2.2722080891756677,14.023958444595337,1.353117536388244,0.006998538970947266,1360000,135,16.95656108856201,-0.4060031849732006,2.439744710922241,-5.35450870271664,0.001109018
0.23296856880187988,100,6.567383e-06,16.062456369400024,2271.251441717148,-1.1274044986982077,2.8906217778165377,13.385550498962402,1.6040473570443574,0.007029294967651367,1370000,136,16.302454233169556,-0.37180818420220985,2.389187812805176,-7.050767511505504,-0.0010619187
0.23796534538269043,100,0.016368762,15.987040042877197,2287.4964356422424,-1.328743791708221,2.120481883452941,13.50393271446228,1.3358278608652674,0.006988525390625,1380000,137,16.23299527168274,-0.7064339699186837,2.2503814697265625,-4.770454908479229,0.015611859
0.2339951992034912,100,-0.011429105,16.310007095336914,2304.0614361763,-1.1381080727639923,2.4290984503927198,13.680893421173096,1.9040287780658318,0.00699925422668457,1390000,138,16.55300211906433,-0.3025341561461125,2.3884284496307373,-13.682014849343858,-0.012651498
0.2429664134979248,100,0.011549968,16.582989931106567,2320.909391641617,-1.23857809105593,2.505261064292235,13.823667526245117,1.4939099329694687,0.00799703598022461,1400000,139,16.83495306968689,-0.4389598562446283,2.504040002822876,-7.448588637273315,0.010726722
0.23399925231933594,100,4.2248535e-05,16.17068099975586,2337.334072113037,-1.1364722305100907,2.6276224237965917,13.515395402908325,1.3269055026000456,0.007032632827758789,1410000,140,16.41268038749695,-0.2722371330719193,2.4247636795043945,-5.01834624857565,-0.00065056764
0.23799848556518555,100,0.00019665222,16.409104824066162,2354.0001745224,-1.2254351401643369,2.780193460710416,13.72141718864441,1.5711899266429352,0.0069997310638427734,1420000,141,16.65410304069519,-0.4271350974188881,2.4456734657287598,-4.810520304145341,-0.00061434327
0.23599815368652344,100,-0.0052354187,16.60799527168274,2370.8631677627563,-1.151209328580895,2.361807484495907,13.869843482971191,1.5181528232960733,0.0070002079010009766,1430000,142,16.850993633270264,-0.357618635129638,2.480160713195801,-5.215493368025225,-0.0065164855
0.2369983196258545,100,0.005012125,16.03199577331543,2387.1521611213684,-1.107622131945989,2.0281518635965985,13.272956132888794,1.5596969886100316,0.006999969482421875,1440000,143,16.27699375152588,-0.3337857844661075,2.51505708694458,-6.0975559882584065,0.004107742
0.23399853706359863,100,-0.0017414063,16.353996515274048,2403.7601544857025,-0.907723390230938,2.660873231788986,13.589724779129028,1.3009405614137903,0.006999969482421875,1450000,144,16.59499502182007,0.07178647770469372,2.5103237628936768,-5.421873858470994,-0.0041851755
0.24096989631652832,100,0.0029910584,16.463581800460815,2420.4837353229523,-1.0608658403452558,2.8755488679149104,13.80963659286499,1.9479242676546655,0.007029533386230469,1460000,145,16.711581230163574,-0.29219144558139243,2.3956820964813232,-8.035327369192638,0.0022079223
0.22999787330627441,100,-0.01692945,16.252315282821655,2436.9850487709045,-0.9603855100025985,2.989003132424818,13.633062601089478,1.557339283741537,0.0070002079010009766,1470000,146,16.48931336402893,-0.03499168872632172,2.384068727493286,-6.257870262153041,-0.017679065
0.2349686622619629,100,-0.014715918,16.63741183280945,2453.878420352936,-1.0413983346185365,2.963384729646613,13.8965163230896,1.5466613992348655,0.007989645004272461,1480000,147,16.881369829177856,-0.04389103353675045,2.452360153198242,-6.490326089874575,-0.017088043
0.23399901390075684,100,0.004207759,16.63312005996704,2470.76450920105,-1.0442780935603002,3.0830739378509175,13.87898564338684,1.76212585485722,0.006970643997192383,1490000,148,16.87408971786499,-0.11267384003747066,2.490582227706909,-7.755041651806715,0.00285963
0.22896718978881836,100,0.016422682,15.876587390899658,2486.8900606632233,-1.0612026926060572,3.34838717335961,13.397401332855225,2.3454092837674363,0.00703120231628418,1500000,149,16.113550662994385,-0.2248821322692478,2.2424166202545166,-15.758072372893725,0.011311688
0.23499774932861328,100,0.009152501,16.393909215927124,2503.539967060089,-1.0170349363127464,3.274842524619877,13.682792901992798,2.336500910507125,0.008000373840332031,1510000,150,16.63690733909607,-0.006275983804321794,2.441376209259033,-16.209402375239105,0.0075805937
0.23099970817565918,100,-0.01847411,15.919732570648193,2519.709695339203,-0.8416174816765151,3.749919224919028,13.188679218292236,1.767826206825201,0.0069959163665771484,1520000,151,16.15772819519043,0.1525662432035417,2.4843804836273193,-5.906546535291774,-0.023353597
0.23296236991882324,100,0.009931302,16.075977563858032,2536.0376374721527,-0.9265451344838178,2.987329283702391,13.34521222114563,1.7622511476165712,0.007002353668212891,1530000,152,16.31594228744507,0.04228582802766453,2.481865644454956,-5.627276363781417,0.0069597154
0.23197317123413086,100,-0.0049332823,16.192978620529175,2552.4816138744354,-1.103367116796449,3.1905658210457886,13.49342942237854,2.308603740784562,0.007025241851806641,1540000,153,16.431977033615112,-0.22275260338301486,2.4456093311309814,-11.966982292128748,-0.008936481
0.23299860954284668,100,0.014127093,16.671592950820923,2569.406205892563,-1.0339609034635653,2.9867571104820603,13.958269119262695,2.1198458797259367,0.006999492645263672,1550000,154,16.911591053009033,-0.11784862833455734,2.4699485301971436,-14.052649802621314,0.008627509
0.24796533584594727,100,-0.01292561,16.027105569839478,2585.7002885341644,-1.0048570902401128,3.425898821503789,13.293653964996338,2.0726425064337795,0.0070116519927978516,1560000,155,16.282082557678223,-0.10072517188291358,2.48317289352417,-5.9335198071916855,-0.017708529
0.23299813270568848,100,-0.014295258,16.58781361579895,2602.5420722961426,-0.9061227285983077,2.9306677731308874,13.881105422973633,1.9946091021106038,0.00599980354309082,1570000,156,16.829781532287598,0.10367420009164657,2.4669289588928223,-6.691460326589503,-0.021389917
0.23597025871276855,100,0.0012665153,16.131378650665283,2618.9294216632843,-1.0175383421196826,2.8016842154921435,13.662822723388672,2.02067144553511,0.00599980354309082,1580000,157,16.375349044799805,-0.1004719047403435,2.2364065647125244,-6.125024355885129,-0.004074338
0.22996783256530762,100,-0.022408267,16.803232431411743,2635.9816517829895,-0.8364584346930056,4.470842532997346,14.013964891433716,1.9009212864957878,0.007030487060546875,1590000,158,17.040230751037598,0.23109220529339436,2.4596610069274902,-5.685371093873301,-0.028994376
0.2579987049102783,100,0.024097422,16.672158002853394,2652.934809923172,-0.7905844852311513,4.0346300186827815,13.949652194976807,1.932013679426541,0.007000446319580078,1600000,159,16.940157413482666,0.4311919009888151,2.4627320766448975,-5.253099576278874,0.015805282
0.23396873474121094,100,0.0020273682,16.451460123062134,2669.641268014908,-1.027459162269537,3.40878217330956,13.756694316864014,2.932646818331751,0.007029533386230469,1610000,160,16.69445824623108,-0.08032788573614204,2.4454331398010254,-15.258710027213889,-0.011295508
0.23397541046142578,100,0.008571381,16.292936325073242,2686.1882033348083,-1.0387352508891576,3.222191281436484,13.682273149490356,2.820561175206984,0.007023334503173828,1620000,161,16.533935070037842,-0.057187438462014725,2.3507392406463623,-17.370380991400474,-0.009577213
0.23596429824829102,100,-0.016597174,16.184704780578613,2702.6278727054596,-0.9853829897800799,4.053182210877778,13.540312767028809,3.079867729456892,0.0070018768310546875,1630000,162,16.42767095565796,0.05840985401470162,2.3947582244873047,-14.820603050444047,-0.046756543
0.23299694061279297,100,0.01498988,16.492878675460815,2719.373750448227,-0.7371165922408477,4.464482548472419,13.809465169906616,2.5785001683890587,0.007001161575317383,1640000,163,16.733876705169678,0.39081994583305757,2.4399101734161377,-15.486589193648694,-0.0124088805
0.23196744918823242,100,-0.0037362834,16.34663224220276,2735.9723834991455,-0.5459311590240706,4.4768301284617324,13.687862873077393,2.3427969436423175,0.007031679153442383,1650000,164,16.586631536483765,0.7248781216168656,2.4183402061462402,-6.42840360384781,-0.056843273
0.23396778106689453,100,-0.013006406,16.431825399398804,2752.6571714878082,-0.5962193900328809,4.096665909290046,13.65567421913147,2.413949153566737,0.0069959163665771484,1660000,165,16.672789096832275,0.4720207535335482,2.523249626159668,-7.273327758474144,-0.1645698
0.23299860954284668,100,-0.011130722,16.469019651412964,2769.3801872730255,-0.30795741714182345,5.166361326901098,13.824689149856567,2.3094476866135523,0.006999492645263672,1670000,166,16.711015462875366,0.8958435260911731,2.397850275039673,-5.471762366448417,-0.83354324
0.2330000400543213,100,-0.0059900726,16.21172285079956,2785.8459103107452,-0.3426035179346831,8.509934096097204,13.5015127658844,2.9423052780815913,0.00800013542175293,1680000,167,16.453723192214966,0.1423343315608283,2.4412899017333984,-5.775302046040089,-6.628825
0.24296903610229492,100,0.0012207886,16.391993522644043,2802.4999027252197,1.8251320414352146,6.190024350006006,13.631916284561157,1.8184203155254117,0.007030010223388672,1690000,168,16.641992568969727,2.7226480357401437,2.498621940612793,-10.498846953356425,-34.921906
0.23196840286254883,100,-0.0011910808,16.471556186676025,2819.2244572639465,0.7757981860171309,6.311643552424894,13.654839754104614,2.6037365486510278,0.007029533386230469,1700000,169,16.712554931640625,2.343140673853171,2.5177717208862305,-19.556748312515015,-38.296482
0.2349708080291748,100,0.011041708,16.262166261672974,2835.741625070572,-1.440651928135523,5.739855466724793,13.506991147994995,3.762441417446827,0.00703120231628418,1710000,170,16.50516939163208,-4.275538956311717,2.496171474456787,-14.614068299445549,-54.18675
0.23799586296081543,100,0.017773611,16.652989625930786,2852.651608467102,-2.229880825816309,-0.07805752018485634,13.812400341033936,2.8044786844646192,0.0070002079010009766,1720000,171,16.897985696792603,-6.811010230816448,2.5871689319610596,-13.112872736160787,-28.468687
0.23496198654174805,100,-0.007144174,16.698816537857056,2869.6044251918793,-1.8578019939585666,8.462542118801776,13.92353081703186,3.8592071256343643,0.007036685943603516,1730000,172,16.940815210342407,-6.718244486305481,2.518994092941284,-13.41158369284086,-0.74656343
0.24499797821044922,100,0.025992883,16.5978741645813,2886.4662792682648,-0.1911008392716846,17.500717642893598,13.807504653930664,7.4089196500489924,0.006982088088989258,1740000,173,16.849854230880737,-4.2459098429200735,2.5504567623138428,-12.287648543099579,-0.48749375
0.23996639251708984,100,0.017008597,16.54014015197754,2903.2664177417755,1.8783456589464707,19.212044052264503,13.814382791519165,9.713056220978904,0.007031440734863281,1750000,174,16.78813934326172,-1.219062467872524,2.4849274158477783,-12.61041144717244,-0.20864072
0.23696517944335938,100,0.0154292695,16.351442575454712,2919.874861717224,3.3849385301623376,21.483755506135157,13.582917213439941,10.65920131923928,0.0070362091064453125,1760000,175,16.596445560455322,0.9307837273508871,2.523930072784424,-11.857330743317192,-0.097266555
0.2759993076324463,100,-0.00870271,16.409642457962036,2936.5795016288757,2.9176178907346446,21.025349502545957,13.579889059066772,10.776619229181176,0.0070002079010009766,1770000,176,16.692641973495483,0.33282826073046884,2.596626043319702,-12.831979181933923,-0.069717966
0.23396778106689453,100,-0.01201535,16.001025199890137,2952.8344950675964,3.810943696296002,19.530920369344525,13.193354845046997,10.00383913286736,0.00700068473815918,1780000,177,16.24199366569519,1.539979166366752,2.5606508255004883,-12.985986081827381,-0.04246258
0.24799728393554688,100,-0.001918274,16.45389199256897,2969.5563468933105,3.2192303817437544,20.734332994545742,13.668771505355835,10.345114294812793,0.006963014602661133,1790000,178,16.708852291107178,0.7067767745502179,2.5253241062164307,-12.92377638626552,-0.02085984
0.3509681224822998,100,0.002944458,16.681995630264282,2986.6083402633667,4.835842050298757,21.099602518998307,13.958656311035156,9.714827771928075,0.007029056549072266,1800000,179,17.039992809295654,2.9883729842989077,2.4830119609832764,-11.298749696140003,-0.005402234
0.236968994140625,100,-0.012784936,16.54899573326111,3003.415334224701,4.697680985347106,20.271625830692727,13.789706230163574,9.813254867147265,0.0069997310638427734,1810000,180,16.79499387741089,2.918520255540558,2.4576942920684814,-13.087010132777399,-0.01926106
0.23199748992919922,100,0.026531525,16.039019107818604,3019.706350326538,4.305054812246834,20.298662585855688,13.34174919128418,9.686337189345128,0.008000373840332031,1820000,181,16.279016971588135,2.2368888905840727,2.46382212638855,-11.623066782295664,0.025243964
0.23299860954284668,100,0.0029588288,16.086771249771118,3036.046083688736,5.366529698886687,20.3843245900051,13.311206817626953,10.065427967873584,0.007963180541992188,1830000,182,16.327733039855957,3.8041066239584573,2.5147597789764404,-12.586987871898373,0.00088392943
0.23299551010131836,100,0.0056019775,16.765992164611816,3053.0640745162964,6.024367652506434,22.75851063479841,13.959009647369385,10.534356544884345,0.007003307342529297,1840000,183,17.005990982055664,4.813373209099157,2.5560009479522705,-12.073285495069445,0.003981024
0.2330000400543213,100,-0.00060172117,16.733757257461548,3070.0498344898224,4.45826126831123,20.20540508437646,13.966525077819824,10.243481453156202,0.007000446319580078,1850000,184,16.97375774383545,2.602902825597821,2.5094926357269287,-12.467489848587874,-0.0032053925
0.22996783256530762,100,0.024373319,16.10151171684265,3086.401346921921,5.840731157290042,22.261532609420282,13.32202959060669,10.304333997283466,0.007032155990600586,1860000,185,16.339512586593628,4.5389321052824005,2.5255539417266846,-12.092722322905626,0.022161182
0.27199864387512207,100,-0.00083044585,16.777188777923584,3103.470535516739,5.133102894151952,21.052675296197396,13.991352796554565,10.106131014651616,0.008001327514648438,1870000,186,17.057188749313354,3.5323801479677184,2.5088043212890625,-12.680562774003498,-0.0040873606
0.2389678955078125,100,-0.0037700196,16.522995233535767,3120.254527568817,4.68580463825821,21.451804748894283,13.776042222976685,11.00209643783707,0.007029294967651367,1880000,187,16.76899242401123,2.8646810276267973,2.505559206008911,-12.626406607434403,-0.0032556762
0.23396897315979004,100,-0.00029744263,16.612471342086792,3137.1200003623962,4.633497627727734,21.98768443193037,13.837618112564087,10.482842235795962,0.007031917572021484,1890000,188,16.853472232818604,2.8224878879913087,2.514842987060547,-12.336399021732465,-0.00072575075
0.2389984130859375,100,0.01225459,16.861666440963745,3154.239664554596,5.087042893573454,21.45852896574156,14.094813823699951,11.211739795193024,0.00700068473815918,1900000,189,17.107665538787842,3.416801810868906,2.510183811187744,-12.911100355926209,0.011622278
0.2369675636291504,100,-0.0009822388,15.900168895721436,3170.3958003520966,6.653978882433545,19.703446076070588,13.227036476135254,10.511079354284279,0.0070002079010009766,1910000,190,16.144136667251587,5.7515176709257325,2.4601075649261475,-12.111198307940672,-0.0011724762
0.23199748992919922,100,-0.0062478636,16.783663988113403,3187.4314637184143,4.836554801475974,22.261369658028016,13.889068365097046,10.97250065948472,0.007002592086791992,1920000,191,17.023664236068726,3.128640909038966,2.59672474861145,-12.32286746868352,-0.0066262693
0.23099875450134277,100,0.00015464306,16.627018451690674,3204.309457540512,4.9658782085816195,21.323626940174144,13.831165552139282,10.033598436845955,0.006976604461669922,1930000,192,16.864993810653687,3.2704542212452647,2.5275700092315674,-12.717491870145286,-0.000792374
0.24199962615966797,100,-0.0020390681,16.557995319366455,3221.1304507255554,6.2130756412370305,22.674338892550914,13.864090204238892,9.872707437859331,0.006999969482421875,1940000,193,16.80799436569214,4.975339974218121,2.4509642124176025,-12.212762648180695,-0.0030959882
0.23096990585327148,100,0.0013349487,16.02043128013611,3237.4018807411194,5.444689026373954,21.699954727548654,13.288699388504028,10.435012965313717,0.007027626037597656,1950000,194,16.259431838989258,3.9473782269826527,2.5033748149871826,-11.038456275617667,0.00076169433
0.23996806144714355,100,-0.012936575,16.72633957862854,3254.3881821632385,6.780112457581461,21.796830961367903,13.845616102218628,10.927052230361097,0.006995677947998047,1960000,195,16.974303007125854,5.877076600059749,2.6309685707092285,-11.322097112559108,-0.014526675
0.23799705505371094,100,0.012728894,16.849074602127075,3271.4952521324158,5.662416961209646,21.39874251531785,14.013979196548462,10.321228399280725,0.0069997310638427734,1970000,196,17.095070600509644,4.310824089539885,2.5497395992279053,-11.816144517683728,0.012067584
0.23699593544006348,100,0.009373871,16.200703144073486,3287.9539177417755,6.329982275267988,22.375378094259762,13.377862691879272,10.409648610156566,0.007002353668212891,1980000,197,16.4466655254364,5.2982814811838725,2.576864242553711,-12.879726186935946,0.0086010555
0.24096989631652832,100,-0.037443466,16.801177978515625,3305.015075445175,7.564000980587852,21.8586569090347,13.965169191360474,9.781702410601314,0.0070095062255859375,1990000,198,17.04915738105774,7.055340191642105,2.5867855548858643,-11.859557880578441,-0.039750237
0.23599743843078613,100,0.006136328,16.43191146850586,3321.701984167099,6.9244177681345755,21.770449198929438,13.652763605117798,10.615958513095965,0.0070002079010009766,2000000,199,16.674909114837646,6.076208966078709,2.5168697834014893,-12.78954837105722,0.0050950926
0.23096561431884766,100,-0.002592688,16.748127698898315,3338.700108528137,7.038596914388382,21.80929020873272,13.931410551071167,10.012128467435668,0.007032632827758789,2010000,200,16.987125873565674,6.336400098467545,2.565661668777466,-12.68558826788096,-0.004009082
0.23399996757507324,100,-0.0070312195,16.636783123016357,3355.5898909568787,5.156735338964234,21.213058195656956,13.780988216400146,10.087348412910915,0.006998538970947266,2020000,201,16.877781629562378,3.528462669146633,2.5692951679229736,-12.137028505168939,-0.007188251
0.23099923133850098,100,-0.017856555,16.36090636253357,3372.2007966041565,6.797969226029438,20.870025828171325,13.677714347839355,10.222883765670312,0.0070002079010009766,2030000,202,16.59890580177307,5.979375699729373,2.4388060569763184,-12.51983132301698,-0.018509643
0.23297405242919922,100,0.0036556153,16.70299482345581,3389.155790090561,6.8823952407921265,21.987510729207237,13.944820165634155,10.473789838345098,0.0070247650146484375,2040000,203,16.942993640899658,6.010091382328194,2.495131492614746,-11.425892568952998,0.0033130492
0.22997140884399414,100,-0.00095382996,16.36899423599243,3405.7747831344604,5.8293579507309845,20.76711357106521,13.614722490310669,10.09525210609303,0.0070269107818603516,2050000,204,16.606993675231934,4.46092891123991,2.489290475845337,-11.83805144719554,-0.002129474
0.23399782180786133,100,0.011347119,16.56490921974182,3422.593660593033,6.885543930661824,21.123306598173897,13.829505205154419,9.920697382274948,0.007970809936523438,2060000,205,16.806877851486206,6.097888110560798,2.4882495403289795,-12.741813171235307,0.010560571
0.23299574851989746,100,-0.0035024048,16.598111391067505,3439.4437391757965,6.515561150614043,21.835548915233097,13.876213550567627,10.581979697500975,0.006971597671508789,2070000,206,16.83807873725891,5.6525217291718794,2.465742826461792,-12.70224816840375,-0.0064667603
0.23600006103515625,100,-0.007872803,16.24117398262024,3455.9409120082855,7.202132439986035,20.502817500790012,13.528279304504395,9.440884043482754,0.007998466491699219,2080000,207,16.485172510147095,6.581800816399308,2.4591381549835205,-12.194997148492257,-0.010190497
0.23299765586853027,100,-0.016140774,16.549994707107544,3472.742903470993,7.803250139584399,20.085560726891167,13.717669010162354,9.94943578012202,0.006999492645263672,2090000,208,16.789991855621338,7.39179858647682,2.575024127960205,-13.141904111339718,-0.018169643
0.23296689987182617,100,-0.011261051,16.598973274230957,3489.5998764038086,7.694780594893922,21.696893434984695,13.831727027893066,10.109796508127245,0.0070323944091796875,2100000,209,16.839972496032715,7.220043989866471,2.527756929397583,-12.780614879800847,-0.013347497
0.23596811294555664,100,-0.0101273665,16.810790538787842,3506.6656234264374,7.647099466946698,20.933966549559802,13.981539726257324,9.493194858906358,0.006989002227783203,2110000,210,17.05374765396118,7.153230772115553,2.5723259449005127,-12.663581325774624,-0.010701181
0.2319958209991455,100,0.0071098753,16.744132041931152,3523.661750793457,6.695596001157074,21.034341717858865,13.895893573760986,10.250281843449185,0.00800013542175293,2120000,211,16.98412799835205,5.793824623308567,2.5861382484436035,-11.614729695567013,0.006062146
0.23299956321716309,100,0.005523108,16.78494381904602,3540.6986927986145,9.134231220923304,20.421860708555094,13.948337078094482,9.245365853450881,0.006998538970947266,2130000,212,17.02494192123413,9.306887914129474,2.539342164993286,-10.87162477599705,0.0023061645
0.23799562454223633,100,0.0007016968,16.640392541885376,3557.59708237648,8.236835846461602,22.88662911102694,13.91506838798523,9.716779770508968,0.0070018768310546875,2140000,213,16.88638973236084,7.989155028369039,2.4687387943267822,-12.086600537840024,-0.0024496643
0.23497915267944336,100,0.011879517,16.638730764389038,3574.4898133277893,7.375699657298454,20.496273253784867,13.7785062789917,9.696574684286759,0.0070188045501708984,2150000,214,16.880728721618652,6.796232008188216,2.600965976715088,-12.253768311866986,0.007274585
0.23399972915649414,100,0.013177975,16.307276964187622,3591.052092075348,8.027631053951358,22.430544729372503,13.609416723251343,10.603998773866397,0.009001016616821289,2160000,215,16.550277709960938,7.752608782890252,2.4754772186279297,-12.53334463476117,0.01058257
0.2449631690979004,100,-0.0031101974,16.400634288787842,3607.716693878174,7.219302821939103,21.607906605705022,13.652809858322144,10.233178355077234,0.007004737854003906,2170000,216,16.652602195739746,6.521968693332618,2.5063369274139404,-11.924325565707163,-0.004641766
0.23600101470947266,100,-0.0040212767,16.730905532836914,3624.7045998573303,7.506380446124328,21.503065073449697,14.020140409469604,10.569942592319705,0.006999015808105469,2180000,217,16.97590446472168,7.095203404842182,2.460524082183838,-12.101340680641663,-0.004500879
0.36099767684936523,100,-0.005609235,16.539994478225708,3641.626591682434,8.443074238145533,18.03013865304824,13.837491750717163,8.833140920462375,0.008000373840332031,2190000,218,16.909992456436157,8.520586244931168,2.451734781265259,-11.937993282609606,-0.007707025
0.2329704761505127,100,-0.013597601,16.54599380493164,3658.424585580826,8.735555282254005,21.444156873360484,13.748236656188965,9.618022204858502,0.0070285797119140625,2200000,219,16.785992860794067,8.79907009495346,2.5460939407348633,-12.380416845815112,-0.017289856
0.23196816444396973,100,-0.003812024,16.68108892440796,3675.3566727638245,7.800832622247746,18.754697303361922,13.887664794921875,9.695394940084432,0.007030010223388672,2210000,220,16.920087099075317,7.45413977806592,2.547698974609375,-11.58925659350926,-0.00935935
0.23199915885925293,100,0.0155302305,16.740559816360474,3692.348231077194,9.03192182591557,19.988243794016984,13.970769882202148,9.043578029958093,0.0070002079010009766,2220000,221,16.979559183120728,9.236870875038768,2.499009847640991,-12.617379764406856,0.003951036
0.2449803352355957,100,0.0038854766,16.68778657913208,3709.302015542984,8.762531021455676,21.183579823284077,13.921042680740356,9.179009125500288,0.0060002803802490234,2230000,222,16.941785097122192,8.747416932690017,2.5178472995758057,-10.751840271613135,-0.0012212525
0.23499822616577148,100,-0.010757056,16.4031343460083,3725.9591183662415,8.979063145011589,21.65464139383882,13.65995717048645,8.931471821490689,0.006970405578613281,2240000,223,16.645102977752686,9.181505151371448,2.4510746002197266,-11.599861255732531,-0.013239081
0.24300003051757812,100,0.01081333,16.013458490371704,3742.2355766296387,9.492795956612719,21.01305905534117,13.366351842880249,8.64217799272707,0.0059986114501953125,2250000,224,16.26445770263672,9.890776043185049,2.4220008850097656,-11.47464212905657,0.008299591
0.24196839332580566,100,0.001791333,16.528996229171753,3759.0265691280365,8.42291009065744,22.553570172767422,13.846473217010498,9.636858342476833,0.007030010223388672,2260000,225,16.777994632720947,8.356565152239561,2.437391757965088,-9.543576583466372,-2.8100585e-05
0.23296451568603516,100,-0.00884972,16.52175760269165,3775.803322792053,8.672710099698891,21.59114814277261,13.735663414001465,8.601774898674671,0.0070343017578125,2270000,226,16.76275610923767,8.669764430643342,2.545586585998535,-10.317499857314855,-0.01333443
0.24199891090393066,100,0.004538782,16.65413236618042,3792.719453573227,8.74268503545917,21.682969670652493,13.907126903533936,8.28288823870435,0.006999492645263672,2280000,227,16.904130697250366,8.839193894080669,2.479271650314331,-11.049651782640806,-0.0037356569
0.25300025939941406,100,0.0010615234,16.485372304916382,3809.4778242111206,9.368814929278546,21.40365683777354,13.708383321762085,8.051994164995975,0.00699925422668457,2290000,228,16.74537181854248,9.682375523552242,2.5167465209960938,-10.826223425845493,-0.0033449952
0.23396563529968262,100,0.014005725,16.56962513923645,3826.3024208545685,9.142807901960145,21.98608977117799,13.821468353271484,8.686190117367666,0.007005929946899414,2300000,229,16.811597108840942,9.333481963356503,2.485592842102051,-12.031974499161601,0.0075499574
0.25296759605407715,100,0.0075850096,16.65503454208374,3843.229414463043,8.641886206853869,21.28199397246468,13.919524908065796,9.281895652033757,0.006991147994995117,2310000,230,16.914993286132812,8.758387269573706,2.4671847820281982,-11.078032616724544,0.005241412
0.24596858024597168,100,-0.020300245,16.87129783630371,3860.367679834366,9.433775260909789,21.420029661135434,14.094484806060791,8.486877726422033,0.00600433349609375,2320000,231,17.126266717910767,9.925236661184403,2.524135112762451,-10.827428877278253,-0.02845168
0.23200058937072754,100,-0.012919092,16.621455430984497,3877.2411348819733,10.059434028389779,22.332030441795013,13.795957803726196,8.254636385655314,0.006999969482421875,2330000,232,16.861456155776978,10.644524084866454,2.5603604316711426,-9.608149449103045,-0.023114178
0.2330000400543213,100,0.0066369874,16.698817014694214,3894.193951845169,9.3252766371278,21.447625257234275,13.828046798706055,9.200366338620094,0.007000446319580078,2340000,233,16.9408175945282,9.677321780905412,2.609506368637085,-12.310513442041525,-0.009226312
0.2859671115875244,100,-0.016321221,16.872285842895508,3911.3712360858917,9.640522115128649,21.308582275008085,14.009759664535522,8.196111350382433,0.00703120231628418,2350000,234,17.165284156799316,10.180857477421396,2.5525801181793213,-11.692052435462054,-0.041783784
0.24000072479248047,100,-0.015331034,16.89825463294983,3928.5294868946075,9.839893405006796,22.06115044610811,14.0956449508667,8.74620094605474,0.0069959163665771484,2360000,235,17.14625120162964,10.42806235452493,2.5289270877838135,-10.46042910760272,-0.05891422
0.23200011253356934,100,-0.007934627,16.628993272781372,3945.410481452942,9.162021864650631,22.783505653066555,13.94104290008545,8.508389363238216,0.006999492645263672,2370000,236,16.86899447441101,9.439047781193073,2.435006618499756,-9.279680237898228,-0.04426391
0.23599863052368164,100,0.0048362915,15.796996831893921,3961.462475538254,8.773943402956542,20.134436273939933,13.062991380691528,9.042078109140201,0.006999969482421875,2380000,237,16.039995431900024,8.849816697761076,2.5220460891723633,-9.973843244200868,-0.015304895
0.2279977798461914,100,-0.014787146,16.75684881210327,3978.4663202762604,10.274827476072016,22.306501046706483,13.974326610565186,7.5342756949623055,0.006999492645263672,2390000,238,16.991846084594727,11.147430884695376,2.5305144786834717,-10.042593138849908,-0.031859558
0.23200106620788574,100,0.0077718734,16.438225984573364,3995.1575458049774,10.35181330865651,22.71342847687334,13.681643724441528,7.2925153309996,0.0069997310638427734,2400000,239,16.678225994110107,11.033185866925036,2.516049385070801,-9.688059229384356,-0.008648119
0.2290019989013672,100,0.010056097,16.60524034500122,4012.0127522945404,9.607257048307304,21.44663661243132,13.847422361373901,8.472463825856458,0.006033658981323242,2410000,240,16.84320831298828,10.107815295142853,2.5223703384399414,-10.245479641314034,-0.0016454345
0.23199963569641113,100,0.0038921142,16.45956516265869,4028.7243173122406,10.357764772579165,21.95101645406779,13.653305768966675,8.026087781346416,0.006999492645263672,2420000,241,16.700565338134766,11.176676027733258,2.547159433364868,-9.183271693968656,-0.007872675
0.23000001907348633,100,-0.0061164643,16.7485613822937,4045.7228770256042,10.558347959679368,22.890127014669773,13.953842878341675,7.3327630933145445,0.005998373031616211,2430000,242,16.98656153678894,11.448111067363289,2.5475192070007324,-9.436232312201618,-0.021442642
0.238966703414917,100,0.013538831,16.401637077331543,4062.382474422455,10.253002984835517,21.55340111768661,13.52399754524231,7.314693494575215,0.006010770797729492,2440000,243,16.64759659767151,11.090661368301923,2.623112440109253,-11.461294310377559,0.0057255616
0.23399806022644043,100,0.0022034966,16.815994024276733,4079.4524681568146,8.535611342275756,21.565003526093644,14.097238540649414,9.094905273376002,0.007031679153442383,2450000,244,17.057993173599243,8.525378473915064,2.4446442127227783,-9.580168454517695,-0.0043884935
0.23796796798706055,100,-0.014384509,16.066025495529175,4095.775461912155,10.594676879034433,22.606757774298927,13.460479974746704,7.5650723601623575,0.006998777389526367,2460000,245,16.31099224090576,11.529352370496142,2.315110683441162,-9.271325468300214,-0.014809625
0.23799777030944824,100,-0.0077583375,16.662784576416016,4112.70024561882,10.041937988078148,22.372813723153083,13.871464490890503,7.523151897305936,0.011001825332641602,2470000,246,16.912784814834595,10.744952764233409,2.544926881790161,-9.979504020330646,-0.008750989
0.2299962043762207,100,0.004447632,16.782995462417603,4129.73223733902,10.375974961607378,22.51630837199201,13.908925771713257,8.46586100775525,0.00599980354309082,2480000,247,17.019991397857666,11.118941351065278,2.6080284118652344,-11.575636752441463,0.0037829955
0.23999786376953125,100,0.0028420426,16.785887718200684,4146.777122497559,9.831373134646682,21.856105177671026,13.973965167999268,8.159977239360819,0.007000446319580078,2490000,248,17.032886028289795,10.51369933121151,2.568169593811035,-10.398189450315755,0.0015834824
0.23100018501281738,100,0.0050234557,16.420994758605957,4163.450116634369,10.219402968789337,21.837451930613245,13.662978172302246,7.732347827080254,0.00799870491027832,2500000,249,16.66099524497986,10.952327589270958,2.5003714561462402,-12.509437088144503,0.004419507
0.23196625709533691,100,0.0013838257,16.453806400299072,4180.155890226364,10.357043412116356,20.938793188285583,13.618903398513794,6.952219590009663,0.007006168365478516,2510000,250,16.69377374649048,11.234028729740292,2.5878028869628906,-8.748275660498301,0.0011111267
0.2559635639190674,100,0.0020271447,16.461225032806396,4196.892113447189,10.813995934785785,21.040232415574973,13.67097282409668,6.372687156699816,0.007033824920654297,2520000,251,16.724222421646118,11.842628731960103,2.54323673248291,-7.530951361963836,-0.00106073
0.24596786499023438,100,0.007626204,16.53704309463501,4213.694155454636,10.439771094453622,22.98783583128006,13.751200199127197,7.282991652526261,0.007030010223388672,2530000,252,16.790040969848633,11.30464813491252,2.5289580821990967,-10.739773788076155,0.0025141235
0.24300074577331543,100,-0.01812617,16.463116884231567,4230.419271945953,11.281858505201615,21.962949373863015,13.69541335105896,6.471938710101376,0.006998777389526367,2540000,253,16.71311640739441,12.61023446349709,2.5264241695404053,-9.47081901850633,-0.019876534
0.270998477935791,100,0.011857318,16.808354377746582,4247.519623756409,10.78054410466527,22.477231106936788,13.970080375671387,7.102340591882267,0.0069997310638427734,2550000,254,17.0883526802063,11.814503153557705,2.580669403076172,-11.805404238671775,0.009909369
0.23399996757507324,100,0.0035018555,16.696211576461792,4264.468834161758,11.038559763964,21.404223058077342,13.875084400177002,6.639353039500179,0.006999015808105469,2560000,255,16.93721055984497,12.17745708943451,2.5537428855895996,-9.139920673573165,0.0020759522
0.23399949073791504,100,-0.006960887,16.672075748443604,4281.394877195358,11.402850584441673,22.07712241235405,13.87181544303894,6.040761404371896,0.006967782974243164,2570000,256,16.91304302215576,12.702714547456017,2.5072898864746094,-9.338269994872041,-0.009213345
0.2319653034210205,100,0.009634711,16.5747172832489,4298.221559762955,10.992677961157488,20.315753671329485,13.861135005950928,6.239147050218208,0.006999969482421875,2580000,257,16.814682722091675,12.140827593451686,2.4903464317321777,-9.247443986390707,0.0066915923
0.23096728324890137,100,0.0090166805,16.429949045181274,4314.902464151382,10.722678391837794,21.65116245558054,13.80135726928711,6.661872651725478,0.0070002079010009766,2590000,258,16.668905019760132,11.78037702302008,2.390378713607788,-9.545235525998121,0.0026684783
0.3489983081817627,100,-0.001424353,16.632647037506104,4331.9041113853455,10.852198194767043,21.976503707675423,13.89355754852295,6.8997555234117085,0.007000446319580078,2600000,259,16.989647388458252,11.922213603362447,2.4733481407165527,-9.99964934523863,-0.007885053
0.23099660873413086,100,-0.00020319824,16.257291316986084,4348.412399768829,11.238169237135649,22.37340496865629,13.521050691604614,7.0535343892547635,0.006999969482421875,2610000,260,16.49628710746765,12.50084209380173,2.4894051551818848,-12.562560916744212,-0.0065426147
0.2330009937286377,100,0.0081543885,16.12081503868103,4364.786215305328,10.270164316030924,21.984676506648974,13.452780961990356,7.087137704147971,0.006999015808105469,2620000,261,16.36181616783142,11.17116182588818,2.4161553382873535,-10.14297776254544,0.0036782715
0.23399996757507324,100,0.013184019,15.926025629043579,4380.96620798111,11.406899154401417,20.771364637467567,13.12511396408081,5.370199323119893,0.007001399993896484,2630000,262,16.167993545532227,12.811381952911631,2.552833318710327,-9.716815980729141,0.00932398
0.24100136756896973,100,-0.018053131,16.27056860923767,4397.497775554657,11.486327967944394,22.053628225677794,13.466866254806519,6.232373018130198,0.006999492645263672,2640000,263,16.519567012786865,12.779092010185375,2.5508573055267334,-9.529541456123638,-0.021358874
0.23196053504943848,100,-0.020515164,16.777980089187622,4414.527756929398,11.263995305843926,21.935712073868885,13.922574520111084,6.721852518023099,0.00600123405456543,2650000,264,17.017979860305786,12.49164808130533,2.6113088130950928,-11.456915063836988,-0.028788904
0.23096990585327148,100,0.009576673,16.898569107055664,4431.677296876907,11.50276761357049,23.02522458893642,14.13643479347229,5.165099788110629,0.007000923156738281,2660000,265,17.136539936065674,12.90229983653004,2.4902918338775635,-7.6647625344639705,0.0023531402
0.22699952125549316,100,0.0026453766,16.07571268081665,4448.000006914139,11.576078837981923,21.05753186907877,13.354985475540161,6.346862724571484,0.00800013542175293,2670000,266,16.310712337493896,12.90689375902293,2.499441146850586,-9.77416864397286,-0.0014027862
0.22699809074401855,100,-0.0024938355,16.106995105743408,4464.354998111725,10.651187627568369,21.847256501341256,13.388102293014526,7.064392529941671,0.006999015808105469,2680000,267,16.341991901397705,11.656205058187922,2.4536659717559814,-11.894347023611177,-0.005203284
0.23096752166748047,100,-0.0028572846,16.68827509880066,4481.293242454529,11.736676376323091,21.032693572373923,13.90277910232544,6.493866431376376,0.00700068473815918,2690000,268,16.9262433052063,13.192475407922853,2.5240819454193115,-11.722648683666124,-0.008677054
0.23299932479858398,100,0.016535359,16.255994081497192,4497.802237033844,11.222811400801165,22.347927048668442,13.603318214416504,6.084557167208637,0.007000446319580078,2700000,269,16.496994256973267,12.469258835484869,2.401735782623291,-6.18727257210564,0.010526196
0.23999786376953125,100,0.0005622162,16.672952890396118,4514.734186172485,11.638774603922855,21.65067963980982,13.936453342437744,6.030952609232863,0.006999969482421875,2710000,270,16.92095112800598,13.093534521452543,2.4912967681884766,-8.714659932962537,-0.0013579925
0.2350015640258789,100,-0.010988163,16.178996562957764,4531.167181253433,11.153414671642112,20.342038605817372,13.386953353881836,5.683118719436065,0.006996631622314453,2720000,271,16.420994758605957,12.396354217597692,2.5427494049072266,-7.688531715653432,-0.011497889
0.25099992752075195,100,-0.023243478,16.739925146102905,4548.1781051158905,11.026773411137512,23.12345460984009,13.86546540260315,6.779505322488612,0.006999015808105469,2730000,272,16.99892568588257,12.197501886102017,2.602234125137329,-9.193040251710523,-0.024216348
0.23399877548217773,100,-0.0037646089,16.81801700592041,4565.25009894371,11.646504270812546,21.55224107648511,13.953430414199829,5.630974176071793,0.00697779655456543,2740000,273,17.059992790222168,13.12890535529392,2.6165931224823,-8.770200178684895,-0.0050741667
0.23200154304504395,100,0.0046894713,16.687345266342163,4582.188445329666,11.505611667694884,22.11066928051242,13.886118173599243,6.132643881181978,0.006998777389526367,2750000,274,16.926345586776733,12.893465900133446,2.5598838329315186,-8.897384907519724,0.0037670531
0.2349684238433838,100,-0.008583301,16.329068422317505,4598.772511482239,10.987621606113043,22.350446348714023,13.57886004447937,6.409391388013481,0.007030010223388672,2760000,275,16.57206654548645,12.064109472628564,2.5095624923706055,-9.890504840325672,-0.008611466
0.23496770858764648,100,0.0067375246,16.57435631752014,4615.601832866669,10.784367715458146,21.116672661343838,13.773215770721436,6.342235399227042,0.006997108459472656,2770000,276,16.81732153892517,11.831736729790563,2.5639944076538086,-6.710952372211292,0.006155472
0.329998254776001,100,0.015257508,16.486133575439453,4632.437962770462,10.728432077946398,21.50278962033529,13.701788425445557,6.486664416134227,0.007999181747436523,2780000,277,16.82413101196289,11.754852912035144,2.551560640335083,-10.434371154189035,0.015144088
0.23299717903137207,100,0.0026962645,16.697996616363525,4649.388956069946,11.327428854712387,21.58228197205236,13.860512256622314,5.678479044997289,0.006999492645263672,2790000,278,16.93799328804016,12.67850559661189,2.536548376083374,-10.544866750138027,0.0018307068
0.23499774932861328,100,-0.010518836,15.995995283126831,4665.640949487686,11.332183789894346,20.84623887045441,13.306138515472412,6.3300584557376425,0.007000446319580078,2800000,279,16.239992141723633,12.561506093916005,2.465916395187378,-6.632847807932935,-0.010826856
0.23496770858764648,100,-0.012310771,16.488914728164673,4682.3848605155945,11.74204020506838,19.924130181926728,13.767432689666748,4.684063250208165,0.007027626037597656,2810000,280,16.731910943984985,13.298450940280826,2.4758763313293457,-0.0202793262548574,-0.012985141
0.2389678955078125,100,-0.002851715,16.120997667312622,4698.763854265213,11.650402655797903,22.054553662743686,13.243019580841064,6.235395347591219,0.007028818130493164,2820000,281,16.367995023727417,13.037466260932385,2.620041847229004,-9.150167929516074,-0.003521985
0.4289999008178711,100,-0.019205486,16.80999517440796,4716.02384853363,11.377233010649483,22.24503535795319,14.098397016525269,6.935587336429549,0.007002115249633789,2830000,282,17.246994733810425,12.675509205159182,2.437880277633667,-11.778375427693557,-0.020112885
0.23096513748168945,100,0.02117494,16.88362216949463,4733.172472238541,10.981428185220459,22.491578031833132,14.149387121200562,6.368940792037195,0.007033109664916992,2840000,283,17.121620416641235,12.195534403703856,2.4718446731567383,-8.730781242251233,0.018230401
0.22799992561340332,100,-0.0092005,16.828009366989136,4750.248448610306,11.275154007840747,20.60126928473929,13.995828866958618,5.553274145092614,0.006966114044189453,2850000,284,17.06397533416748,12.63304754147705,2.5710361003875732,-8.142825731645134,-0.013190442
0.23099994659423828,100,-0.0085838195,16.205994367599487,4766.7044422626495,10.68240116638094,21.073859872111868,13.408313035964966,7.014155426124685,0.00699925422668457,2860000,285,16.44399356842041,11.669671645789533,2.5596776008605957,-10.434278408498717,-0.008202037
0.23195958137512207,100,-0.0054412656,16.366856336593628,4783.322297096252,11.195496448150259,20.87738088723387,13.672203063964844,5.423605325878551,0.007039308547973633,2870000,286,16.605855226516724,12.558492582654626,2.4529635906219482,-6.561451783199182,-0.006146582
0.2329721450805664,100,0.019762408,16.851994276046753,4800.4262890815735,12.03438035391575,21.895525125385074,14.070408344268799,5.520742940674445,0.0060253143310546875,2880000,287,17.091992139816284,13.676119324340757,2.5348446369171143,-5.303739575486335,0.017716205
0.23096728324890137,100,0.0038218133,16.63099503517151,4817.30828332901,11.401870947096684,20.33769169653644,13.856082201004028,6.052620444213621,0.00700068473815918,2890000,288,16.869993209838867,12.685233061665931,2.527907133102417,-6.567740403364066,0.0023179436
0.23996710777282715,100,0.008770723,16.74203062057495,4834.31027674675,11.865564663898732,22.067898617371924,13.933597803115845,4.4894826701069865,0.007996559143066406,2900000,289,16.989994287490845,13.482481875603614,2.5103795528411865,-6.268184916530209,0.0073039
0.23399829864501953,100,0.010023423,16.707715272903442,4851.27095413208,11.746237631007949,21.15284837314389,14.016122579574585,5.073159798386884,0.006964206695556641,2910000,290,16.94867777824402,13.31093265369748,2.4273767471313477,-8.743701798032133,0.009760237
0.23400092124938965,100,-0.02408878,16.003026723861694,4867.533947467804,12.154028059702547,21.743244978791843,13.508542537689209,4.949268293501045,0.007965803146362305,2920000,291,16.244993448257446,13.717873555229712,2.2540371417999268,-6.135581084043048,-0.024390616
0.23596692085266113,100,-0.010247095,16.4819393157959,4884.272854804993,11.76065035242975,21.44162581080034,13.744311332702637,4.918503299669261,0.007032871246337891,2930000,292,16.725907802581787,13.30469956388418,2.4772372245788574,-5.195328014881435,-0.0109508885
0.23796534538269043,100,-0.004765393,16.454994201660156,4900.984848499298,11.579480236907443,21.534431634607824,13.85335087776184,5.665918226683038,0.007034778594970703,2940000,293,16.699994325637817,12.944411375278134,2.3572726249694824,-8.921341563941446,-0.006820392
0.2350006103515625,100,-0.00909852,16.252021074295044,4917.49084186554,11.51810238460668,21.88656389827876,13.616684675216675,4.312881644753732,0.006972789764404297,2950000,294,16.49399447441101,12.965330669616208,2.3696999549865723,-0.31788685906589037,-0.011363846
0.2372279167175293,100,0.010552289,16.69231152534485,4934.440387248993,12.100323392153065,21.854574598899504,13.871798276901245,4.452990191659324,0.00800633430480957,2960000,295,16.937545776367188,13.762884040270833,2.559041738510132,-9.83870213461809,0.008890253
0.22902202606201172,100,0.005506842,16.360498905181885,4951.049900531769,12.041197194605626,21.93667935639467,13.642763376235962,4.540941353793094,0.00799250602722168,2970000,296,16.597513437271118,13.727277359437995,2.477781295776367,-6.350297287693284,0.0038490235
0.4849984645843506,100,0.020540457,16.521209716796875,4968.075088262558,11.454165189718545,22.254325063758436,13.797606706619263,5.313835447802255,0.0069811344146728516,2980000,297,17.0131893157959,12.945762308263259,2.492615222930908,-8.274723388210306,0.019360319
0.24279141426086426,100,-0.0077923173,16.560651063919067,4984.897528409958,12.216169403013623,21.967265981227197,13.806299209594727,4.076667432067228,0.0069980621337890625,2990000,298,16.81044054031372,13.91649726305506,2.5202324390411377,-1.4227865983422696,-0.008613103
0.23197293281555176,100,-0.011439518,16.22825050354004,5001.377777814865,11.719458730436942,21.54345987767067,13.231156349182129,4.484585179031047,0.0070264339447021484,3000000,299,16.467249870300293,13.2594202301694,2.5132110118865967,-3.5513206885784347,-0.015358471
