train-PolicyExecTime,LossAfter,train-AverageReturn,train-StdReturn,n_timesteps,Time-Sampling,train-MinReturn,LossBefore,Itr,train-MaxReturn,Time-SampleProc,Time,ItrTime,train-EnvExecTime,Time-Optimization,train-AverageDiscountedReturn,train-NumTrajs
13.011701107025146,0.016154071,1.5557580000223021,4.082917653168381,10000,15.571936845779419,-6.414088667704561,1.2207031e-08,0,11.266884930548242,0.05096268653869629,15.947837352752686,15.947837352752686,2.3391807079315186,0.3229985237121582,1.3484044752708955,100
13.620234727859497,0.015753772,0.6865308703724412,5.279738701218424,20000,16.23997688293457,-12.93258238254842,0.028786402,1,15.106982997126769,0.02000904083251953,32.51485276222229,16.50998282432556,2.3627562522888184,0.24999690055847168,0.5681952197808948,100
13.010671377182007,-0.004444284,0.7242308939270069,3.7145296212389387,30000,15.687007904052734,-9.500416276261578,-3.0517577e-09,2,11.685559381903971,0.0169680118560791,48.474831104278564,15.946977853775024,2.442139148712158,0.24300193786621094,0.4064840090881722,100
14.00953483581543,-0.0046332823,1.959670962977824,4.994508993299161,40000,16.745580434799194,-7.258586875218932,6.1035155e-09,3,17.91842498969321,0.018973112106323242,65.49238276481628,17.004552602767944,2.476710081100464,0.23999905586242676,1.1920997607047747,100
13.426919937133789,-0.0070093805,4.650942041914725,7.673727653932771,50000,16.163155555725098,-9.811705429444876,-4.577637e-09,4,25.290488405317564,0.023962736129760742,81.92950248718262,16.424118041992188,2.4836342334747314,0.23600053787231445,3.2685134328915186,100
13.826205730438232,-0.008217485,13.383974550688185,8.315748851428982,60000,16.539226055145264,-6.667453286907201,2.5749207e-09,5,27.794930709403783,0.029991626739501953,98.7567253112793,16.814223527908325,2.410998821258545,0.2429981231689453,8.2441831981101,100
13.387839794158936,-0.00563568,21.879489842411108,5.9421789845796535,70000,16.08898401260376,-2.1360770814568206,-6.1035155e-09,6,29.96378782638621,0.022995710372924805,115.17470622062683,16.40498113632202,2.4437127113342285,0.2930014133453369,14.361036557834948,100
14.099061965942383,-0.0050962525,24.821684374048477,4.299841457375605,80000,16.86497735977173,10.222532984341385,6.1035155e-09,7,31.578706255192564,0.017997026443481445,132.3406789302826,17.13197159767151,2.508199691772461,0.2480006217956543,17.085450090818348,100
13.590681314468384,-0.004369996,25.549510843225743,3.050556816258203,90000,16.261008977890015,14.45935004855682,3.0517577e-09,8,31.139059787349595,0.016965150833129883,148.87665510177612,16.522976398468018,2.42417311668396,0.24500226974487305,17.673235556867883,100
13.486153841018677,-0.0035459655,26.576360443429948,2.5892537162635807,100000,16.30879545211792,18.075544223409658,-3.0517577e-09,9,32.97135310995485,0.022989273071289062,165.47543811798096,16.585784196853638,2.5608010292053223,0.25299978256225586,18.925478391041903,100
13.223707675933838,-0.0030757813,27.173021305947078,2.4330928010125428,110000,16.01297688484192,17.620015251402695,-9.155274e-09,10,31.221209408129074,0.016999244689941406,181.75641703605652,16.26797914505005,2.541600465774536,0.23700213432312012,20.291399535758643,100
13.984280109405518,-0.0033267883,26.862954680173203,2.730370436558746,120000,16.703652143478394,15.271613561021278,-3.0517577e-09,11,32.83937730032464,0.016001224517822266,198.7280662059784,16.957651615142822,2.4701175689697266,0.23599934577941895,20.015843810666553,100
13.687159538269043,-0.002719165,27.986662131066492,1.7447785386500818,130000,16.442600965499878,22.830591401334452,1.2207031e-08,12,32.63283518694927,0.022996902465820312,215.45766353607178,16.71659803390503,2.4930806159973145,0.25100016593933105,20.9598742610517,100
14.067173719406128,-0.0025892868,27.76266742986405,1.9772094497952613,140000,16.842371702194214,19.570629400345602,4.577637e-09,13,30.83675419801785,0.016000986099243164,232.5640344619751,17.093371152877808,2.5145740509033203,0.23499846458435059,21.081032983818105,100
13.729370832443237,-0.003085164,28.025069679520907,2.2918636921175,150000,16.48952007293701,15.546004514238865,1.5258789e-09,14,32.2202125148845,0.022991657257080078,249.3335461616516,16.756511449813843,2.489361047744751,0.24300050735473633,21.31251562494244,100
13.408795356750488,-0.0023132476,28.279995188069325,1.6234762046382067,160000,16.298977375030518,22.51199020923827,3.0517577e-09,15,32.088302092370284,0.022996902465820312,265.9065189361572,16.560976028442383,2.6422181129455566,0.23800063133239746,21.767153117377912,100
13.68548059463501,-0.0035713515,28.09054007869378,1.6659634380836037,170000,16.52798318862915,23.520025147168536,-4.577637e-09,16,31.449662918663915,0.022002458572387695,282.7095031738281,16.789983987808228,2.54154634475708,0.23999834060668945,21.805348357605016,100
14.026462316513062,-0.0020868666,28.75453578785156,1.4793190282504671,180000,16.80294108390808,25.087676898979712,-3.0517577e-09,17,31.916635863023668,0.01900029182434082,299.78544330596924,17.0629403591156,2.5336127281188965,0.23999905586242676,22.313673926333053,100
13.486666679382324,-0.0017178787,28.314907289613735,1.8950146264802623,190000,16.284977912902832,15.730967270555967,4.577637e-09,18,31.538747099484766,0.020997285842895508,316.34841895103455,16.550976514816284,2.5433900356292725,0.2440013885498047,22.00314072870243,100
14.077467441558838,-0.000916716,28.626477097376487,1.4403522603724546,200000,16.861977338790894,24.93317869608965,1.5258789e-09,19,32.24192798463824,0.023997068405151367,333.49039220809937,17.12797451019287,2.51729154586792,0.24100017547607422,22.453037181336683,100
13.912312984466553,-0.0022337066,28.55037876818834,1.5199902174747029,210000,16.747976779937744,23.123814058903776,-1.2207031e-08,20,32.50822890833788,0.01800060272216797,350.5073673725128,17.00397515296936,2.559734344482422,0.23799777030944824,22.369840782386433,100
14.0052969455719,-0.0015234756,28.36807627390325,1.3751376534786461,220000,16.83615803718567,24.548510030210394,6.1035155e-09,21,31.644549119181253,0.019997596740722656,367.6135232448578,17.093156337738037,2.5578835010528564,0.2370007038116455,22.145475012078887,100
13.83660101890564,-0.0029068608,28.428801198055464,3.4284715341925485,230000,16.66372585296631,-0.41394143000918504,4.196167e-09,22,31.916897511418526,0.022031307220458984,384.54924511909485,16.922722339630127,2.5476253032684326,0.23696517944335938,22.299398299017238,100
13.773361921310425,-0.0020933868,28.831727344869748,1.6298200792871762,240000,16.661365032196045,21.94580571102007,-0.001295517,23,33.115463989619144,0.015966415405273438,401.4795744419098,16.91732931137085,2.613774538040161,0.23999786376953125,22.723916334090188,100
13.995170593261719,-0.0029276032,28.710853466840234,3.128518844286624,250000,16.783928394317627,1.1107942932104802,1.5258789e-09,24,31.947665358773463,0.023000240325927734,418.5375027656555,17.044928073883057,2.5321428775787354,0.2369985580444336,22.626999471064728,100
13.73998737335205,-0.003716011,29.037283701065743,1.4601060899240477,260000,16.535217761993408,24.011174364676673,-4.577637e-09,25,32.598589100603775,0.015968799591064453,435.36169052124023,16.81118607521057,2.5446763038635254,0.25899744033813477,22.91553896714696,100
13.873625993728638,0.0023966737,29.2705887816396,1.2770608574405826,270000,16.593976497650146,26.901385949896703,-1.5258789e-09,26,32.183764814021,0.019001007080078125,452.22166442871094,16.846973657608032,2.448270797729492,0.23399615287780762,23.20799352541171,100
13.777769565582275,-0.0032831086,29.22776200746489,1.2985666545029049,280000,16.651500701904297,26.968849352375713,-1.5258789e-09,27,32.91940944919562,0.02096700668334961,469.14116501808167,16.906498432159424,2.5644659996032715,0.23199868202209473,23.198911381023034,100
13.602567911148071,0.004697153,29.47824650937464,1.351393390245158,290000,16.394251108169556,26.32056165537006,0.003337381,28,32.81841453574415,0.023996829986572266,485.80841422080994,16.654248237609863,2.536200761795044,0.23600029945373535,23.48954147687111,100
13.747637271881104,-0.0027871735,29.571564863653954,1.2892131868668337,300000,16.55263900756836,26.795095020002975,1.2207031e-08,29,33.313845651216184,0.017995357513427734,502.6260504722595,16.805634021759033,2.5532288551330566,0.23400020599365234,23.636879566154107,100
13.719201564788818,0.0013268371,29.801539745565105,1.3124995817811564,310000,16.440009355545044,26.443417319010127,6.1035155e-09,30,32.996274362320804,0.02400064468383789,519.348025560379,16.708975076675415,2.4505364894866943,0.23996615409851074,23.78312591089411,100
13.657702922821045,-0.001157843,29.992330323844097,1.3675780496985281,320000,16.44260263442993,27.009368942597956,-1.8310548e-08,31,33.90845144284264,0.01802802085876465,536.0606269836426,16.69860005378723,2.5370326042175293,0.23796939849853516,23.944078020565495,100
14.052842140197754,-0.00060200307,29.805931321541784,1.2920105320362643,330000,16.872974634170532,27.096704662429687,-6.1035155e-09,32,32.90930742383174,0.01699662208557129,553.1985998153687,17.124971866607666,2.566741943359375,0.2350006103515625,23.730321991525344,100
13.537964344024658,-0.0021552765,30.44203731050472,1.5099251347377058,340000,16.283238410949707,26.626955794132403,1.2207031e-08,33,33.54097510584481,0.016997575759887695,569.7458345890045,16.535234689712524,2.496746063232422,0.2349987030029297,24.191668295696,100
13.794584512710571,-0.0031649566,30.4332405661055,1.5106848967647788,350000,16.61233615875244,25.59311188197446,6.1035155e-09,34,33.2843637062989,0.015999794006347656,586.6271691322327,16.86933469772339,2.5598304271698,0.23999905586242676,24.23531139044243,100
13.882257223129272,-0.0013178085,30.603178780043507,1.5200585626580627,360000,16.679343223571777,26.373451706598946,-1.2207031e-08,35,34.122824412173905,0.015966176986694336,603.572479724884,16.93230891227722,2.555999517440796,0.23699951171875,24.329273670053805,100
13.69017744064331,-0.0037664245,30.831556260204856,1.2967460086333114,370000,16.49249529838562,27.687592522175727,6.1035155e-09,36,33.87023349079923,0.016030550003051758,620.3319718837738,16.7464919090271,2.542161703109741,0.23796606063842773,24.53088904617853,100
14.027976274490356,-0.003704036,30.735044844161692,1.3960836914454617,380000,16.880619287490845,26.692198441609094,1.5258789e-09,37,34.249400356769335,0.022996902465820312,637.4965913295746,17.151618242263794,2.591043472290039,0.2480020523071289,24.328048641178288,100
13.789499521255493,-0.006384314,31.488501091507768,1.3700417688888415,390000,16.63493514060974,28.273993080922637,6.1035155e-09,38,34.20095522661961,0.020972251892089844,654.413497209549,16.90390682220459,2.5397191047668457,0.2479994297027588,24.930068423091935,100
13.657504558563232,-0.0028659592,31.43428989940661,1.5083941761949864,400000,16.405876874923706,28.159911287947807,-7.629395e-09,39,35.551921717190496,0.016968727111816406,671.0863447189331,16.65984559059143,2.498441219329834,0.23599934577941895,24.800589592619517,100
13.420331954956055,-0.0065450575,31.569668281990076,1.4085833518783502,410000,16.1869797706604,28.04172346206288,6.1035155e-09,40,34.514884674962346,0.015998125076293945,687.5383212566376,16.438977479934692,2.512934923171997,0.2349991798400879,24.90975490396672,100
13.88813042640686,-0.0016385956,31.656079931460173,1.5381223723954047,420000,16.617019653320312,28.462046188730582,-4.577637e-09,41,34.88571118145051,0.024956464767456055,704.4342985153198,16.882976770401,2.4759316444396973,0.24100065231323242,24.944417699853304,100
13.23918080329895,-0.00370849,32.14013851568816,1.4516381840616257,430000,16.092010021209717,28.840903330121172,-9.155274e-09,42,35.36823599801634,0.01996588706970215,720.800274848938,16.35297703742981,2.596851110458374,0.24000000953674316,25.345568046140357,100
13.611324787139893,-0.0050865477,31.974862173741954,1.417590555074301,440000,16.216977834701538,28.534363929568634,2.4414062e-08,43,35.17651351397908,0.024002552032470703,737.2872521877289,16.473977088928223,2.335984230041504,0.23299670219421387,25.104487138921698,100
13.621594429016113,0.0015768768,32.63920771416566,1.2828177314947837,450000,16.491008281707764,29.51551356955726,-1.2207031e-08,44,36.182787396801835,0.0169980525970459,754.0382604598999,16.73800826072693,2.6187853813171387,0.23000192642211914,25.72367339234868,100
13.73949146270752,-0.0030855194,32.59348496729718,1.5879088753683397,460000,16.5269513130188,27.83689920066846,-1.0681152e-08,45,36.28835281716184,0.01797342300415039,770.8372082710266,16.785950660705566,2.5410616397857666,0.24000144004821777,25.60934135938394,100
13.723942756652832,-0.0010818008,32.4536890413242,1.662373666598445,470000,16.54702138900757,27.136228007191097,-4.577637e-09,46,36.0467984184649,0.020966291427612305,787.6491930484772,16.798986434936523,2.555640459060669,0.23099875450134277,25.408060706973988,100
13.924464702606201,-0.0026602508,32.72452071784022,1.4023015024721404,480000,16.722010612487793,29.01867612646319,-3.0517577e-09,47,35.65507891629124,0.017972469329833984,804.6401677131653,16.977975130081177,2.5527913570404053,0.23699235916137695,25.666911750543317,100
13.542179107666016,-0.0023842594,32.58064897723516,1.4883740553771623,490000,16.362462282180786,29.4811742626034,-9.918213e-09,48,35.84346238120059,0.0190274715423584,821.2666268348694,16.61345887184143,2.5731754302978516,0.23196911811828613,25.447757000516777,100
13.587552785873413,-0.0010265034,32.7054735069729,1.5752418009268223,500000,16.42098045349121,29.40972597194331,4.9591065e-09,49,36.45479273264984,0.016997337341308594,837.951602935791,16.672977209091187,2.552427053451538,0.23399829864501953,25.483707467593277,100
13.727019309997559,0.0011062592,33.32701381950974,1.4998909627830033,510000,16.56823468208313,29.665869120211614,3.0517577e-09,50,36.426630699803454,0.016994714736938477,854.7838344573975,16.819231033325195,2.598785877227783,0.23400163650512695,26.12480918051756,100
13.432063579559326,0.0013926985,33.01284110821761,1.3120425181409228,520000,16.265015840530396,30.541532587508758,-7.6293943e-10,51,36.39058957453203,0.025958776473999023,871.3238101005554,16.526975870132446,2.595125913619995,0.2350008487701416,25.825612921760705,100
13.694139242172241,-0.0017901734,32.91680336909577,1.5225508949618893,530000,16.503666639328003,28.896248974158354,-3.0517577e-09,52,36.73945995814267,0.01799607276916504,888.1004736423492,16.763662338256836,2.5226948261260986,0.2409992218017578,25.762843157609687,100
13.927105903625488,-0.002357824,33.121010980764844,1.2454273430249014,540000,16.73975372314453,29.86255553537253,-1.5258789e-09,53,35.68436189314543,0.016997098922729492,905.1052243709564,16.99175000190735,2.581648588180542,0.23399901390075684,25.91518590249732,100
13.492830276489258,0.0030852081,33.29897244284354,1.4145999766100907,550000,16.327009916305542,29.66566214296623,3.0517577e-09,54,36.64775871091783,0.022966623306274414,921.7052013874054,16.586975574493408,2.5742366313934326,0.2350003719329834,26.005272097996077,100
13.668267726898193,0.0045303493,33.33610731275948,1.5109781998668612,560000,16.48741126060486,29.721797967003113,3.8146974e-09,55,37.22366512727145,0.022963762283325195,938.46657538414,16.748373985290527,2.5678157806396484,0.23799896240234375,25.988433198608032,100
13.794700622558594,-0.0032267533,33.15785851661429,1.5537681214750796,570000,16.572559595108032,29.77075526201594,1.0681152e-08,56,36.90552273614959,0.0169677734375,955.3051028251648,16.825527667999268,2.5121865272521973,0.23600029945373535,25.79254376222798,100
13.88517165184021,-0.00061176607,33.66788609338753,1.4676258148216113,580000,16.733400106430054,30.071817647222105,-3.8146974e-09,57,37.86888539824087,0.017000675201416016,972.3075020313263,16.990400314331055,2.5923478603363037,0.238999605178833,26.294236636769405,100
13.93940281867981,-0.0023941558,33.31901715423923,1.4803600829667718,590000,16.76965570449829,29.775728563377907,6.1035155e-09,58,36.900747776680255,0.019968509674072266,989.3431236743927,17.022621870040894,2.5891501903533936,0.23299765586853027,25.922223487756696,100
13.720191955566406,0.00066687947,33.37415384365213,1.4104026120756394,600000,16.58493161201477,30.467199267580888,1.1444092e-09,59,37.01939780025777,0.02499532699584961,1006.2110500335693,16.85492706298828,2.60844087600708,0.24400019645690918,25.976833381322066,100
13.764695167541504,0.004971801,33.06441253371801,1.161002543263467,610000,16.664420127868652,29.34089644008919,9.155274e-09,60,35.649455100940806,0.02200031280517578,1023.1484689712524,16.924418687820435,2.600611925125122,0.23799824714660645,25.68118757552505,100
13.778860807418823,0.0028003906,33.365726631855885,1.5515212861867396,620000,16.563979387283325,30.534758127338193,0.004139157,61,36.9683761445134,0.023996591567993164,1039.9814443588257,16.818976402282715,2.526045560836792,0.23100042343139648,25.92509232666038,100
13.602733135223389,-0.004371674,33.455958253871195,1.544897585800901,630000,16.35079264640808,29.84329803645654,-6.1035155e-09,62,37.54851744959463,0.019966840744018555,1056.6052043437958,16.611759901046753,2.5035362243652344,0.24000072479248047,25.97189612439286,100
13.966145515441895,-0.0010599549,33.4870241773099,1.3980291492745867,640000,16.7900230884552,29.91672047922484,-1.2207031e-08,63,37.02697265709466,0.019993066787719727,1073.663180589676,17.044976949691772,2.551698684692383,0.23496079444885254,25.999822012807876,100
13.670664310455322,-0.00159077,33.51633133512924,1.5450317423588282,650000,16.410308122634888,30.394819483475107,-0.0006267273,64,37.78360560839141,0.01696634292602539,1090.3374555110931,16.661275148391724,2.476780414581299,0.23400068283081055,26.01801080518135,100
13.89879584312439,0.00039706114,33.650620951362946,1.4410423199888445,660000,16.717977046966553,29.204541937885175,0.0015995484,65,37.06734890399324,0.017998695373535156,1107.3204329013824,16.969977378845215,2.557177782058716,0.23400163650512695,26.159076859646692,100
13.35863733291626,-0.003608351,33.4842760561472,1.471311709385548,670000,16.23797845840454,30.8173621947297,9.155274e-09,66,37.01849655585572,0.01599884033203125,1123.8214087486267,16.486976385116577,2.609011173248291,0.23199987411499023,26.028786769997836,100
13.328311681747437,-0.0020186538,33.710767985136734,1.3977617978237582,680000,16.235978603363037,30.43115256005782,-0.00011953125,67,36.760173744308766,0.017998456954956055,1140.3253865242004,16.490978717803955,2.652700901031494,0.23700165748596191,26.244331433239132,100
13.90731167793274,-0.001349189,33.701189418238975,1.4946035497478836,690000,16.709908962249756,30.709045563434547,-6.1035155e-09,68,37.76908368049255,0.024000167846679688,1157.3102931976318,16.97190761566162,2.5522079467773438,0.23799848556518555,26.19721787906692,100
13.923562049865723,0.004576401,33.53381578077768,1.4422066566885348,700000,16.751121997833252,30.342444706681707,0.00054033205,69,37.26914430950571,0.020996570587158203,1174.331414937973,17.00812292098999,2.563734292984009,0.2350015640258789,25.96909667541041,100
13.423728942871094,-0.00028820802,33.61944335516372,1.4323457510905804,710000,16.282952070236206,30.722104423512985,6.1035155e-09,70,37.15879737887764,0.02499866485595703,1190.8863654136658,16.54195213317871,2.6099815368652344,0.23400139808654785,26.069006728451182,100
13.426496505737305,0.02052514,33.95765470909879,1.4508892925231822,720000,16.29050302505493,30.401292691837146,-3.0517577e-09,71,37.747404583073816,0.016000986099243164,1207.4408667087555,16.541502714157104,2.570493459701538,0.23399925231933594,26.347433023017597,100
13.354535818099976,0.023150733,33.98726052959338,1.4841462636652218,730000,16.198935985565186,30.89747225685398,4.577637e-09,72,37.75663084502071,0.016000747680664062,1223.9048013687134,16.450934410095215,2.578726291656494,0.23599767684936523,26.423253034577687,100
13.56332278251648,0.0018176925,33.79425946474416,1.3779053228048361,740000,16.312981128692627,30.334641965918262,4.577637e-09,73,36.71037786833374,0.022997379302978516,1240.490779876709,16.57197880744934,2.479637384414673,0.2350006103515625,26.360304775963627,100
13.850079536437988,-0.002707636,33.52109771822052,1.2843852324827956,750000,16.6684992313385,30.99336295085838,2.670288e-09,74,37.007681773111884,0.02399754524230957,1257.4372761249542,16.93349599838257,2.560126304626465,0.23999977111816406,26.153508935089512,100
13.368793964385986,-0.003282364,33.85112573795157,1.3370542151559186,760000,16.09330129623413,30.01136750635058,-4.577637e-09,75,36.679851544855666,0.01799750328063965,1273.7965741157532,16.34729790687561,2.4758780002593994,0.234999418258667,26.42736312066405,100
13.80144715309143,0.00034802323,33.65943914287793,1.3072402552791098,770000,16.56101155281067,30.723835471474175,1.2207031e-08,76,36.95744485503207,0.020966529846191406,1290.6345529556274,16.825978994369507,2.5141494274139404,0.24199867248535156,26.257176980461985,100
13.800078392028809,-0.00044684907,33.621155511046915,1.4761236392239259,780000,16.638791799545288,29.909362995747042,6.1035155e-09,77,37.63043101285946,0.022966623306274414,1307.5523450374603,16.904791831970215,2.5890047550201416,0.24000239372253418,26.195518409020583,100
13.929240226745605,-0.0017849554,33.74081013669543,1.385158644958935,790000,16.765396118164062,30.561465875421135,8.010864e-09,78,36.81120871671727,0.020960330963134766,1324.5967018604279,17.031357049942017,2.588771104812622,0.24500060081481934,26.301931388116817,100
13.549829959869385,-0.0037841103,33.93651402843338,1.243807841573669,800000,16.306009531021118,31.54759556586198,2.1362304e-08,79,37.28430594252473,0.017965078353881836,1341.1696796417236,16.559978485107422,2.507953643798828,0.2350001335144043,26.464452377619708,100
13.729575395584106,-0.001142624,33.9814151956789,1.401273911641498,810000,16.55775284767151,30.994346314679817,6.1035155e-09,80,36.84610702426829,0.020001888275146484,1357.993435382843,16.810753345489502,2.5688254833221436,0.23299860954284668,26.4531945566771,100
13.902002811431885,-0.0007790741,33.85138694697387,1.4823014233452283,820000,16.741593837738037,30.689625408238115,0.0027832643,81,36.303449092379374,0.01696944236755371,1374.997995376587,16.9915611743927,2.585249423980713,0.23299789428710938,26.347523969428043,100
13.728798866271973,-0.002201477,33.95790171008537,1.4855277571043919,830000,16.618687868118286,30.6858308482552,-6.1035155e-09,82,37.290070518887056,0.023000717163085938,1391.9036831855774,16.892687559127808,2.584963321685791,0.24899959564208984,26.45132937383711,100
13.868473529815674,-0.0007475555,34.1616377272346,1.4767070353140919,840000,16.664030075073242,31.11447964620749,3.0517577e-09,83,37.53598752500437,0.02196669578552246,1408.843680381775,16.92799687385559,2.5226171016693115,0.24099969863891602,26.591074582840616,100
13.435474872589111,-0.0017979149,33.96340744530047,1.5493369121945377,850000,16.196158409118652,30.57187414407837,9.155274e-09,84,37.485300662729266,0.016967058181762695,1425.3048050403595,16.448124885559082,2.5108587741851807,0.234999418258667,26.36120577060982,100
13.680855751037598,0.00038861236,34.3944972056106,1.4158275069653092,860000,16.248995304107666,31.199391520266772,-9.918213e-09,85,37.96557317523333,0.020037412643432617,1441.8217985630035,16.50399422645569,2.3231024742126465,0.23496150970458984,26.782611627680097,100
13.974839925765991,0.0001369934,34.325975298414235,1.2593221801582768,870000,16.75901508331299,31.094838738769496,9.155274e-09,86,37.57427604615741,0.016962766647338867,1458.8537757396698,17.018977403640747,2.536935329437256,0.24299955368041992,26.702159821443434,100
14.052870035171509,0.0008946442,34.24925329042586,1.442222595703112,880000,16.885968685150146,30.767671234997902,6.1035155e-09,87,37.649615889037534,0.022970914840698242,1476.0067093372345,17.139933109283447,2.5768067836761475,0.2299957275390625,26.624051077214208,100
13.661758661270142,-0.0008547302,34.34053161441571,1.4725637511390959,890000,16.529979705810547,30.657231741701636,-9.155274e-09,88,37.29920850156075,0.02099919319152832,1492.8046879768372,16.78497862815857,2.599093198776245,0.23399972915649414,26.68995969726982,100
14.084837913513184,-0.0024587493,34.377170093693906,1.3082493008224174,900000,16.855557680130005,31.765650584920696,-6.1035155e-09,89,37.346987699847006,0.016998291015625,1509.9242415428162,17.106553554534912,2.521796703338623,0.23399758338928223,26.75932370570055,100
13.83258843421936,-0.001682196,33.934069118292285,1.6515447952408402,910000,16.636818170547485,31.228308944995742,3.0517577e-09,90,37.72691385506148,0.01797342300415039,1526.8290326595306,16.891791582107544,2.5692012310028076,0.2369999885559082,26.258975133097323,100
13.527470588684082,0.001107373,34.25772955977525,1.1851784730484174,920000,16.21555471420288,31.30782391897134,-3.0517577e-09,91,37.225153269910955,0.023968219757080078,1543.3155541419983,16.473521947860718,2.430105447769165,0.23299908638000488,26.628801083381504,100
13.949883460998535,-0.0011327697,34.204508072012096,1.5983016927434672,930000,16.75826668739319,31.271963159472342,6.1035155e-09,92,37.295118123986306,0.019999265670776367,1560.3458218574524,17.01726746559143,2.5508716106414795,0.23200011253356934,26.505912381486176,100
13.307677030563354,0.0056625153,34.32375161712704,1.4963253371303826,940000,16.184979915618896,30.971437989683263,-7.629395e-09,93,37.99958155650324,0.01600050926208496,1576.80379986763,16.444978713989258,2.5642762184143066,0.2429978847503662,26.59763260077931,100
13.967568159103394,0.0050601135,34.379459441120176,1.4306673488007327,950000,16.801016092300415,31.19044418374498,0.011748902,94,37.256117856865885,0.016963720321655273,1593.8707773685455,17.053977727890015,2.580174207687378,0.23599791526794434,26.63664355959764,100
14.049450159072876,-0.0031076965,34.48577432511821,1.4530831766422598,960000,16.861220598220825,31.422989307099385,-6.1035155e-09,95,38.539049582463406,0.02099776268005371,1610.9989967346191,17.115219354629517,2.5549252033233643,0.23200011253356934,26.81151507977431,100
13.563176155090332,-0.0016921356,34.29378562226124,1.4917125178892108,970000,16.333980560302734,30.94042313210245,0.0040930696,96,37.67552778205057,0.023000478744506836,1627.5999746322632,16.58797812461853,2.513603687286377,0.23099708557128906,26.629418847972815,100
13.375660181045532,0.0009791931,34.42073236749073,1.5528622171386233,980000,16.222980499267578,30.58512753914396,-6.1035155e-09,97,38.58029171413645,0.021000385284423828,1644.0889534950256,16.475977659225464,2.6051695346832275,0.23199677467346191,26.694675032258807,100
13.987592935562134,0.0005107254,34.364068976813314,1.3934513163697573,990000,16.77018094062805,31.56141856669365,-6.866455e-09,98,37.34712918674621,0.017997264862060547,1661.1241335868835,17.022178649902344,2.541691303253174,0.23299932479858398,26.709891508848827,100
13.801538467407227,-0.002724074,34.38740259802122,1.436385877475814,1000000,16.635075092315674,31.138525722883962,9.918213e-09,99,37.183925657604895,0.02196526527404785,1678.0261769294739,16.890043258666992,2.5664258003234863,0.2330029010772705,26.69640078506101,100
13.485426664352417,0.009346863,34.452889630487405,1.3825422168339674,1010000,16.2633113861084,31.258918716666063,-3.0517577e-09,100,38.00808924696109,0.0169980525970459,1694.5554859638214,16.51630926132202,2.536929130554199,0.23599982261657715,26.77660109984022,100
13.29507064819336,0.007331442,34.31313504118074,1.6403561444485049,1020000,16.04498052597046,30.369045596517996,1.449585e-08,101,38.79493925502108,0.01699972152709961,1710.8654646873474,16.296980619430542,2.5159318447113037,0.2350003719329834,26.654225410044955,100
13.391555309295654,0.0069302153,34.35753511569795,1.4298735968855203,1030000,16.259011030197144,30.723553257218644,3.0517577e-09,102,37.6903317215293,0.019967317581176758,1727.3904421329498,16.511977910995483,2.643872022628784,0.23199963569641113,26.727938044747212,100
13.595954179763794,0.0016364472,34.11876024354983,1.2746221919323666,1040000,16.42382049560547,30.906314667489855,-1.525879e-08,103,36.31290648053455,0.017965078353881836,1744.077226638794,16.674784660339355,2.5334811210632324,0.23199963569641113,26.53307832035135,100
14.107017755508423,0.016204821,34.073609371745306,1.361046207775637,1050000,16.90101432800293,31.218684785871414,4.577637e-09,104,37.77614482712818,0.015965700149536133,1761.2392055988312,17.14997887611389,2.524979829788208,0.23199820518493652,26.46240814028127,100
13.878726243972778,0.007132238,34.087942085508395,1.368445655757182,1060000,16.688565254211426,30.15832388968457,-5.0544737e-09,105,37.22375674410569,0.026030540466308594,1778.2017695903778,16.94956398010254,2.556354522705078,0.2349681854248047,26.583621168356316,100
13.938408136367798,0.04995346,34.29263855707259,1.509685416159703,1070000,16.757978916168213,30.671879652326094,1.373291e-08,106,36.96897494312441,0.024036645889282227,1795.2327466011047,17.017976999282837,2.576998472213745,0.2359614372253418,26.681943783025137,100
13.721463918685913,0.113471024,34.52245135938505,1.5238787155855573,1080000,16.507721662521362,30.84446576463178,-1.5258789e-09,107,38.02449538399309,0.020958423614501953,1812.0054287910461,16.75968050956726,2.5315065383911133,0.23100042343139648,26.78085956676992,100
13.620390176773071,0.0013495483,33.92342258819994,1.4661522582643147,1090000,16.376724243164062,30.95625895999987,-3.0517577e-09,108,37.28960301235567,0.016999483108520508,1828.6471524238586,16.629724740982056,2.512636423110962,0.2350001335144043,26.54815624186851,100
13.346038579940796,0.023326037,33.8964027672353,1.2367195345186495,1100000,16.1835196018219,30.418394372872758,-3.0517577e-09,109,37.47098795008069,0.023997783660888672,1845.0996696949005,16.43951654434204,2.598332643508911,0.23099970817565918,26.47687790255096,100
13.292997598648071,0.022181846,34.21604997169374,1.2794432962101647,1110000,16.075979709625244,31.62709748773479,-4.577637e-09,110,37.17393552348557,0.01899552345275879,1861.4426484107971,16.329978466033936,2.566993474960327,0.23400187492370605,26.584133252227485,100
13.861032724380493,0.0073255356,34.590077317007726,1.3680529714276597,1120000,16.661691904067993,30.79148634406844,-2.861023e-09,111,37.61119850057117,0.02196025848388672,1878.3783073425293,16.922658920288086,2.528263807296753,0.23699951171875,26.851161188754656,100
13.474993467330933,0.01600109,34.62535208297404,1.3380266282280815,1130000,16.23401165008545,31.318606442198135,-2.2888184e-08,112,38.37779595749818,0.01596808433532715,1894.8782880306244,16.48698115348816,2.511418342590332,0.23600053787231445,26.852376596502676,100
13.746090412139893,0.0017139054,34.7112077153255,1.529878615685799,1140000,16.547992944717407,31.333760505704724,-1.1444092e-08,113,39.353067882267304,0.015965938568115234,1911.6882474422455,16.797959804534912,2.541517734527588,0.23400092124938965,26.930423873442674,100
13.943487167358398,0.0016149612,34.61076006654421,1.5900491124521783,1150000,16.790125846862793,30.957926522159692,6.1035155e-09,114,38.16215810340786,0.017967939376831055,1928.7503423690796,17.0490939617157,2.5456783771514893,0.24100017547607422,26.806054985375724,100
13.621467351913452,0.0013526612,34.483806725439756,1.581153563460955,1160000,16.42776846885681,31.15012662919266,-9.155274e-09,115,38.079384918094,0.02100205421447754,1945.4521090984344,16.688767433166504,2.5280914306640625,0.23999691009521484,26.71520391802091,100
13.807867527008057,-0.00010648117,34.1391598367955,1.505899818808364,1170000,16.633020162582397,31.200267618327437,6.866455e-09,116,37.90507040630496,0.020958662033081055,1962.3510868549347,16.88597822189331,2.5485384464263916,0.23099780082702637,26.38441016884044,100
13.926504373550415,-0.0012382325,34.55680244592313,1.6283221961096015,1180000,16.732000827789307,31.326372071908047,6.1035155e-09,117,38.43004039896605,0.01897144317626953,1979.3480660915375,16.98397994041443,2.5522046089172363,0.23199701309204102,26.792077685155174,100
13.86776852607727,-0.0014918152,34.39874165510575,1.3696178817959093,1190000,16.62247061729431,30.800229718721347,-3.0517577e-09,118,38.03671815251119,0.020997047424316406,1996.2355046272278,16.874439477920532,2.485152006149292,0.2290022373199463,26.642107077326106,100
13.995667457580566,-0.0027461376,34.35400997312756,1.3267566248518674,1200000,16.78919219970703,31.579123580976763,-6.4849854e-09,119,36.95400211793024,0.017000198364257812,2013.2836647033691,17.035159826278687,2.5281264781951904,0.22896742820739746,26.601454133076082,100
13.605583429336548,-0.0018384095,34.28278860611214,1.3893280480978458,1210000,16.37625288963318,30.21579743039381,0.00058253936,120,36.8827655675559,0.022965192794799805,2029.9318854808807,16.636221408843994,2.522292137145996,0.23600268363952637,26.5599425805489,100
13.950657367706299,-0.0017204342,34.444314182966465,1.3909729768289985,1220000,16.685008764266968,31.193187573329244,3.4332275e-09,121,37.77689121421994,0.020966768264770508,2046.8868613243103,16.941976070404053,2.4849367141723633,0.23600053787231445,26.713529849718512,100
13.849138498306274,-0.0005082077,34.199486039179035,1.526871340730908,1230000,16.661752700805664,31.096600618470855,-5.340576e-09,122,37.39160926535942,0.019965171813964844,2063.826578140259,16.927717924118042,2.536949872970581,0.24499917030334473,26.43707389343937,100
13.794707536697388,-0.001976947,34.381178150589754,1.517198038335959,1240000,16.62501072883606,30.8819494219125,3.0517577e-09,123,38.30088454699146,0.022967815399169922,2080.7295575141907,16.889979362487793,2.590491771697998,0.24100065231323242,26.68649896760162,100
13.436774969100952,-0.00108517,34.50534566275661,1.4666647682471856,1250000,16.205981969833374,31.03776880250418,-1.5258789e-09,124,37.8037711854958,0.01599884033203125,2097.2065370082855,16.46297836303711,2.496124267578125,0.23799943923950195,26.75846912353488,100
13.793295860290527,-8.4132385e-05,34.86711788946534,1.4540675090769486,1260000,16.64902114868164,31.50476484182761,-4.577637e-09,125,38.351662936644075,0.016960859298706055,2114.119517803192,16.899980783462524,2.564772367477417,0.23399877548217773,27.084486607477302,100
13.467206001281738,0.00046900252,34.649580281420434,1.5918924521536137,1270000,16.318277597427368,30.446294132997,6.866455e-09,126,39.00614261127835,0.015958070755004883,2130.7137627601624,16.58224606513977,2.577291250228882,0.2460010051727295,26.877422134847766,100
13.914582014083862,0.00037601165,34.52365994646799,1.4783746933601276,1280000,16.71187925338745,30.107349252265305,4.577637e-09,127,37.92440098891263,0.01796722412109375,2147.6946427822113,16.966880559921265,2.5417559146881104,0.23599934577941895,26.74663186491921,100
13.33993649482727,0.0075960127,34.5502332314253,1.3890803403917746,1290000,16.068005800247192,31.523004614628903,-1.2207031e-08,128,38.17587636313957,0.022974729537963867,2164.0326220989227,16.32498002052307,2.4758071899414062,0.23399949073791504,26.769562140834587,100
13.80840516090393,-0.00020493164,34.66132035928209,1.3621248227684175,1300000,16.62235736846924,31.656505506706495,-6.1035155e-09,129,38.82898041298592,0.022000551223754883,2180.927978515625,16.883358001708984,2.5603392124176025,0.23799920082092285,26.86445417273442,100
13.911423444747925,-0.0026003676,34.85875486172446,1.3955526541065784,1310000,16.70298171043396,30.931538347354486,-7.629395e-09,130,37.88106257350323,0.016000032424926758,2197.898957014084,16.957979679107666,2.5337471961975098,0.2389979362487793,27.061968398063772,100
13.94161057472229,0.005459196,34.73081698195445,1.4053076705377974,1320000,16.715991735458374,31.940603985039953,-3.8146972e-10,131,38.13182342306359,0.016007423400878906,2214.8859355449677,16.97497868537903,2.5354137420654297,0.24096465110778809,26.91497413984811,100
13.798810958862305,-0.0002927765,34.83062313603525,1.7861947748773828,1330000,16.575981616973877,30.854589694277195,1.5258789e-09,132,38.550877727142414,0.01600027084350586,2231.73091840744,16.831981658935547,2.5191025733947754,0.23999977111816406,26.98471585922934,100
13.158592939376831,0.0022568512,34.91576741049374,1.51035915571127,1340000,16.066982746124268,30.93031186928832,-1.525879e-08,133,39.47231299227836,0.016999244689941406,2248.083897829056,16.339980602264404,2.643336057662964,0.25499916076660156,27.082620525064208,100
14.009263277053833,0.00072929094,34.81182164869399,1.5800063214428348,1350000,16.930418729782104,31.2298007219804,6.1035155e-09,134,38.49118514527928,0.025001049041748047,2265.297312259674,17.200416326522827,2.631789207458496,0.24399662017822266,26.98997624314157,100
13.838431358337402,0.004139373,34.7448384955996,1.4240219760045658,1360000,16.654781818389893,31.408831265757147,3.0517577e-09,135,38.435666633700826,0.021965503692626953,2282.239058971405,16.929747581481934,2.5797030925750732,0.25300025939941406,26.930203018938652,100
13.43348503112793,0.0034733382,34.531783722494424,1.6238105170583406,1370000,16.28098177909851,31.37794590171518,-9.918213e-09,136,37.75151741876309,0.01999807357788086,2298.8060398101807,16.554980516433716,2.5534842014312744,0.25300121307373047,26.711950629133455,100
13.951831340789795,0.0041185427,34.80497949916323,1.3472676392574163,1380000,16.676631450653076,31.823759634568137,9.155274e-09,137,37.68710037717303,0.023996829986572266,2315.7846672534943,16.96562910079956,2.4661834239959717,0.2650008201599121,26.922937388767977,100
13.742185354232788,0.007013832,34.54193922131364,1.4033337595263242,1390000,16.608981370925903,31.635370138387575,1.6784668e-08,138,38.03252140050272,0.022998332977294922,2332.6806468963623,16.88297963142395,2.615809202194214,0.25099992752075195,26.747298611231408,100
13.975843906402588,-0.00063152466,34.81448574431256,1.5484779471805947,1400000,16.840983390808105,31.497776983304032,7.629395e-09,139,37.78007356808423,0.015997648239135742,2349.8116261959076,17.11798095703125,2.6110823154449463,0.26000165939331055,27.01362756705383,100
13.297011613845825,0.00083926524,34.54735480162611,1.5860797432398488,1410000,15.957979917526245,30.964343436339167,3.0517577e-09,140,38.95567288481825,0.0279998779296875,2366.064605474472,16.24097990989685,2.4430413246154785,0.2540004253387451,26.809863038482014,100
13.407657384872437,0.00056937255,34.624281947065725,1.5256615450502247,1420000,16.232852458953857,31.75447633566103,-9.155274e-09,141,38.613718646684994,0.01700139045715332,2382.581454515457,16.503849506378174,2.5840706825256348,0.2539956569671631,26.895314005687343,100
13.814628601074219,0.0010429657,34.4514746046834,1.3742545323868323,1430000,16.70508360862732,31.907535476135585,-2.4414062e-08,142,37.7647845148131,0.01699686050415039,2399.569536924362,16.975081205368042,2.62882137298584,0.2520005702972412,26.727999656439984,100
13.662846803665161,-0.001919513,34.638535059134675,1.586191402453033,1440000,16.418914318084717,31.180601931961807,3.0517577e-09,143,37.63969041523544,0.0220029354095459,2416.2774510383606,16.694913864135742,2.4951059818267822,0.25299644470214844,26.85567616178723,100
13.701726913452148,-0.0018262513,34.71477243513603,1.4206642464604917,1450000,16.604387521743774,31.154461545636035,-6.1035155e-09,144,37.58190763514516,0.015961647033691406,2433.160799741745,16.870348930358887,2.6149559020996094,0.2499997615814209,26.939486923475865,100
14.072963953018188,0.0013483913,34.766512822093596,1.576342748480074,1460000,16.951006650924683,30.998763744969164,-1.0299683e-08,145,38.54107604802968,0.02497267723083496,2450.400779247284,17.226979970932007,2.6249334812164307,0.25100064277648926,26.95152094993632,100
14.03324294090271,0.011449678,34.6217367111665,1.594905998777348,1470000,16.861565589904785,31.16277095740692,-1.2207031e-08,146,37.909028992584595,0.017000436782836914,2467.537342309952,17.12356400489807,2.5562281608581543,0.24499797821044922,26.852570694982916,100
13.506463766098022,0.0023723266,34.86499839178552,1.3858463236021683,1480000,16.339981079101562,32.266682283232136,1.2207031e-08,147,38.07460648241809,0.016001224517822266,2484.1653215885162,16.6149799823761,2.542118787765503,0.2579984664916992,27.01338694763077,100
13.874712944030762,-0.00079023436,34.81429483959537,1.4555458400558237,1490000,16.680222511291504,32.24336985228635,-2.2888185e-09,148,38.665601630574656,0.02196216583251953,2501.1305029392242,16.953181266784668,2.547919750213623,0.24999642372131348,26.984609315743665,100
14.019921779632568,0.001412878,35.20286278892761,1.5392448804379744,1500000,16.762012243270874,31.751264646735933,-9.918213e-09,149,38.64887496145706,0.02196955680847168,2518.181482076645,17.037978649139404,2.489043951034546,0.25299644470214844,27.327330390236906,100
13.825246334075928,0.00026398772,34.971256433682676,1.5966225302878037,1510000,16.6308753490448,30.372104732355044,1.1444092e-08,150,38.317125667016086,0.01596379280090332,2535.090322494507,16.89583969116211,2.549901247024536,0.2480006217956543,27.076736941757545,100
13.870432138442993,0.00015718384,34.75973822934345,1.5999138529419625,1520000,16.654288053512573,31.255195586913644,1.8310548e-08,151,38.55603631326347,0.021033525466918945,2552.0316100120544,16.929287433624268,2.5295398235321045,0.25296664237976074,26.910352731524675,100
13.884063482284546,-0.0023430511,34.82520753870288,1.4749573432410459,1530000,16.798378944396973,31.778303907716886,6.1035155e-09,152,38.67898881852026,0.01700115203857422,2569.1089899539948,17.06437849998474,2.6441941261291504,0.24899840354919434,26.905315043131374,100
13.950440406799316,0.0008319336,34.63973830350299,1.3137909724860843,1540000,16.74938464164734,31.77237981323424,7.629395e-09,153,37.5541788513099,0.019999027252197266,2586.1383740901947,17.01638388633728,2.537383794784546,0.24700021743774414,26.75966773686079,100
13.46190071105957,0.0006193359,35.17138347377221,1.5205665607157552,1550000,16.198010444641113,31.433870700334253,1.8310548e-08,154,38.249551285810924,0.019969940185546875,2602.6243529319763,16.472979068756104,2.493701696395874,0.25499868392944336,27.301038942198197,100
13.42275357246399,0.0016294251,34.782308717780985,1.558936810201046,1560000,16.180983066558838,30.90149648722184,0.01868216,155,38.25382754643259,0.01699662208557129,2619.086333990097,16.4489803314209,2.516329288482666,0.25100064277648926,26.921773244450836,100
13.895740270614624,3.5873414e-05,35.002310399144626,1.5819652884420534,1570000,16.73198390007019,31.747562258619364,-1.2207031e-08,156,38.613245777068975,0.015995502471923828,2636.0933134555817,16.993979454040527,2.565250873565674,0.24600005149841309,27.13655617796849,100
13.878486394882202,0.000939357,34.98636131717747,1.6630924619309795,1580000,16.71511745452881,31.56515900730004,1.373291e-08,157,38.8905614737157,0.024029970169067383,2653.093398332596,16.988085508346558,2.582367420196533,0.24599885940551758,27.157648157800185,100
13.90380048751831,0.0031862205,34.913835071253715,1.6411416363193312,1590000,16.804312467575073,31.61676566134524,-2.2888185e-09,158,38.56147738073186,0.022969722747802734,2670.1866793632507,17.080280542373657,2.607041120529175,0.2519989013671875,27.05421225615097,100
13.552887678146362,-0.00020664978,34.93492484776775,1.5464715286019084,1600000,16.174013137817383,31.69829020388683,-4.272461e-07,159,38.56808249386647,0.0169677734375,2686.6456611156464,16.44698190689087,2.363990306854248,0.25600099563598633,27.041903933457146,100
13.94620132446289,-0.0024755467,35.11951716825147,1.5240692711235506,1610000,16.749982118606567,31.568037065944267,6.4849854e-09,160,39.266168391472576,0.018999338150024414,2703.68364071846,17.025980949401855,2.5374069213867188,0.2559988498687744,27.200171945494848,100
13.914274454116821,-0.00035045395,34.91878552853688,1.4910154241805766,1620000,16.718019008636475,31.2868956796476,-1.6212464e-08,161,38.08820917465761,0.016992807388305664,2720.6886150836945,16.991974115371704,2.5601823329925537,0.25696229934692383,27.008642849387538,100
14.149775743484497,0.00047801514,35.462196352121175,1.3898797523880015,1630000,16.942954063415527,31.712651781783812,-8.392334e-09,162,38.34902670931303,0.03996586799621582,2738.6815350055695,17.978917360305786,2.539400339126587,0.995997428894043,27.513433802078,100
14.2691650390625,-0.0005256973,35.170146415176916,1.539167345563409,1640000,17.21098518371582,30.853041151998106,2.746582e-08,163,38.64686031764169,0.04499554634094238,2756.9645142555237,18.266978979110718,2.665865421295166,1.0089988708496094,27.241551759420048,100
14.322012186050415,0.0033065903,34.894333501624445,1.6085692783423275,1650000,17.085013151168823,30.98969795053204,-5.722046e-10,164,39.18850281418422,0.04496908187866211,2775.0994951725006,18.117980480194092,2.507317066192627,0.9879982471466064,26.970740856178804,100
13.90841007232666,0.0028305084,35.29700485988467,1.347616043317918,1660000,16.729982376098633,31.821358418533386,-1.5258789e-09,165,38.31042010881198,0.057000160217285156,2792.8964755535126,17.781981229782104,2.5658276081085205,0.9949986934661865,27.40643790872187,100
13.910465240478516,0.0017951557,35.24709911330346,1.4378821010309013,1670000,16.66698408126831,31.56124490680383,0.005523989,166,39.38323178649708,0.06299710273742676,2811.1524546146393,18.241979122161865,2.497816801071167,1.510998010635376,27.378573748887156,100
13.889979839324951,0.005992171,35.187512232234496,1.5068638552534677,1680000,16.72498369216919,31.362661485072515,1.5258789e-09,167,38.95496398575508,0.06400251388549805,2829.0924351215363,17.91598153114319,2.5610649585723877,1.126995325088501,27.30947304243991,100
13.905924797058105,0.005966938,34.88581040975991,1.5579101740421393,1690000,16.704013347625732,31.400859910130023,1.525879e-08,168,38.867963885525235,0.05396890640258789,2846.985416650772,17.87798023223877,2.5154507160186768,1.1189992427825928,26.96090962449154,100
13.884948492050171,0.010210733,34.87974342212744,1.4201805938706413,1700000,16.69198203086853,31.699792246534347,1.2207031e-08,169,38.03898856292311,0.06599783897399902,2865.0203959941864,18.018980026245117,2.479177474975586,1.261000156402588,26.976839941330766,100
13.827043294906616,0.017730152,35.041548665827,1.3652157457711613,1710000,16.634618759155273,31.66108482476688,-6.1035155e-09,170,38.09508730124637,0.05503129959106445,2883.0120124816895,17.975616216659546,2.557164192199707,1.285966157913208,27.086453625524456,100
13.855975151062012,0.017209295,34.878528881097566,1.2889511565578604,1720000,16.657950162887573,31.56692684917456,-1.2207031e-08,171,37.71472474711379,0.0649724006652832,2901.0279309749603,17.99991726875305,2.54801344871521,1.2769947052001953,26.924845955155742,100
13.610687971115112,0.012295452,35.00792121804815,1.3724722517902033,1730000,16.435967445373535,30.58195590294823,1.373291e-08,172,38.27031364473998,0.047998666763305664,2918.22189617157,17.17796540260315,2.5781126022338867,0.6939992904663086,27.008986792278783,100
13.622799158096313,-0.0026411815,34.97863043877103,1.3193498327777935,1740000,16.466017723083496,31.938624688135555,-1.3351441e-08,173,38.303894789307314,0.020963430404663086,2935.0068774223328,16.771981954574585,2.576828956604004,0.2850008010864258,26.961871904180306,100
13.649874448776245,0.008539699,35.12863473988574,1.3599224478908858,1750000,16.440853118896484,31.740792837516008,-7.629395e-09,174,38.204924440983326,0.01699972152709961,2951.7327325344086,16.7098548412323,2.5285251140594482,0.2520020008087158,27.10683184183163,100
13.803765058517456,0.0034365265,35.04381425939442,1.4939874306541046,1760000,16.53399348258972,30.584552375220344,9.155274e-09,175,38.2273212178566,0.01798868179321289,2968.554713487625,16.808983325958252,2.469160795211792,0.2570011615753174,27.03602240076615,100
13.749284982681274,0.0069364016,35.06559326410853,1.2152887721828225,1770000,16.342012882232666,31.604878735781273,-9.918213e-09,176,38.14181068532335,0.015967130661010742,2985.18869304657,16.620979070663452,2.330472230911255,0.2629990577697754,27.098373252724514,100
13.6212899684906,0.014506524,34.94262064695893,1.565770267625012,1780000,16.32298469543457,30.81143169454481,-1.8310548e-08,177,39.53046226369158,0.01799941062927246,3001.803674221039,16.60198163986206,2.4493377208709717,0.2609975337982178,27.079727855830356,100
13.61273193359375,0.0018822266,35.26684896760021,1.5884413584081962,1790000,16.369985103607178,31.123937031381683,0.012098074,178,38.563000293459964,0.021028757095336914,3018.4706568717957,16.654982328414917,2.496819496154785,0.2629988193511963,27.297032375576215,100
13.582748413085938,0.0016598916,35.12745606172883,1.5748653151617487,1800000,16.209012985229492,30.742238881409573,-1.6021728e-08,179,38.877449011407336,0.02400064468383789,3034.9736380577087,16.490980863571167,2.3810617923736572,0.2559950351715088,27.187261776511765,100
13.72225022315979,0.00064694823,35.03586989621522,1.3982394364984865,1810000,16.548986196517944,31.853122785339536,-1.9836426e-08,180,37.97411840826309,0.015996932983398438,3051.8566212654114,16.869982957839966,2.457451105117798,0.3040010929107666,27.076628619709513,100
13.56334400177002,-0.0012151307,35.17515108520276,1.2646996740352574,1820000,16.364272356033325,32.03064292566822,-9.155274e-09,181,38.00811755658729,0.018001079559326172,3068.5188930034637,16.64727234840393,2.5429491996765137,0.2649989128112793,27.197735011003395,100
13.671702861785889,0.0012561462,35.05225131431352,1.59932030411274,1830000,16.404027700424194,31.04483486781047,-3.0517577e-09,182,37.97748758466198,0.015953779220581055,3085.227874517441,16.69598126411438,2.4960062503814697,0.2759997844696045,27.061783345645743,100
13.66992449760437,-0.0018806176,35.14787868339479,1.4993466798759782,1840000,16.368016481399536,31.24938495968535,4.577637e-09,183,38.52035329186755,0.024964570999145508,3102.016856431961,16.775980710983276,2.4391913414001465,0.38199949264526367,27.18369334718807,100
13.680058002471924,-0.0014865097,35.091426921343476,1.4709051873557522,1850000,16.550403118133545,31.42741382911623,-1.1444092e-08,184,38.41998520446944,0.02495884895324707,3118.85821723938,16.82836103439331,2.606812000274658,0.25299906730651855,27.09532892486775,100
13.668270587921143,0.0047318162,35.24661240904781,1.3733103602167522,1860000,16.43701457977295,31.550784196697116,1.5258789e-09,185,37.776885073576004,0.015967130661010742,3135.5761997699738,16.70498275756836,2.5150222778320312,0.25100159645080566,27.223797500233985,100
13.669883728027344,0.0011363594,35.2243666720999,1.4124345110126948,1870000,16.506672859191895,31.956276081133293,-7.247925e-09,186,38.20672956828419,0.020967483520507812,3152.3778400421143,16.789642810821533,2.5867958068847656,0.2610001564025879,27.16553889583377,100
13.595131397247314,0.00806281,35.31809121080678,1.2504375467100106,1880000,16.358105421066284,32.11590525771674,-1.2207031e-08,187,38.21807862997455,0.024001359939575195,3169.0189423561096,16.62910270690918,2.5167715549468994,0.2469959259033203,27.299116703867927,100
13.584896087646484,0.01867253,35.116991626626756,1.6211654873452146,1890000,16.31298279762268,30.983920145830137,-1.8310548e-08,188,38.40428577318727,0.021999359130859375,3185.6179251670837,16.586982488632202,2.4771547317504883,0.25100016593933105,27.16577203764897,100
13.684108257293701,0.008383537,35.0665191476266,1.4185874118045814,1900000,16.437215328216553,31.49070691362514,-6.866455e-09,189,38.122080519645344,0.016965389251708984,3202.3371045589447,16.70617961883545,2.5027928352355957,0.2519989013671875,27.22772865477428,100
13.618338823318481,0.0089269085,34.8108767343959,1.543526684633117,1910000,16.4052152633667,30.841524134311456,6.866455e-09,190,37.86385572062411,0.024997234344482422,3219.028319120407,16.678211450576782,2.5366756916046143,0.24700021743774414,27.02227144342783,100
13.631601572036743,0.0014579373,34.91197401304234,1.4806980235703848,1920000,16.506045818328857,31.653254494653513,1.5258789e-09,191,38.45075981885712,0.02199721336364746,3235.8303644657135,16.789044618606567,2.5577945709228516,0.2610015869140625,27.144791158758075,100
13.626510858535767,-0.0022557923,34.97208057758766,1.3780808980794645,1930000,16.44094681739807,30.964736007597484,3.0517577e-09,192,37.68348395208802,0.02399921417236328,3252.556310415268,16.712946891784668,2.5739634037017822,0.2480008602142334,27.164633589239553,100
13.704198122024536,0.010440921,34.704195535071186,1.3448584444508282,1940000,16.452090978622437,31.666171365879602,-1.8310548e-08,193,38.04419088854495,0.016970396041870117,3269.2913689613342,16.72205924987793,2.498616933822632,0.25299787521362305,26.8932521446913,100
13.750930547714233,0.001521582,35.07497770166648,1.2418599660014955,1950000,16.562076330184937,32.110234156182685,0.01969356,194,38.620062385859676,0.0240323543548584,3286.1444442272186,16.84007430076599,2.5676956176757812,0.2539656162261963,27.21328378569042,100
13.675706386566162,0.010518426,34.87527365890831,1.5154874308651756,1960000,16.52398443222046,31.46311873287408,1.0681152e-08,195,37.95545124089635,0.021998882293701172,3302.9724271297455,16.814985275268555,2.606165647506714,0.26800060272216797,27.02789307543846,100
13.762461423873901,0.006736818,34.916750376088316,1.3754302238667402,1970000,16.546956062316895,32.365580554594096,-9.918213e-09,196,38.482619896842095,0.019999265670776367,3319.810350894928,16.821923971176147,2.5207245349884033,0.2539994716644287,27.07632503695982,100
13.926926851272583,-0.004412511,34.95837249032311,1.509307404611296,1980000,16.679983854293823,31.347765848520858,-1.5258789e-09,197,38.90150942154648,0.020999431610107422,3336.7903320789337,16.966981410980225,2.4899938106536865,0.26599812507629395,27.15477024709256,100
13.90006971359253,-0.00029984818,34.88400087680542,1.5685750367764653,1990000,16.59398365020752,31.29713624949149,-3.0517577e-09,198,38.390645000985685,0.015999794006347656,3353.6713132858276,16.86798119544983,2.43697452545166,0.2579977512359619,27.01365880073422,100
13.893329620361328,-0.0021782562,35.31837077169519,1.4602606632230137,2000000,16.61600971221924,30.995178419426068,3.0517577e-09,199,38.65965113284364,0.016973495483398438,3370.5742948055267,16.889981508255005,2.474569320678711,0.25699830055236816,27.38067295933479,100
14.069231748580933,-0.0022312745,35.053017131081546,1.4418705469036535,2010000,16.905027627944946,31.849657366588154,1.2207031e-08,200,39.03733454924637,0.020985126495361328,3387.79727768898,17.209982872009277,2.5856752395629883,0.2830009460449219,27.135117594978077,100
14.03592848777771,0.00052584533,34.90163903966536,1.6568396520480295,2020000,16.864982843399048,31.63400953267143,9.155274e-09,201,39.0701139682304,0.023033618927001953,3404.953258752823,17.142982244491577,2.525923728942871,0.25496578216552734,26.93728761677923,100
13.814897060394287,-0.000587027,35.39952326040078,1.5191583239211126,2030000,16.586983680725098,32.00228560465187,-6.1035155e-09,202,38.361483170335234,0.020029544830322266,3421.824239730835,16.857982397079468,2.5115466117858887,0.249969482421875,27.43163959777313,100
13.711325645446777,0.0010202392,35.310165516776905,1.446974719264718,2040000,16.523333072662354,31.280856781326047,-2.4414062e-08,203,38.350838526139135,0.016967058181762695,3438.635538816452,16.79330086708069,2.5612242221832275,0.25300073623657227,27.356267418853847,100
13.565505981445312,-4.1368105e-05,35.16178026710052,1.7258930456085244,2050000,16.328892946243286,30.66098944593785,1.5258789e-09,204,38.4045910425507,0.01799941062927246,3455.246430873871,16.597891807556152,2.5285069942474365,0.25099945068359375,27.180020344104282,100
13.538991928100586,0.008639737,34.93479283030611,1.5305331688512136,2060000,16.272173404693604,31.114457904370095,1.2207031e-08,205,38.16704464232786,0.0159759521484375,3471.8046028614044,16.546173810958862,2.476996898651123,0.2559974193572998,27.012444769160176,100
13.74461030960083,0.009891136,35.30000059463442,1.5671673337337655,2070000,16.530982971191406,31.783700445577274,4.196167e-09,206,38.861493447349844,0.02399754524230957,3488.6255843639374,16.807981491088867,2.51503849029541,0.2520015239715576,27.367342508551005,100
13.782546043395996,0.0014592102,35.05990542315825,1.367990038153349,2080000,16.57998275756836,31.843749768292465,1.0681152e-08,207,39.28117493994728,0.025002241134643555,3505.4925661087036,16.854981660842896,2.5364327430725098,0.24899649620056152,27.193899951717814,100
13.58777117729187,0.003602092,35.04193052280411,1.4957456677600196,2090000,16.385021209716797,31.939119304155884,-1.6784668e-08,208,37.98473524785421,0.016004323959350586,3522.154559612274,16.648993015289307,2.5459585189819336,0.24796748161315918,27.198263252779302,100
14.51045036315918,0.0074473633,35.152053576735284,1.3496846332103738,2100000,17.239502668380737,32.44119375516737,-1.8310548e-08,209,37.67371101995028,0.021966218948364258,3539.8470277786255,17.679468154907227,2.4917566776275635,0.417999267578125,27.295505400212605,100
13.620363712310791,-0.0005002197,35.06250656926754,1.4314530445240587,2110000,16.369014978408813,31.863101051628227,6.1035155e-09,210,37.979590572706606,0.022964954376220703,3556.5000097751617,16.6399827003479,2.4663846492767334,0.2460002899169922,27.14098698877108,100
13.703481435775757,0.0008850952,35.25320292612198,1.383784279766381,2120000,16.33498501777649,32.124578261509605,-1.373291e-08,211,38.48016784170262,0.023996591567993164,3573.1219906806946,16.608981609344482,2.3784306049346924,0.25,27.314453126216158,100
13.772582530975342,0.0017410904,35.24472103336548,1.418480992568414,2130000,16.62798285484314,31.301387300549614,3.0517577e-09,212,39.01873270830113,0.02399921417236328,3590.041972398758,16.907982110977173,2.545941114425659,0.25499892234802246,27.333174456221624,100
13.698041915893555,0.004489746,35.08292603598932,1.5242570581319497,2140000,16.38119602203369,31.057109766534413,-9.155274e-09,213,38.393458106051575,0.015970706939697266,3606.709140777588,16.65416669845581,2.421055316925049,0.2560007572174072,27.150677896165806,100
13.574816703796387,0.0029095116,35.23860318647938,1.5066689595618623,2150000,16.36244487762451,31.917552263386874,-2.670288e-09,214,38.33028841630503,0.016030073165893555,3623.3515853881836,16.629443645477295,2.5176031589508057,0.2499687671661377,27.26538928040205,100
13.62989354133606,0.0014640734,34.97336267348192,1.4648966720388965,2160000,16.236011743545532,31.63063746610915,-1.7547608e-08,215,38.66152795860194,0.02196812629699707,3639.8795647621155,16.51498007774353,2.347074270248413,0.257000207901001,26.98130761736341,100
13.699437618255615,0.0037202667,35.31091041413882,1.2265512143580242,2170000,16.420982122421265,31.540533204367996,-3.0517577e-09,216,38.9000178608466,0.016998767852783203,3656.5815465450287,16.688980102539062,2.4796996116638184,0.25099921226501465,27.307166636278293,100
13.414181470870972,0.0066364473,35.24494654085167,1.437782615022125,2180000,16.240783214569092,31.418152112354605,1.525879e-08,217,38.285211798401086,0.021001577377319336,3673.1043004989624,16.510751485824585,2.588507652282715,0.24699997901916504,27.263020825345283,100
13.613633394241333,-0.0033165496,34.96579648902633,1.3165616820685946,2190000,16.296082019805908,30.950816672411964,1.449585e-08,218,37.878663286195234,0.015996217727661133,3689.7053785324097,16.588078260421753,2.447500705718994,0.2760000228881836,27.023286849628143,100
13.503222942352295,0.0039495714,35.28881487840601,1.6889697147886016,2200000,16.274002075195312,31.616355680553514,9.155274e-09,219,39.40789986760943,0.016979694366455078,3706.2643613815308,16.54398226737976,2.514138698577881,0.25300049781799316,27.30235198789082,100
13.526103973388672,-0.0015011108,35.0706538997525,1.5024182027942958,2210000,16.314453125,30.760107767253093,-2.4414062e-08,220,38.55581622673427,0.018000125885009766,3722.8598132133484,16.58245325088501,2.5500328540802,0.25,27.083678366087756,100
13.591184854507446,0.0021183211,35.16938482088597,1.477596940929692,2220000,16.46898126602173,31.602004252683344,-7.629395e-09,221,38.56833947833094,0.02000141143798828,3739.6137952804565,16.740981340408325,2.63781476020813,0.25099897384643555,27.17241106490355,100
13.473612546920776,-0.00014208526,35.23627285717564,1.6329006305950606,2230000,16.368982076644897,31.74868263318557,-7.629395e-09,222,39.948703182249176,0.01799941062927246,3756.2657766342163,16.639982223510742,2.6474132537841797,0.25300073623657227,27.217269755864713,100
13.519301176071167,0.0025133956,34.939465744140286,1.3655212338559364,2240000,16.425983667373657,31.130726425163118,-9.155274e-09,223,38.49273522914271,0.0189974308013916,3772.9747586250305,16.695980548858643,2.640700578689575,0.2480010986328125,26.978874387214276,100
13.601745367050171,0.0032692319,35.32099763709638,1.4961663881633598,2250000,16.328562021255493,30.993362645624096,-6.1035155e-09,224,38.40441046847654,0.015998125076293945,3789.5863177776337,16.59855890274048,2.4600110054016113,0.2539987564086914,27.287133314280467,100
13.561696529388428,0.0031856385,35.42790951399182,1.5205105337207712,2260000,16.24201226234436,32.15314655354255,1.5258789e-09,225,39.083818970893496,0.015996932983398438,3806.112329006195,16.513009786605835,2.4402949810028076,0.25500059127807617,27.405321096666757,100
13.57204294204712,-0.00037427674,35.33779165780027,1.671312568207041,2270000,16.3654682636261,31.41205782717687,1.525879e-08,226,38.633633096111765,0.016999006271362305,3822.7677953243256,16.63846755027771,2.5497140884399414,0.25499916076660156,27.323933843829014,100
13.480804681777954,-0.0017222443,35.24850337869548,1.543339609346481,2280000,16.28290867805481,30.880199841377607,1.525879e-08,227,38.7511746137813,0.015967845916748047,3839.332703113556,16.551907539367676,2.569329261779785,0.2519986629486084,27.170083829728355,100
13.715366125106812,0.006807068,35.33429266958819,1.4581336016531816,2290000,16.419641971588135,31.958018224222755,-2.4414062e-08,228,38.12428481081786,0.026972532272338867,3856.043313264847,16.69761037826538,2.456779956817627,0.2509958744049072,27.24855846613179,100
13.750609397888184,0.005049173,35.40066854247377,1.5534107533397705,2300000,16.427908897399902,31.30000228778183,-1.2207031e-08,229,38.63031751924693,0.022998809814453125,3872.7682213783264,16.711908102035522,2.4352054595947266,0.261000394821167,27.269064976466993,100
13.71737027168274,-0.00075695803,35.313886007720896,1.3770385241432141,2310000,16.362019062042236,31.886071789506747,-6.1035155e-09,230,37.80512147475112,0.023964405059814453,3889.4202058315277,16.63898515701294,2.395517349243164,0.25300168991088867,27.175006771426805,100
13.640323638916016,0.0029773682,35.421201642034546,1.3522059378844518,2320000,16.294013500213623,32.21958882487061,0.0029160064,231,39.25221132258083,0.021970748901367188,3906.0001876354218,16.566982746124268,2.4226386547088623,0.25099849700927734,27.240130002398555,100
13.691393852233887,0.000115104674,35.32320801639858,1.235129995218884,2330000,16.29901671409607,32.83968169345992,-6.1035155e-09,232,38.04708593980076,0.0169677734375,3922.591170310974,16.577983617782593,2.3391668796539307,0.26199913024902344,27.135797689379956,100
13.798173189163208,0.010408707,35.65045408270079,1.3369923611976244,2340000,16.534940242767334,31.70180810910311,-3.8146974e-09,233,38.93636094074289,0.02099776268005371,3939.4161100387573,16.811938285827637,2.472966432571411,0.256000280380249,27.430220086570703,100
13.432853698730469,0.012244198,35.3484775238458,1.4783512618862416,2350000,16.313987255096436,31.5172632956872,-1.525879e-08,234,39.246930187914074,0.015996694564819336,3956.0240936279297,16.59598469734192,2.587085008621216,0.26400017738342285,27.265433435723626,100
13.557369709014893,0.004734134,35.0115363749117,1.5401467220970884,2360000,16.39258646965027,31.843146918747887,-1.525879e-08,235,38.66787063784415,0.016964435577392578,3972.698646068573,16.66155242919922,2.569284677505493,0.2520015239715576,26.9736560267154,100
13.745107889175415,-0.00033339387,35.19365233462341,1.3969159220010308,2370000,16.505956411361694,32.12776959201173,1.1825562e-08,236,38.250586100441346,0.023999452590942383,3989.4975683689117,16.785923719406128,2.504298686981201,0.2559678554534912,27.17248605478981,100
13.692030906677246,0.0059513235,35.35260943162878,1.438968305287345,2380000,16.52983021736145,31.77248972031747,4.577637e-09,237,38.12622144985339,0.018997669219970703,4006.3093967437744,16.79882836341858,2.598445177078247,0.2500004768371582,27.330777698229703,100
13.48862338066101,0.0019315216,35.4344321687501,1.580275639335944,2390000,16.31001615524292,31.719258281499172,-3.0517577e-09,238,39.0930527903271,0.0169680118560791,4022.906380176544,16.58498477935791,2.550198793411255,0.25699830055236816,27.362858009525556,100
13.45356822013855,0.0020518128,35.31639022543516,1.6538946530228842,2400000,16.308011770248413,31.16669649584935,-6.1035155e-09,239,38.835413579975786,0.01897406578063965,4039.5043675899506,16.584988117218018,2.599886894226074,0.25800228118896484,27.292138967034674,100
13.657839059829712,0.0024138028,35.129490883195565,1.6217318527235323,2410000,16.474693298339844,31.36959785334099,1.4877319e-08,240,39.14386448630629,0.022998332977294922,4056.272053718567,16.754690647125244,2.5542423725128174,0.25699901580810547,27.124949262308274,100
13.6491539478302,0.0036696075,35.21427907384172,1.4540015932587802,2420000,16.340495824813843,32.34531728634695,0.005124245,241,38.85506518530627,0.015997648239135742,4072.8925478458405,16.607492446899414,2.4376330375671387,0.2500002384185791,27.227638659808804,100
13.486786127090454,-0.0017070313,35.37421543696526,1.5623372108849756,2430000,16.313485622406006,30.636612461482247,-9.918213e-09,242,38.5766943791291,0.024001121520996094,4089.4910328388214,16.585484743118286,2.5613176822662354,0.24799799919128418,27.39293426767958,100
13.78331208229065,0.009247742,35.397883544652835,1.3896736661698785,2440000,16.55998468399048,32.415371368241296,-1.2207031e-08,243,39.14740883527967,0.016963958740234375,4106.330016374588,16.82698392868042,2.5255110263824463,0.2479994297027588,27.384948270595842,100
13.446695327758789,0.0068527954,35.02371304055595,1.5782110233366753,2450000,16.22201442718506,31.432845338729408,-2.4414062e-08,244,38.379308755516526,0.015972375869750977,4122.8400003910065,16.496984243392944,2.5263314247131348,0.257997989654541,26.981683675943938,100
13.510673999786377,-0.000116912845,35.31584611287265,1.3651386420953295,2460000,16.378984451293945,32.18875714650316,6.1035155e-09,245,38.32683647315983,0.024999141693115234,4139.516983270645,16.66498303413391,2.535390853881836,0.25999951362609863,27.244897402003506,100
13.735783576965332,-0.0008302063,35.383325073713706,1.5880286510692214,2470000,16.42055916786194,31.57918484251114,1.525879e-08,246,39.11450296371934,0.016962289810180664,4156.224509477615,16.69052529335022,2.4508588314056396,0.2500004768371582,27.271828929287555,100
13.491599559783936,-0.00092508085,35.462096427987426,1.4791933436541775,2480000,16.22605013847351,31.554096942767448,-1.2207031e-08,247,38.35528445478183,0.02299666404724121,4172.84755897522,16.610049724578857,2.4789700508117676,0.36100292205810547,27.331962513214236,100
13.604895114898682,-0.0014108521,35.56625369485736,1.4875190870091022,2490000,16.376752853393555,32.32763048872834,-2.1362304e-08,248,39.63833024938511,0.023976802825927734,4189.510285615921,16.64972686767578,2.492189407348633,0.24899721145629883,27.383540826721042,100
13.621129751205444,-0.0014520142,35.48529404530985,1.7073352479705943,2500000,16.47298550605774,31.920913243095686,-1.525879e-08,249,39.57003922976293,0.015960693359375,4206.267268896103,16.743983507156372,2.5747179985046387,0.2540009021759033,27.352298782871756,100
13.754086256027222,0.0017007324,35.509468924159506,1.6361075931398974,2510000,16.542009592056274,31.971323287577455,-2.1362304e-08,250,39.40609390007665,0.01597428321838379,4223.089251995087,16.808982133865356,2.5227174758911133,0.25099825859069824,27.353981505620332,100
13.445361375808716,-0.0019670883,35.08025299933492,1.6167209699348173,2520000,16.277676582336426,31.717832219003096,9.918213e-09,251,39.20577009929974,0.020998239517211914,4239.651926994324,16.54967498779297,2.589158535003662,0.2499997615814209,26.965759341511667,100
13.498326301574707,0.00089895324,35.35376266509516,1.38806490984875,2530000,16.21243906021118,31.667055288853813,-2.1743775e-08,252,38.641214327253635,0.017999649047851562,4256.149364948273,16.484438180923462,2.446526050567627,0.2539994716644287,27.230900428617453,100
13.702808380126953,0.0070413225,35.62684412491132,1.5547031460731302,2540000,16.50657296180725,32.323424688321424,-3.8146974e-09,253,39.47160827451593,0.020998477935791016,4272.9399354457855,16.7775719165802,2.53322696685791,0.2500004768371582,27.421958941789793,100
13.668461322784424,0.013684668,35.48364624475623,1.4393190726394103,2550000,16.379287004470825,32.43605420671277,-6.1035155e-09,254,38.80723601342553,0.017001628875732422,4289.601223707199,16.648287296295166,2.445234537124634,0.24899816513061523,27.280748290089203,100
13.60178804397583,0.0001585724,35.30698372920174,1.3400322449405917,2560000,16.45601463317871,32.25359697103606,-1.0681152e-08,255,38.02106990360342,0.016967058181762695,4306.340206861496,16.72698426246643,2.6140904426574707,0.25300002098083496,27.132304403211602,100
13.600253105163574,0.0044509536,35.69091791790795,1.339763759027406,2570000,16.300985097885132,32.27464791107452,-9.155274e-09,256,38.20844731799799,0.0189971923828125,4322.937189340591,16.58398127555847,2.3900060653686523,0.2629995346069336,27.45082590531583,100
13.416471481323242,-0.0010855454,35.6385339359954,1.557889141876955,2580000,16.24639868736267,31.849721062058784,-7.629395e-09,257,39.408233092032475,0.021966934204101562,4339.470557689667,16.520364999771118,2.56679630279541,0.2519993782043457,27.417141788232847,100
13.406561374664307,0.005967456,35.515041576713976,1.3651153078406129,2590000,16.244572401046753,31.44341834961941,1.2207031e-08,258,38.73834853777911,0.042996883392333984,4356.111127853394,16.627569675445557,2.591341972351074,0.3379948139190674,27.26939475965366,100
13.390095472335815,0.0030776642,35.52607602899996,1.4813830694573857,2600000,16.126699924468994,32.722839812060364,-2.4414062e-08,259,39.11043356480246,0.016968727111816406,4372.511789321899,16.388661861419678,2.479848861694336,0.24399852752685547,27.227171331257885,100
13.534711837768555,0.004672391,35.49451787116526,1.544790621264269,2610000,16.274313926696777,32.13968415264288,9.155274e-09,260,38.589480856885125,0.01800227165222168,4389.068102836609,16.544314861297607,2.489098072052002,0.25099754333496094,27.209794580607408,100
13.726994037628174,0.010630529,35.73653082117891,1.4775460420174225,2620000,16.469984531402588,32.498320204628634,2.4414062e-08,261,39.11058871521581,0.024033546447753906,4405.836084365845,16.75498342514038,2.464951515197754,0.26096534729003906,27.437027843743387,100
13.734658002853394,0.007682846,35.510757737511625,1.4236777839088262,2630000,16.5290744304657,32.35485243148955,1.7547608e-08,262,38.69466657939127,0.0279996395111084,4422.658154726028,16.809070348739624,2.5303006172180176,0.2519962787628174,27.2787250510162,100
13.445579767227173,0.0032587487,35.581294903901146,1.3863708025773795,2640000,16.24843430519104,31.78159508988938,-1.0681152e-08,263,38.75854864001616,0.02399897575378418,4439.1905879974365,16.51943278312683,2.5756940841674805,0.24699950218200684,27.3367632196617,100
13.732050895690918,0.0063229264,35.67553788223846,1.4612420873211796,2650000,16.61695885658264,32.24696108163965,2.3651124e-08,264,39.11531052365664,0.016998767852783203,4456.091544151306,16.882955074310303,2.6088075637817383,0.24899744987487793,27.416823166141914,100
13.612490177154541,-0.0009233215,35.32848043544966,1.2074952253203581,2660000,16.33883547782898,32.43475539214827,-6.1035155e-09,265,38.49470942718465,0.0179595947265625,4472.710339546204,16.60579514503479,2.487579107284546,0.2479991912841797,27.13342616888317,100
13.558926105499268,0.0016707528,35.52339566642361,1.3360323677382588,2670000,16.291335344314575,32.669587096938706,5.722046e-09,266,38.50382504755805,0.02199697494506836,4489.292672395706,16.569332361221313,2.510735034942627,0.25500059127807617,27.344816741504136,100
13.592371940612793,0.003786654,35.857183049669416,1.4399631433780116,2680000,16.412256002426147,32.779260398109166,1.525879e-08,267,38.99108121371929,0.024000167846679688,4505.9899270534515,16.68525457382202,2.5088279247283936,0.24899840354919434,27.67287070519102,100
13.457992792129517,-0.00070845947,35.47099930543744,1.3509253486986035,2690000,16.26021146774292,32.411471376229926,2.4414062e-08,268,38.787159866472706,0.023969650268554688,4522.540106534958,16.53817868232727,2.55513858795166,0.25299811363220215,27.28872455916163,100
13.556134462356567,0.00055097655,35.62715496512074,1.4619144272855522,2700000,16.435672760009766,32.371250490315724,1.8310548e-08,269,38.79143366694666,0.019002199172973633,4539.26477766037,16.711671352386475,2.6121039390563965,0.25699639320373535,27.41135536582853,100
13.518104076385498,-0.0009102249,35.608659065367675,1.5268286623086669,2710000,16.311506986618042,32.240736993900924,1.2207031e-08,270,38.51243611158154,0.01699686050415039,4555.949253559113,16.67147397994995,2.54106068611145,0.3419983386993408,27.439305120442945,100
13.68673038482666,-0.0014537292,35.34087341554696,1.4274725367875947,2720000,16.45398473739624,31.386510662961932,3.5095216e-08,271,38.60911533332795,0.021997690200805664,4572.698238611221,16.73198437690735,2.5171189308166504,0.25600194931030273,27.190357890655594,100
13.704413652420044,-0.0022784744,35.50973396877583,1.380457092482553,2730000,16.451983213424683,32.95597222121766,4.577637e-09,272,38.73868670425505,0.026030302047729492,4589.448220252991,16.733980655670166,2.5172953605651855,0.2559671401977539,27.32527578489761,100
13.685856342315674,-0.0025822143,35.53935891975913,1.4677281775015836,2740000,16.40430235862732,31.683727174724392,-7.629395e-09,273,38.62165591945335,0.019967079162597656,4606.140491962433,16.679270029067993,2.470273733139038,0.25500059127807617,27.382175337681755,100
13.49533486366272,-0.0018880188,35.59903852874379,1.605143565756253,2750000,16.3429856300354,31.935329644747192,6.1035155e-09,274,39.527898085479364,0.01999950408935547,4622.767475605011,16.613983392715454,2.586458206176758,0.25099825859069824,27.412350123518216,100
13.618162155151367,-0.001323043,35.63750467653317,1.5856509568403658,2760000,16.35898470878601,32.30218442878838,9.155274e-09,275,39.04276869967833,0.015969038009643555,4639.403427600861,16.622951984405518,2.4730758666992188,0.24699831008911133,27.443035386817268,100
13.666184186935425,0.0011982605,35.425226163535946,1.4922040697377623,2770000,16.319984674453735,32.08200059346238,1.0681152e-08,276,38.639364761306915,0.01699972152709961,4656.002410173416,16.585983276367188,2.4009406566619873,0.24899888038635254,27.270384586310694,100
13.704646348953247,0.008118971,35.31048580379129,1.380000737255567,2780000,16.417144775390625,32.406393299549464,-1.8310548e-08,277,39.25507504128805,0.016999244689941406,4672.706556797028,16.692145347595215,2.473052501678467,0.25800132751464844,27.13829906429063,100
13.549031972885132,0.00997012,35.50860918649844,1.4686681576078646,2790000,16.44635844230652,32.44769460355885,-1.2207031e-08,278,39.212168704595875,0.015999317169189453,4689.506914138794,16.787357568740845,2.5964608192443848,0.3249998092651367,27.284088647591133,100
13.63870620727539,0.015122227,35.78610595291143,1.4868183310847758,2800000,16.452985525131226,32.46438666935858,-4.196167e-09,279,39.4604652054554,0.0169985294342041,4706.252898216248,16.72798442840576,2.5499649047851562,0.25800037384033203,27.510444187864042,100
13.680378437042236,0.0137718385,35.40058116236775,1.2903741024276871,2810000,16.545985221862793,32.03597222352774,9.155274e-09,280,38.77945552309295,0.01603102684020996,4723.091881513596,16.826984167099,2.598567485809326,0.2649679183959961,27.081098615371676,100
13.63834023475647,0.03013869,35.52991026752551,1.2922867052517504,2820000,16.490654706954956,32.12728007266991,-3.0517577e-09,281,39.10752526335383,0.01596808433532715,4740.076503753662,16.971622943878174,2.597444772720337,0.4650001525878906,27.116714698199235,100
14.272006750106812,0.0067247422,35.70246155975712,1.5051289730862816,2830000,17.263983964920044,32.02248886163862,-1.2207031e-08,282,38.90462643695202,0.01697373390197754,4757.6254868507385,17.53498339653015,2.6935911178588867,0.25300025939941406,27.3994572874959,100
13.727699279785156,0.016571356,35.57085137595709,1.5209035809195395,2840000,16.38001799583435,32.01854309294103,-1.2207031e-08,283,39.21571878411648,0.0169680118560791,4774.289469242096,16.65098285675049,2.376317262649536,0.2539968490600586,27.299893208346408,100
13.564264297485352,0.009574953,35.822568631444646,1.1949545138058946,2850000,16.31998610496521,32.806496469453414,-6.1035155e-09,284,38.382712575243474,0.0169985294342041,4790.89545416832,16.59398579597473,2.5153441429138184,0.25499987602233887,27.617229558312832,100
13.615600109100342,0.0016926087,35.470159478751704,1.3287152927824017,2860000,16.249019145965576,32.92188810764426,-3.0517577e-09,285,38.53491947269631,0.024967670440673828,4807.435438632965,16.527984380722046,2.3695290088653564,0.2539975643157959,27.19285727113369,100
13.539908170700073,0.0014988525,35.51609382167342,1.3979077601370637,2870000,16.337887287139893,32.35165059348489,6.1035155e-09,286,39.11546890470616,0.02296590805053711,4824.059289693832,16.61085081100464,2.552152633666992,0.24999761581420898,27.279559594446887,100
13.561161041259766,0.008213342,35.55806666643289,1.4821529462724905,2880000,16.334201335906982,31.432078500895077,-1.2207031e-08,287,39.02202221585675,0.020969867706298828,4840.679459095001,16.607168912887573,2.526745080947876,0.251997709274292,27.371959524833258,100
13.616170167922974,0.0031954818,35.39151267214576,1.65796784113101,2890000,16.448986768722534,32.217778929609146,8.201599e-09,288,39.026625046527904,0.017998933792114258,4857.406442403793,16.7139835357666,2.585317850112915,0.24699783325195312,27.19478578126984,100
13.737139225006104,0.0006808197,35.75521814586596,1.4218770262577076,2900000,16.525986671447754,32.38502878612753,-2.4414062e-08,289,39.02206829181166,0.024997711181640625,4874.23942732811,16.81998324394226,2.503910779953003,0.2689988613128662,27.509554353194414,100
13.55832576751709,0.003357692,35.83338826142495,1.664141569965277,2910000,16.42735981941223,32.12554172696423,-1.8692017e-08,290,39.3943318193013,0.021997928619384766,4890.952783346176,16.700356483459473,2.616961717605591,0.2499983310699463,27.583265242916063,100
13.472670793533325,-0.00047815248,35.607380642871334,1.4046431827833883,2920000,16.28109121322632,32.678401023931656,1.8310548e-08,291,38.9250157735776,0.017995834350585938,4907.510870933533,16.54508662223816,2.548171281814575,0.24599957466125488,27.30129453418505,100
13.638219356536865,-0.0020882995,35.67828829546294,1.4130855134848441,2930000,16.47801184654236,32.0029278599093,6.1035155e-09,292,38.47897061573552,0.016972064971923828,4924.273856878281,16.743984699249268,2.590930700302124,0.24900078773498535,27.431288618973717,100
13.783879518508911,0.00968701,35.61735013449418,1.304570046571981,2940000,16.58598566055298,32.63115080722451,1.2207031e-08,293,38.84669542508176,0.01599907875061035,4941.1648416519165,16.877984762191772,2.535543441772461,0.2760000228881836,27.335695994252784,100
13.857267141342163,0.018171104,35.697900955161614,1.3568754844962392,2950000,16.593013286590576,32.86276343743718,6.1035155e-09,294,38.36169623847381,0.022970199584960938,4958.04882645607,16.870984315872192,2.478271007537842,0.25300073623657227,27.420030550484416,100
13.875902891159058,0.008913984,35.60738136678077,1.3742625723038577,2960000,16.607892990112305,32.916620469435244,-2.4414062e-08,295,39.331082072267606,0.02299976348876953,4974.94572019577,16.883893489837646,2.4841716289520264,0.25300073623657227,27.332017204705792,100
13.651703834533691,0.0028410805,35.56801059822352,1.3324928628614523,2970000,16.48598575592041,32.59631675620615,2.2125244e-08,296,39.50508953379211,0.01699972152709961,4991.7107038497925,16.7519850730896,2.586266279220581,0.24899959564208984,27.302310733055343,100
13.692039966583252,0.0031594085,35.577201936247654,1.3707731738036626,2980000,16.543986082077026,32.50516876291932,-1.8310548e-08,297,38.9802679399596,0.016999244689941406,5008.536689281464,16.812984466552734,2.5999228954315186,0.2519991397857666,27.310241375393378,100
13.756813049316406,0.0062528923,35.64813895116776,1.454800766820086,2990000,16.532028913497925,31.921214276630373,-1.9836426e-08,298,38.72565970353984,0.017955541610717773,5025.561674356461,17.011985540390015,2.510286331176758,0.46200108528137207,27.389857801370987,100
13.758333683013916,0.0007601639,35.73695238508506,1.5719014295278402,3000000,16.58901834487915,32.278916222242316,2.89917e-08,299,39.228881941408375,0.015966176986694336,5042.438658714294,16.864985466003418,2.5369155406951904,0.259000301361084,27.49400008564636,100
