train-AverageDiscountedReturn,train-EnvExecTime,Time-Sampling,n_timesteps,train-NumTrajs,LossAfter,Itr,train-MinReturn,ItrTime,LossBefore,Time-SampleProc,Time,train-PolicyExecTime,train-MaxReturn,train-AverageReturn,Time-Optimization,train-StdReturn
-25.843832563976097,2.5656490325927734,16.454933166503906,10000,100,0.04156166,0,-127.50031432641923,16.76996421813965,-5.340576e-09,0.023997783660888672,16.76996421813965,13.620927810668945,46.024259793576945,-39.61807711495393,0.2890017032623291,35.634904067808804
-26.453281737927092,2.403071165084839,16.3280291557312,20000,100,0.0061028427,1,-115.78527042209635,16.60099172592163,-1.6784668e-08,0.02699732780456543,33.38495588302612,13.663745641708374,35.8211696819482,-40.35634619902272,0.24500107765197754,31.473272775576667
-23.083264827097373,2.424060583114624,16.47399592399597,30000,100,-0.007977256,2,-172.01999303982612,16.75299334526062,-1.2207031e-08,0.029000043869018555,50.150949478149414,13.781496524810791,46.66287387477815,-34.83410591909879,0.24899816513061523,34.8854713575512
-25.62165432583632,2.6454362869262695,16.56816005706787,40000,100,-0.014108596,3,-177.4067000178164,16.844159603118896,6.1035155e-09,0.028032302856445312,67.03811001777649,13.66496992111206,39.12604107887917,-39.2777725254517,0.24696731567382812,36.78802257527979
-18.214617614812113,2.5713577270507812,16.46299433708191,50000,100,-0.012838235,4,-128.27612223378685,16.753994464874268,1.8310548e-08,0.02300119400024414,83.80510425567627,13.648798942565918,64.05151007104612,-28.616119752927325,0.26799893379211426,36.01732190129075
-19.172523993866943,2.6273977756500244,16.36699390411377,60000,100,-0.013752804,5,-147.95526066810265,16.64499306678772,1.039505e-08,0.028998613357543945,100.46309661865234,13.43531084060669,46.11445902511163,-30.316347283639754,0.2480006217956543,34.05886183662221
-18.983895158316777,2.5660088062286377,16.250024557113647,70000,100,-0.013400269,6,-108.45948434272776,16.519994735717773,-0.003206317,0.02396869659423828,116.99609136581421,13.405604600906372,63.869534188621536,-28.94279992409037,0.2440013885498047,30.991735448595936
-18.946573234575773,2.5830090045928955,16.505574941635132,80000,100,-0.014255113,7,-141.44752348221363,16.791574478149414,9.155274e-09,0.025000333786010742,133.801664352417,13.666570901870728,44.907157968603826,-30.106341191283928,0.2589998245239258,36.66142291097731
-17.23374368354321,2.5351877212524414,16.289026260375977,90000,100,-0.013662522,8,-107.14357324806878,16.553993701934814,-0.0032932067,0.02096724510192871,150.36865758895874,13.487250566482544,44.99926157515871,-26.45945965179562,0.24400019645690918,31.336471562837882
-17.564387687320195,2.5184473991394043,16.415029764175415,100000,100,-0.014272055,9,-138.01391197640305,16.687994956970215,1.0681152e-08,0.023963451385498047,167.06965160369873,13.63779067993164,80.38403499443349,-27.76467921507057,0.2480013370513916,31.75571462974225
-15.209811702526101,2.5627262592315674,16.49199414253235,110000,100,-0.014541403,10,-109.60930801066081,16.780994653701782,-1.373291e-08,0.020998239517211914,183.8636453151703,13.693410634994507,47.53785851294436,-24.854978617653845,0.2680022716522217,31.499817996789336
-17.462782325661607,2.5997626781463623,16.710388898849487,120000,100,-0.016024424,11,-118.01478028912864,16.99036192893982,6.1035155e-09,0.02303004264831543,200.86700558662415,13.853774785995483,30.30314687925289,-28.404179724896473,0.2539985179901123,32.75861237640643
-9.377754220076039,2.5735371112823486,16.41588568687439,130000,100,-0.015366623,12,-119.54555236860232,16.685884475708008,-0.0043352447,0.02199721336364746,217.56588888168335,13.576835632324219,107.79888096322624,-14.81411986073606,0.24700069427490234,37.06664062903196
-16.010960765695003,2.5406110286712646,16.320995807647705,140000,100,-0.016101627,13,-104.81998926417309,16.59299373626709,3.0517577e-09,0.029995203018188477,234.171884059906,13.53684139251709,31.629736704662847,-24.306490046615114,0.2420027256011963,30.984466332533877
-9.064780921332183,2.530200481414795,16.356150150299072,150000,100,-0.015217306,14,-91.06920374280175,16.626121044158936,-9.727478e-09,0.02097034454345703,250.81100273132324,13.581766128540039,56.231019831880154,-14.49962205346448,0.24699831008911133,29.41076193212242
-11.992864643115478,2.5483622550964355,16.517063856124878,160000,100,-0.014434265,15,-95.77018935758356,16.79006028175354,1.8310548e-08,0.02799701690673828,267.6140615940094,13.70442247390747,96.06479544191136,-20.015808451870406,0.24499940872192383,31.350105608879467
-11.240906758451477,2.5614638328552246,16.43101978302002,170000,100,-0.01603527,16,-99.90356367588275,16.70799422264099,9.155274e-09,0.024029016494750977,284.3350553512573,13.571046590805054,34.27249483677266,-18.8450923330215,0.25096845626831055,25.683410288140347
-10.091752239548878,2.522845506668091,16.56901741027832,180000,100,-0.015412232,17,-97.23231893433072,16.84299397468567,-1.525879e-08,0.028974294662475586,301.192049741745,13.76228141784668,45.64092890535545,-16.20405217778554,0.24300265312194824,28.81340676358322
-10.37157240030137,2.6345486640930176,16.491997003555298,190000,100,-0.015442358,18,-98.4690587669611,16.776995182037354,-3.0517577e-09,0.027996540069580078,317.98204350471497,13.614246129989624,60.93807695223885,-16.742472969689683,0.2550015449523926,24.26089045978623
-13.334399662647856,2.5412769317626953,16.544028282165527,200000,100,-0.015877087,19,-91.31776765574273,16.8239963054657,3.0517577e-09,0.02796483039855957,334.8200378417969,13.703141450881958,38.626680739204396,-21.5779872564399,0.2510039806365967,29.783122093576292
-13.443355469332793,2.5568315982818604,16.477994680404663,210000,100,-0.01457794,20,-98.44586901629158,16.74899411201477,-3.0517577e-09,0.021028995513916016,351.58202838897705,13.647460222244263,43.57988455641114,-20.52970610946643,0.24896717071533203,27.690110038105942
-10.803501420699586,2.5851664543151855,16.49818181991577,220000,100,-0.016311295,21,-88.65209590532614,16.765182495117188,1.2207031e-08,0.02300095558166504,368.3602125644684,13.666353940963745,88.36739163398991,-17.500239616431188,0.24399971961975098,24.111198256854536
-12.135379685519673,2.5510196685791016,16.43501901626587,230000,100,-0.016466359,22,-107.30819607256402,16.699992418289185,-2.2888185e-09,0.020029067993164062,385.0742039680481,13.645871639251709,44.14791444850019,-19.939708822504347,0.24396777153015137,27.53442367147047
-7.491784954465763,2.554744005203247,16.415026426315308,240000,100,-0.013546325,23,-115.12082938050273,16.690993070602417,-1.2016296e-08,0.024966955184936523,401.77819752693176,13.607095718383789,51.27750037991691,-13.242944701086428,0.24899911880493164,25.79820622166719
-10.005410118137062,2.6205806732177734,16.379992961883545,250000,100,-0.016094092,24,-104.30979339291429,16.649994373321533,1.2207031e-08,0.026999235153198242,418.44119095802307,13.503290176391602,52.47512655676174,-16.366926023303204,0.24100065231323242,29.278670959131865
-9.740325987969271,2.61336350440979,16.38502597808838,260000,100,-0.018029058,25,-105.9889811918259,16.664994955062866,-6.1035155e-09,0.02096700668334961,435.11918568611145,13.507318496704102,88.66728092720058,-15.914796039601915,0.2590019702911377,31.570439108353693
-11.535985133447946,2.605161666870117,16.323994398117065,270000,100,-0.015694696,26,-101.03849490381721,16.59399151802063,-6.1035155e-09,0.023000240325927734,451.72617745399475,13.452389478683472,54.450811767362445,-18.9499593540693,0.24699687957763672,26.473818175248514
-9.981583324185404,2.5363881587982178,16.501896381378174,280000,100,-0.016270392,27,-86.87785623243067,16.770896673202515,-0.002970215,0.022999286651611328,468.51007413864136,13.647923946380615,48.41264784224592,-16.08006354641595,0.2460010051727295,25.66042947928398
-12.583266566413158,2.5518572330474854,16.356022357940674,290000,100,-0.01584492,28,-83.89244870819003,16.625993728637695,-0.003666974,0.02897167205810547,485.149067401886,13.544448375701904,36.169969613835875,-21.22306737116264,0.24099969863891602,24.4985958058123
-9.158612050189156,2.6105268001556396,16.464433670043945,300000,100,-0.016232207,29,-83.21599225566905,16.739401817321777,2.4795532e-09,0.02196812629699707,501.9014689922333,13.60636281967163,87.30509384729714,-15.49792512254068,0.2519998550415039,27.400695754956104
-11.821328208413606,2.4902944564819336,16.303993701934814,310000,100,-0.016091082,30,-99.69503247786744,16.576992988586426,6.1035155e-09,0.025031328201293945,518.4914615154266,13.56039810180664,59.804052143826425,-19.759810423506803,0.24696850776672363,26.46889617477157
-9.782501285433872,2.547710418701172,16.361993551254272,320000,100,-0.015638331,31,-133.58236597972672,16.62899351119995,-2.2125244e-08,0.022998809814453125,535.1334547996521,13.573657989501953,60.71030940349896,-17.17686455392395,0.24400115013122559,27.165563220621983
-11.841188610925395,2.5545005798339844,16.54602026939392,330000,100,-0.014034912,32,-112.95246092757795,16.821993589401245,-4.577637e-09,0.029973983764648438,551.9684479236603,13.753829717636108,54.46894036598009,-18.88152421705995,0.24599933624267578,23.515822942416442
-6.9551335630982605,2.6039414405822754,16.65399408340454,340000,100,-0.014554776,33,-66.99638777696491,16.92699408531189,-1.2207031e-08,0.027029752731323242,568.9084424972534,13.789510488510132,61.75462870649616,-11.56074689280788,0.2459702491760254,23.759436130062337
-10.3468509398556,2.5319325923919678,16.38599467277527,350000,100,-0.01413718,34,-93.37768000578585,16.653993844985962,-9.155274e-09,0.02099776268005371,585.5764348506927,13.59463882446289,43.465191483255104,-17.3259515289283,0.24700140953063965,26.14762319396795
-12.03117338271571,2.537670850753784,16.399020195007324,360000,100,-0.01582583,35,-99.36372632431846,16.665993452072144,6.1035155e-09,0.023974895477294922,602.2554280757904,13.625831604003906,41.237675866866425,-19.091810013000856,0.24196767807006836,28.62347074935879
-11.129368623455083,2.6331887245178223,16.526997804641724,370000,100,-0.01821574,36,-105.97586230595769,16.797992944717407,-0.0039104493,0.029028892517089844,619.0664207935333,13.631171941757202,45.83290792692758,-18.526668200774864,0.240966796875,27.13735454167421
-8.944741739083181,2.6231579780578613,16.545995950698853,380000,100,-0.016358618,37,-79.41711947386287,16.81899642944336,-1.5258789e-09,0.023998737335205078,635.898416519165,13.676944971084595,66.48731331501044,-16.1523889070677,0.2480010986328125,24.460800604712755
-11.64534383138236,2.540329933166504,16.500993728637695,390000,100,-0.017352197,38,-87.15399095233319,16.771993398666382,-1.2207031e-08,0.030002355575561523,652.6844086647034,13.678058862686157,79.8134846050924,-19.589350859256232,0.2389979362487793,26.041818543050788
-8.49990862400926,2.678938865661621,16.449992179870605,400000,100,-0.017703166,39,-104.64817412229296,16.73299288749695,1.2207031e-08,0.0279996395111084,669.4304013252258,13.51123857498169,90.3604430097192,-14.325951622391027,0.2550010681152344,29.319826028074715
-8.157323362061318,2.571000337600708,16.686994075775146,410000,100,-0.016432032,40,-70.72198497778489,16.958993911743164,1.2207031e-08,0.02899932861328125,686.4043946266174,13.859426975250244,37.09393059109351,-14.465208101748457,0.24200010299682617,22.530681005374753
-7.781682420582529,2.550198793411255,16.313994646072388,420000,100,-0.017689249,41,-107.28849551181348,16.584993839263916,-0.002522824,0.027001142501831055,703.0023880004883,13.507179498672485,59.15566521772198,-12.760149766843272,0.24299860000610352,26.887752105348895
-8.534569895403543,2.575895071029663,16.564571142196655,430000,100,-0.01649977,42,-89.92158588826896,16.84157133102417,-6.866455e-09,0.021996498107910156,719.8569586277008,13.731314897537231,79.95083956156866,-15.40137501064379,0.2540011405944824,27.861838417567693
-7.476760035838619,2.601771593093872,16.388032913208008,440000,100,-0.0156190675,43,-102.73299088551407,16.66099238395691,-2.861023e-09,0.026958942413330078,736.5319499969482,13.528905391693115,82.14834296767665,-12.690305950103273,0.2460005283355713,28.805684464854792
-6.49478926956959,2.5586960315704346,16.567069053649902,450000,100,-0.016410774,44,-85.5130037549277,16.83906650543213,-9.155274e-09,0.029998302459716797,753.3840160369873,13.738673210144043,62.803668525859386,-11.82325362447021,0.24199914932250977,25.732068406930804
-5.269001460861256,2.5683887004852295,16.47499394416809,460000,100,-0.017601283,45,-84.15397117857594,16.73999333381653,-4.577637e-09,0.022000551223754883,770.1370098590851,13.6626718044281,45.90212829764608,-10.669110502007364,0.24299883842468262,22.791942424543805
-7.044021972788998,2.5460309982299805,16.614041566848755,470000,100,-0.017453393,46,-73.5314259104986,16.88299584388733,-0.0032053832,0.025952816009521484,787.0330047607422,13.807018518447876,56.442012757600324,-13.064735945157324,0.24300146102905273,22.374265491940047
-8.497592125936672,2.564192533493042,16.461161851882935,480000,100,-0.017026126,47,-100.19952439278661,16.737125635147095,-3.0517577e-09,0.025963544845581055,803.7841284275055,13.624825477600098,53.91290793891752,-14.581342848352172,0.2500002384185791,28.275567192266838
-7.038109137792766,2.532374620437622,16.433998823165894,490000,100,-0.016457995,48,-102.74479807253746,16.71599531173706,-9.155274e-09,0.028956174850463867,820.5141234397888,13.643421649932861,123.70531573552915,-11.801580566317908,0.2520012855529785,32.75178878930605
-6.38215627647969,2.6272671222686768,16.437026500701904,500000,100,-0.016744949,49,-120.29406438766884,16.703994750976562,1.5258789e-09,0.024964094161987305,837.2311182022095,13.512489557266235,107.48386918929891,-11.865090171234522,0.24000024795532227,29.616729880377306
-5.039603287912241,2.638803243637085,16.54997730255127,510000,100,-0.017081393,50,-61.428491462911964,16.81194758415222,1.525879e-08,0.020970821380615234,854.0570666790009,13.661147117614746,83.07871700388414,-9.19400703633341,0.24099946022033691,27.926886652721556
-4.592901461456493,2.6107311248779297,16.3549964427948,520000,100,-0.016593708,51,-67.40328080263389,16.624995946884155,-1.2207031e-08,0.0280001163482666,870.6960616111755,13.499324083328247,84.33508969964427,-7.700023334699901,0.24199938774108887,25.523769449046206
-3.4025245577866583,2.5550971031188965,16.228997945785522,530000,100,-0.01734842,52,-101.72010178245561,16.499995946884155,-1.8310548e-08,0.02897357940673828,887.2090563774109,13.432873487472534,103.77900228878585,-6.123185225453085,0.24100017547607422,34.549433944559944
-5.953904389159561,2.57726788520813,16.40299916267395,540000,100,-0.01679477,53,-76.86085668914063,16.68499517440796,-1.2207031e-08,0.026995182037353516,903.9070513248444,13.57568097114563,90.71689655418503,-10.506111675368768,0.2539997100830078,26.500885433841436
-3.733680996057939,2.524014711380005,16.427027940750122,550000,100,-0.015307562,54,-112.610604421417,16.694994688034058,9.155274e-09,0.019999265670776367,920.6150462627411,13.649241209030151,123.2175404897309,-7.147025075182724,0.24599814414978027,32.57476404434643
-4.050730666899444,2.6520566940307617,16.462976217269897,560000,100,-0.017929962,55,-64.20441238555495,16.73297667503357,1.8310548e-08,0.02700066566467285,937.3610217571259,13.537152290344238,98.86400374302036,-7.103810017422718,0.24199867248535156,27.636509963297375
-3.897150695350212,2.57285213470459,16.44347620010376,570000,100,-0.0161396,56,-83.13938432630391,16.71847653388977,-1.2207031e-08,0.022029638290405273,954.0924968719482,13.612944602966309,46.80648210264808,-7.586307020210012,0.2519700527191162,26.701276658723433
-7.918506135718234,2.622425079345703,16.72999668121338,580000,100,-0.01629805,57,-99.94060878210229,17.007994651794434,-3.0517577e-09,0.02700018882751465,971.1134903430939,13.872493982315063,51.80757686690484,-13.130371544041079,0.24999761581420898,27.39344564077291
-3.3349555303528167,2.6052515506744385,16.50560474395752,590000,100,-0.016666876,58,-100.58733284462521,16.774603605270386,-1.8310548e-08,0.021001338958740234,987.9010934829712,13.664633750915527,50.24777035030202,-6.643369857798048,0.24699735641479492,22.974620680342323
-6.006421570293807,2.5032236576080322,16.25199580192566,600000,100,-0.017120246,59,-71.34612595540057,16.514995098114014,-5.340576e-09,0.024999380111694336,1004.4300894737244,13.490389585494995,56.35968179759794,-10.493680839279168,0.23799991607666016,24.810297346647232
-4.566513174117746,2.5830135345458984,16.480997562408447,610000,100,-0.016812403,60,-74.98766474834201,16.74999761581421,6.1035155e-09,0.0280001163482666,1021.1940853595734,13.603708267211914,60.91507616019813,-7.6925059911538884,0.24000096321105957,24.556245508187427
-4.757271650118086,2.5233700275421143,16.420877695083618,620000,100,-0.0170011,61,-80.85731050699866,16.694846153259277,-1.2207031e-08,0.02797102928161621,1037.9029309749603,13.635253667831421,52.81291565058313,-9.123498238847807,0.24599742889404297,23.221671878260114
-6.237854515695145,2.53838849067688,16.477052450180054,630000,100,-0.015507937,62,-74.6764522548808,16.745048999786377,1.8310548e-08,0.025998353958129883,1054.6609797477722,13.689780235290527,72.74015345885982,-11.440475707403152,0.24199819564819336,24.967899080350698
-2.485231136614925,2.5918095111846924,16.50999665260315,640000,100,-0.020013925,63,-62.497661413617756,16.77599596977234,-2.2888185e-09,0.02199840545654297,1071.449976682663,13.670902729034424,56.233061445883386,-4.079258109005862,0.24299979209899902,24.332592020623434
-4.65210854375811,2.591397285461426,16.28699541091919,650000,100,-0.01655016,64,-68.35692089761677,16.558995485305786,6.1035155e-09,0.02899909019470215,1088.0229716300964,13.45849609375,46.752106918186165,-8.873300532539588,0.24300098419189453,23.942688599219906
-5.155097462723867,2.5565953254699707,16.490846157073975,660000,100,-0.017139832,65,-115.00492391896795,16.761844873428345,1.2207031e-08,0.022998571395874023,1104.7978150844574,13.679070711135864,123.662969433331,-8.804311016905544,0.2480001449584961,32.05314126939093
-4.914528462997117,2.6097378730773926,16.463995218276978,670000,100,-0.016852075,66,-105.8910019802979,16.728995084762573,6.1035155e-09,0.022001981735229492,1121.540810585022,13.608625650405884,60.24863401794695,-8.628212614776476,0.2429978847503662,27.629610492804638
-7.025242363219381,2.490248203277588,16.42999505996704,680000,100,-0.018746814,67,-92.40679978249028,16.69699454307556,-3.0517577e-09,0.021030902862548828,1138.2528054714203,13.675975799560547,45.12603035921153,-11.245068363900536,0.24596858024597168,23.392903426102627
-4.0990863451677795,2.5684256553649902,16.456996202468872,690000,100,-0.016312137,68,-85.49606263174812,16.746995449066162,-1.2207031e-08,0.030999183654785156,1155.012800693512,13.637986183166504,85.12568091551694,-6.411788308188327,0.2590000629425049,28.555543398360104
-1.5462929720489973,2.5606203079223633,16.305997371673584,700000,100,-0.01732301,69,-91.06748259875322,16.582995176315308,-0.0028439148,0.02599811553955078,1171.6087951660156,13.493447542190552,60.201782210751496,-4.119847979046492,0.2500011920928955,23.595794823272158
-3.3903452035263126,2.5045626163482666,16.300994396209717,710000,100,-0.018176546,70,-86.9833996212766,16.57199501991272,-1.8310548e-08,0.02100086212158203,1188.1937911510468,13.52775263786316,57.36283422877334,-6.817452378523479,0.2499997615814209,25.743039361736432
-0.6293502664345965,2.5666260719299316,16.563021659851074,720000,100,-0.016938357,71,-71.16195930717826,16.825995922088623,-1.8310548e-08,0.02297377586364746,1205.0327851772308,13.700743675231934,97.04358828201119,-1.190854313607059,0.238999605178833,24.741792589206216
-1.9948483883203272,2.5049996376037598,16.336028814315796,730000,100,-0.016865203,72,-54.94999971619418,16.60199546813965,3.0517577e-09,0.02096867561340332,1221.6487803459167,13.569319009780884,42.61144137289635,-3.5690066464981265,0.24499797821044922,18.641038579399854
-0.30040281076411196,2.4770097732543945,16.24702739715576,740000,100,-0.019115444,73,-61.953894200840566,16.51499581336975,4.577637e-09,0.02296900749206543,1238.1767754554749,13.524399280548096,78.33379007195876,-1.4193477740836515,0.24399852752685547,25.315362813778872
2.249615298731965,2.575493335723877,16.384028911590576,750000,100,-0.01679723,74,-91.83618871791477,16.65499520301819,-3.0517577e-09,0.020967483520507812,1254.8457703590393,13.567086935043335,72.19847371113178,2.7161992601872442,0.2499988079071045,25.39972343250062
-1.8014620560798542,2.5883166790008545,16.52002763748169,760000,100,-0.016584475,75,-111.52959009581242,16.793995141983032,-9.155274e-09,0.025999784469604492,1271.6527652740479,13.682868719100952,87.99885044661353,-3.4773341688238646,0.24696779251098633,26.276864741937377
-1.3476062535433777,2.4958267211914062,16.402027368545532,770000,100,-0.018020112,76,-100.68246895585547,16.670994997024536,1.1444092e-08,0.026967525482177734,1288.336760520935,13.639388084411621,63.43625203918076,-2.3211639422609105,0.24200010299682617,27.384868370843797
3.437115752272139,2.5099754333496094,16.397083520889282,780000,100,-0.018209875,77,-49.720427960455396,16.659050941467285,-3.0517577e-09,0.019969701766967773,1305.022812128067,13.616395711898804,59.325948304737025,3.663071238444912,0.2409982681274414,25.968942952407886
1.374560999121436,2.6154887676239014,16.481997966766357,790000,100,-0.017122304,78,-44.85282173164509,16.757996559143066,6.1035155e-09,0.021029949188232422,1321.7938084602356,13.61535120010376,76.50390718909284,1.91169596542973,0.25296807289123535,25.18202569134646
4.027786943431414,2.564783811569214,16.46400475502014,800000,100,-0.015583555,79,-53.47729797914164,16.73200273513794,7.629395e-09,0.026997089385986328,1338.5388090610504,13.64590311050415,99.25842926198881,6.189766410400812,0.24000096321105957,27.257254382912354
0.2501504201417874,2.4800257682800293,16.329997062683105,810000,100,-0.018565046,80,-83.32840414413378,16.600993394851685,7.629395e-09,0.029995441436767578,1355.1538019180298,13.61619520187378,113.39294842064415,-0.9814729027011735,0.2389976978302002,27.898589444395544
1.9194530044991336,2.4980969429016113,16.466997385025024,820000,100,-0.017788516,81,-83.60489161471018,16.74499487876892,-2.1362304e-08,0.023996591567993164,1371.9127969741821,13.692761659622192,105.66198102266205,2.272027847111843,0.2540009021759033,29.436193484645855
2.3867520354455976,2.5192654132843018,16.668159008026123,830000,100,-0.017296754,82,-73.9567088988299,16.943156480789185,-6.1035155e-09,0.02399897575378418,1388.8709526062012,13.842113256454468,88.14536256397021,2.4263986103440955,0.25099849700927734,30.594468328208045
4.893019604803024,2.5298843383789062,16.53299856185913,840000,100,-0.017146707,83,-59.744538338559806,16.81299591064453,-1.525879e-08,0.024996519088745117,1405.697948217392,13.752134084701538,101.58976726987657,7.946685262045137,0.25300025939941406,31.21404735908913
1.245750158037062,2.6169207096099854,16.444996118545532,850000,100,-0.018337494,84,-95.92662928389127,16.718995094299316,6.1035155e-09,0.0279996395111084,1422.4309434890747,13.588136672973633,153.16076488259935,1.377049849432621,0.24599933624267578,33.437103283800234
4.280364539574973,2.6159143447875977,16.424993991851807,860000,100,-0.019452713,85,-77.56832217076092,16.694995403289795,-1.2207031e-08,0.025999784469604492,1439.139937877655,13.557121753692627,108.06455132185651,5.2518321780927435,0.24300026893615723,30.77123383037735
3.5739004994505637,2.600858449935913,16.298994779586792,870000,100,-0.016298292,86,-72.01774741335505,16.561994791030884,-1.0681152e-08,0.02099895477294922,1455.7159326076508,13.436170816421509,106.99377643076528,4.863863893416703,0.24200105667114258,30.198129027153897
6.733446038812773,2.5852930545806885,16.351885318756104,880000,100,-0.018513914,87,-69.76455287916757,16.61885142326355,1.373291e-08,0.028967618942260742,1472.3477845191956,13.506600141525269,164.5301568079939,9.42248529447501,0.23799848556518555,34.84004583969468
-1.3811313571585615,2.5454893112182617,16.584542751312256,890000,100,-0.016979681,88,-94.0836043902176,16.85054111480713,3.0517577e-09,0.02503347396850586,1489.2113256454468,13.764965534210205,71.09096382371793,-3.0510392901249013,0.2409648895263672,27.992322094968053
5.193795071729788,2.547473192214966,16.428996086120605,900000,100,-0.02007933,89,-44.77964680890098,16.70399498939514,-1.5258789e-09,0.029001712799072266,1505.9303185939789,13.62759518623352,66.70973942727161,6.8656037502249765,0.24599719047546387,23.64725071637976
6.1176021492288815,2.546386957168579,16.451433420181274,910000,100,-0.017784283,90,-98.31883318091127,16.723411083221436,-3.6239625e-09,0.02197718620300293,1522.6667294502258,13.635727643966675,87.26249288746496,8.284019074689827,0.2500004768371582,34.60072472871539
8.107479930439013,2.5437800884246826,16.295026540756226,920000,100,-0.019816155,91,-50.937327198316055,16.56399440765381,-3.0517577e-09,0.021967172622680664,1539.2437236309052,13.493886470794678,127.24467862993086,11.57130665859809,0.2460005283355713,31.219221730083216
7.246886531923901,2.54770565032959,16.516029119491577,930000,100,-0.019890267,92,-82.5183153309281,16.785995483398438,7.629395e-09,0.028966188430786133,1556.0427191257477,13.715412855148315,91.55423990966565,9.741712851417816,0.24100017547607422,29.90436966438089
9.183461063222055,2.4767589569091797,16.153996229171753,940000,100,-0.017468188,93,-64.67791156756833,16.42199683189392,-6.1035155e-09,0.020998716354370117,1572.4777143001556,13.36274790763855,105.76396034988403,13.613099946013852,0.2460002899169922,30.953912302045158
6.115346697377623,2.577130079269409,16.35583996772766,950000,100,-0.018857535,94,-70.73335757182895,16.641838550567627,1.8310548e-08,0.030000925064086914,1589.1325528621674,13.546579599380493,149.19895791762633,7.802426396992046,0.2559976577758789,32.15067156245923
7.691162714288757,2.56038761138916,16.452840328216553,960000,100,-0.015307116,95,-63.05641983257385,16.72783923149109,0.0027381377,0.02299952507019043,1605.8733921051025,13.647313117980957,103.08188466418137,10.543188475894297,0.25099873542785645,31.1417137644491
7.32021754757505,2.589895248413086,16.486119270324707,970000,100,-0.017838685,96,-50.0735547492857,16.758115530014038,-0.00020422363,0.0299985408782959,1622.6445066928864,13.64991283416748,96.84294016712356,10.665345912001959,0.24199771881103516,32.4250570035467
8.688158760649431,2.458047389984131,16.39242649078369,980000,100,-0.018941889,97,-66.09924196374337,16.666388273239136,6.1035155e-09,0.021962642669677734,1639.323894739151,13.66771125793457,118.88555518509008,12.727425731745006,0.2519991397857666,33.24773354369266
9.128882234971849,2.4732086658477783,16.38902497291565,990000,100,-0.016980479,98,-78.23096428840024,16.671995162963867,6.1035155e-09,0.033967018127441406,1656.0088903903961,13.659720659255981,147.58259644889534,13.408493778836634,0.2480013370513916,45.87569783380959
14.045326193085195,2.4614672660827637,16.499040842056274,1000000,100,-0.017456178,99,-85.1974087394797,16.77499508857727,0.002588318,0.026955366134643555,1672.7978847026825,13.788693189620972,129.0772243667383,21.36662604317523,0.24899888038635254,38.72623327724588
11.975855381848518,2.541889190673828,16.537997007369995,1010000,100,-0.01903089,100,-97.02968471944115,16.807995319366455,-1.449585e-08,0.02799844741821289,1689.6188797950745,13.725375652313232,111.16089756008617,18.859351717644877,0.24100017547607422,35.92090196657422
11.75784247283331,2.378798484802246,16.394980669021606,1020000,100,-0.01935043,101,-89.47624952148573,16.658979892730713,6.1035155e-09,0.021030902862548828,1706.290858745575,13.752326965332031,112.67047945915974,16.380944568566328,0.24196743965148926,39.586188356093146
13.744989928945715,2.5170977115631104,16.386674880981445,1030000,100,-0.018912204,102,-49.66509414005899,16.654672622680664,1.2207031e-08,0.023998022079467773,1722.9585309028625,13.602649450302124,96.30526536959091,19.56397830122103,0.24300098419189453,30.027036635702444
11.728206817831863,2.471855401992798,16.31699514389038,1040000,100,-0.021517312,103,-64.89802795427667,16.587995052337646,1.525879e-08,0.027002334594726562,1739.5595257282257,13.555269956588745,130.90763423324222,18.223374360313557,0.242997407913208,33.05730864969995
12.230223226039497,2.5786139965057373,16.858997106552124,1050000,100,-0.020083355,104,-101.8987865867366,17.126994371414185,-0.0048648836,0.02799677848815918,1756.6995205879211,14.011198282241821,102.78405658766543,19.258844106018667,0.24000048637390137,34.560410304842364
15.610389405486753,2.608966827392578,16.708996534347534,1060000,100,-0.016977923,105,-59.53929187555642,16.984996557235718,6.1035155e-09,0.028031349182128906,1773.6975166797638,13.872008562088013,176.79440950412933,23.1146108771687,0.24596786499023438,37.62210306540668
11.955966290773988,2.4956562519073486,16.45069169998169,1070000,100,-0.017685566,106,-52.2356761759985,16.719685316085815,8.106232e-10,0.02799248695373535,1790.4312012195587,13.688419342041016,102.54048552620041,18.9985188258311,0.24100112915039062,30.628569881261768
10.696222260130268,2.6841936111450195,16.743995666503906,1080000,100,-0.019521154,107,-64.81751375673338,17.017993927001953,-3.0517577e-09,0.02599787712097168,1807.4631946086884,13.801257848739624,138.5510617856118,16.05213366365582,0.24699902534484863,36.14020970347173
11.128093257029509,2.5694124698638916,16.43203377723694,1090000,100,-0.018335529,108,-70.03422019313417,16.699995756149292,1.2207031e-08,0.021964311599731445,1824.1761887073517,13.588430881500244,140.19002396884952,17.43061184110535,0.24599766731262207,36.257387715313
12.62737662427186,2.5479860305786133,16.465999126434326,1100000,100,-0.018159622,109,-59.780563481224895,16.73399519920349,-2.670288e-09,0.0209963321685791,1840.92418384552,13.659854412078857,109.82856644112283,19.635386607986156,0.2460002899169922,35.75727629724634
13.745806402242783,2.47710919380188,16.477418899536133,1110000,100,-0.019342225,110,-85.97365713657861,16.74938941001892,1.449585e-08,0.029999732971191406,1857.6865720748901,13.741467714309692,129.67727740645952,22.143390785832025,0.24096965789794922,40.835246460322594
15.183114981365302,2.5485832691192627,16.594998121261597,1120000,100,-0.019445153,111,-50.597338550079044,16.86399745941162,-1.7166137e-09,0.02699875831604004,1874.563566684723,13.78380537033081,168.24939394982826,23.681606464508814,0.24200057983398438,37.70229845182027
15.878413160178761,2.570374011993408,16.49620747566223,1130000,100,-0.018318243,112,-80.29683904548685,16.75620746612549,-6.1035155e-09,0.020000934600830078,1891.333773136139,13.676600456237793,164.29841904048476,24.425810796075304,0.23999905586242676,39.592682168083876
15.622149812000842,2.5169482231140137,16.361996173858643,1140000,100,-0.017643033,113,-60.850997654515204,16.62699580192566,0.003853424,0.022002458572387695,1907.9737679958344,13.598292112350464,121.5913377655144,24.859708892000285,0.2429971694946289,38.8410131954568
18.383963567755394,2.6340889930725098,16.742996215820312,1150000,100,-0.01810798,114,-65.70531862123428,17.00699496269226,6.1035155e-09,0.023000001907348633,1924.993762254715,13.811645746231079,115.36958032472263,27.70063858452691,0.2409987449645996,36.549291645729525
17.49060157254641,2.623110055923462,16.151996612548828,1160000,100,-0.018662073,115,-86.80852416899775,16.42399549484253,1.2207031e-08,0.020998239517211914,1941.4307577610016,13.277846336364746,142.60133020301808,26.77241435120915,0.25100064277648926,41.14816929167756
17.96274643632345,2.6150286197662354,16.344031810760498,1170000,100,-0.018421514,116,-62.999384753210755,16.61199378967285,-6.1035155e-09,0.022962331771850586,1958.056752204895,13.48003077507019,156.52712842386362,28.78201297698423,0.24400019645690918,39.9908930979105
19.274984433348674,2.573551654815674,16.48899745941162,1180000,100,-0.01677403,117,-63.91948404249766,16.76399564743042,0.0016824219,0.026032209396362305,1974.8347477912903,13.659952402114868,131.26550756859382,29.39739091759731,0.24896597862243652,36.109622045257964
14.294291793783895,2.539423942565918,16.40102744102478,1190000,100,-0.01873515,118,-92.93111127208901,16.668994903564453,3.0517577e-09,0.024969100952148438,1991.5167424678802,13.602936029434204,116.06609883023098,21.613541865973296,0.24299836158752441,37.69282171963117
18.001631365052145,2.5388541221618652,16.446995496749878,1200000,100,-0.011470307,119,-62.03399850786051,16.70999526977539,-3.0517577e-09,0.020999431610107422,2008.2397372722626,13.62751317024231,151.7143350597839,28.75804549058705,0.24099993705749512,39.39815744384966
16.36302313544348,2.562777280807495,16.197996139526367,1210000,100,-0.019245716,120,-58.99952069403571,16.46799612045288,0.001543192,0.027001380920410156,2024.720733165741,13.385832071304321,125.56273220583573,24.794573621506043,0.24299860000610352,42.465082315051305
18.460663717068456,2.6071724891662598,16.621996879577637,1220000,100,-0.018630512,121,-69.78548898788613,16.887995719909668,1.8310548e-08,0.021997451782226562,2041.6227276325226,13.77572751045227,117.82413189648304,27.890611689657813,0.2440013885498047,47.44028129141565
18.406627956842755,2.5928797721862793,16.666032075881958,1230000,100,-0.02029502,122,-55.65919940213527,16.943995237350464,-3.0517577e-09,0.028963804244995117,2058.5797221660614,13.819258689880371,131.85294849239102,29.122561298665673,0.2479996681213379,37.520086941673995
19.951057100297675,2.6478681564331055,16.40299654006958,1240000,100,-0.019789,123,-69.36944377456923,16.66699528694153,1.6784668e-08,0.022029638290405273,2075.2617173194885,13.514889001846313,194.0634277718862,29.98221894532045,0.2409985065460205,46.77573572579254
19.47701991908306,2.634913206100464,16.358028173446655,1250000,100,-0.0154101215,124,-65.72476478688488,16.627995491027832,-0.0011200272,0.020967721939086914,2091.9037120342255,13.454769611358643,164.28333231779044,30.783982984402932,0.24899959564208984,38.95082488426414
15.895805577468547,2.5924317836761475,16.434021472930908,1260000,100,-0.020859625,125,-84.9797965378898,16.6989963054657,0.00089947204,0.02197718620300293,2108.6157081127167,13.531998634338379,135.88023603355407,23.8228482079082,0.2429976463317871,40.787639403405635
20.48492281197244,2.586242437362671,16.356996059417725,1270000,100,-0.019888192,126,-60.71113771520648,16.62099528312683,1.8310548e-08,0.02299952507019043,2125.250701904297,13.515923023223877,117.00589805000561,30.741483645735652,0.23999762535095215,37.81210234269219
22.490873311410496,2.554352045059204,16.464995622634888,1280000,100,-0.01831895,127,-40.87415779309651,16.733994007110596,7.629395e-09,0.028998374938964844,2141.9976971149445,13.66301155090332,175.08504689242505,34.04109721451587,0.24000000953674316,42.279725532401564
22.814977762876797,2.5020527839660645,16.381995677947998,1290000,100,-0.018332893,128,-86.89501371192827,16.65099549293518,-0.0010869263,0.026027441024780273,2158.6616926193237,13.638610124588013,154.91680015557878,36.145129192338985,0.24297237396240234,47.08833941642305
16.46943299735204,2.569493532180786,16.651995182037354,1300000,100,-0.021669257,129,-71.55356867069979,16.934993982315063,-9.155274e-09,0.024999380111694336,2175.60968708992,13.828946590423584,146.15552330060066,24.64347274861807,0.2579994201660156,43.46942607990553
20.164813849927853,2.563511610031128,16.485994577407837,1310000,100,-0.019931521,130,-62.87941620093094,16.76499342918396,0.00072793424,0.021031856536865234,2192.3886823654175,13.690153121948242,136.6412866983702,30.64190560621881,0.2579669952392578,46.45837775080337
25.27574410548622,2.4842753410339355,16.427998304367065,1320000,100,-0.018580817,131,-44.20325219130627,16.69299554824829,3.0517577e-09,0.020996570587158203,2209.0946774482727,13.667555332183838,177.81096445248468,39.63530135165584,0.24400067329406738,43.28356608536212
19.200092335708298,2.488872528076172,16.483254194259644,1330000,100,-0.02140323,132,-68.0243098572459,16.76422142982483,-0.0028379578,0.021968364715576172,2225.8728992938995,13.737346172332764,192.5505661907482,29.87503932426945,0.2589988708496094,45.91844832767195
16.95726313941335,2.608436107635498,16.31101942062378,1340000,100,-0.019963767,133,-60.26392451986795,16.585996627807617,1.2207031e-08,0.021975040435791016,2242.471895456314,13.462587118148804,140.7142767178602,25.710985449986797,0.2520005702972412,40.06384879455491
20.174812617461214,2.552253246307373,16.416025400161743,1350000,100,-0.019547163,134,-33.72694466172572,16.68999433517456,-6.1035155e-09,0.02299785614013672,2259.1748898029327,13.600261449813843,144.92772041776996,31.354027997017965,0.2499997615814209,37.55380314881001
23.345427383684633,2.481388807296753,16.529030799865723,1360000,100,-0.018028326,135,-104.02194449316787,16.81199550628662,-3.0517577e-09,0.02096414566040039,2275.999883890152,13.787573337554932,168.85821581775153,36.67977329303251,0.26200056076049805,46.13159924325609
20.84072519294597,2.5837440490722656,16.510998487472534,1370000,100,-0.018707467,136,-86.11293462770502,16.794995307922363,-6.1035155e-09,0.02299976348876953,2292.807879447937,13.630254030227661,168.05233583213635,31.456674667673028,0.26099705696105957,47.2077495980127
28.04777937115802,2.4351089000701904,16.37968873977661,1380000,100,-0.015381949,137,-72.899126439869,16.67568612098694,1.6784668e-08,0.02299642562866211,2309.4965641498566,13.68477487564087,173.70754611795408,44.19479437335163,0.27100086212158203,45.38140727369183
18.929327012655794,2.553772449493408,16.372033834457397,1390000,100,-0.01514212,138,-156.45465704353012,16.659993171691895,-1.9073486e-08,0.02396082878112793,2326.1705589294434,13.569752931594849,209.44782352081359,29.67586273273113,0.26399850845336914,50.381389340962016
24.382104762174855,2.4489212036132812,16.284995079040527,1400000,100,-0.016231982,139,-38.55829445855041,16.57299566268921,9.155274e-09,0.02100205421447754,2342.7575545310974,13.57105565071106,211.49850632570863,38.23994460683272,0.2669985294342041,43.304369763425306
24.669574392533228,2.544541358947754,16.55599808692932,1410000,100,-0.018604852,140,-59.75953120304396,16.850996017456055,6.1035155e-09,0.027029037475585938,2359.6215505599976,13.757827043533325,159.40276766899152,37.533803762955536,0.26796889305114746,42.922101694393476
23.03581369960066,2.510080099105835,16.642200231552124,1420000,100,-0.018003583,141,-72.07672013111012,16.934171676635742,1.525879e-08,0.027967453002929688,2376.56872010231,13.894078254699707,205.81026777394237,35.40720414497569,0.26199889183044434,42.879465611363905
25.10170179199282,2.437201738357544,16.548149585723877,1430000,100,-0.020450808,142,-50.26521415657772,16.84014868736267,2.4414062e-08,0.028997421264648438,2393.4218690395355,13.853049516677856,165.99445356032257,40.56505878463261,0.2630016803741455,43.66424730079925
21.756631351839992,2.6061339378356934,16.33100914955139,1440000,100,-0.018948896,143,-70.55546583225964,16.612993240356445,-3.0517577e-09,0.021986722946166992,2410.0488634109497,13.472708702087402,149.70555474987884,33.248389265521524,0.25899744033813477,44.10576405934632
22.510896983940484,2.5068013668060303,16.493997812271118,1450000,100,-0.017474908,144,-48.38823152934821,16.771995782852173,-1.5258789e-09,0.024997472763061523,2426.834858417511,13.708337783813477,147.79918169613356,34.69321270710453,0.25300049781799316,41.12315556473727
24.64141001488456,2.5149905681610107,16.34199857711792,1460000,100,-0.016653858,145,-56.71016187605489,16.63299584388733,1.5258789e-09,0.029028892517089844,2443.4808542728424,13.578524351119995,161.1820127350042,38.885273635657406,0.2609679698944092,43.59128951750881
26.102182273443624,2.520875930786133,16.136998414993286,1470000,100,-0.017960059,146,-58.78116887803535,16.416996002197266,1.2207031e-08,0.0209963321685791,2459.910849094391,13.37433671951294,175.85978687809302,41.74145182893027,0.2590012550354004,45.95432306597674
23.29042896329207,2.560467481613159,16.34802484512329,1480000,100,-0.016754687,147,-73.7158299481094,16.63399386405945,-1.4305114e-08,0.02097034454345703,2476.55784368515,13.497594118118286,180.09217471102733,37.87937806141222,0.26399850845336914,42.44984952557671
27.36279293062041,2.6064488887786865,16.7339985370636,1490000,100,-0.015638448,148,-88.13522517634925,17.03099489212036,0.0026108338,0.0279998779296875,2493.6018381118774,13.867428302764893,175.13799037812532,43.72101564735178,0.2689964771270752,48.73094089675029
30.449232518875984,2.552272319793701,16.44402003288269,1500000,100,-0.016103568,149,-88.21678277737055,16.724992990493774,3.0517577e-09,0.021973609924316406,2510.339833021164,13.642766237258911,179.13562576149084,49.0236989320185,0.2589993476867676,48.8147309372361
25.03400343158723,2.5614829063415527,16.477996587753296,1510000,100,-0.0137158325,150,-74.28764134236609,16.768994569778442,-1.2207031e-08,0.023031234741210938,2527.121827840805,13.671377658843994,189.26068383394752,39.85871561989641,0.26796674728393555,49.63614753846629
27.286459027527815,2.5881528854370117,16.559993743896484,1520000,100,-0.017740674,151,-61.991627983531956,16.85799551010132,9.155274e-09,0.02900099754333496,2543.9928245544434,13.69259762763977,177.19509149256064,43.13208115944806,0.269000768661499,46.193425795997925
29.282352508763733,2.610785961151123,16.320030450820923,1530000,100,-0.01992141,152,-80.98002100438964,16.607994079589844,-1.2207031e-08,0.028965234756469727,2560.61381816864,13.453131914138794,167.06946844447586,49.0870084679867,0.25899839401245117,50.82981564454741
26.941364529310636,2.5906829833984375,16.65202307701111,1540000,100,-0.01888434,153,-45.94562066632063,16.94299554824829,-7.6293943e-10,0.02097463607788086,2577.570813894272,13.821911573410034,156.0460930198453,41.17477815193397,0.2669987678527832,44.55815292603549
28.891637994913737,2.4703617095947266,16.267024993896484,1550000,100,-0.019473573,154,-49.312120603442565,16.554993867874146,3.4332275e-09,0.020968914031982422,2594.139808654785,13.555957317352295,148.73302254467336,47.04518849971896,0.26599907875061035,44.30317435985568
31.74928640021207,2.5597729682922363,16.47666072845459,1560000,100,-0.019774977,155,-62.93428622178949,16.76064395904541,-6.1035155e-09,0.020999431610107422,2610.9134521484375,13.654600858688354,213.06233991591455,51.15942578258019,0.26199865341186523,50.13087146655332
29.800399180920262,2.6341664791107178,16.63401985168457,1570000,100,-0.01697085,156,-53.01794936701759,16.924993753433228,-1.2207031e-08,0.025977373123168945,2627.8514471054077,13.760547637939453,177.31048942473092,47.580383411762696,0.2649965286254883,51.947976796244
32.82178489352049,2.572909355163574,16.55714201927185,1580000,100,-0.018743109,157,-48.972001176063024,16.84314227104187,-2.4414062e-08,0.028997421264648438,2644.7075889110565,13.739599704742432,183.11561702564663,52.35703401889042,0.25600099563598633,45.36151087088197
27.18387440928081,2.514740467071533,16.515026807785034,1590000,100,-0.019391207,158,-107.9396302435903,16.79899501800537,-6.1035155e-09,0.02396988868713379,2661.5205838680267,13.702266454696655,176.69617965581247,44.64707190845223,0.25899815559387207,49.27238099859923
33.598588644472265,2.5023787021636963,16.482203722000122,1600000,100,-0.016506726,159,-70.97749496696697,16.787200689315796,1.5068053e-08,0.04700016975402832,2678.3207840919495,13.726111650466919,186.70819584796956,53.38021756480548,0.25499677658081055,53.05072609287329
24.747046340271233,2.4619646072387695,16.290445566177368,1610000,100,-0.020396886,160,-118.94979626552222,16.58641266822815,-3.0517577e-09,0.028967857360839844,2694.9201974868774,13.558969974517822,187.96259469380507,39.545199854961005,0.26599907875061035,51.67177230874625
26.662336017032498,2.571540355682373,16.250998497009277,1620000,100,-0.021955993,161,-73.81983002665913,16.531994581222534,1.0681152e-08,0.0209958553314209,2711.465192079544,13.442194938659668,142.3693918189581,45.821826619155274,0.259000301361084,48.98613383616279
32.52356355134905,2.5649399757385254,16.35199761390686,1630000,100,-0.019837046,162,-80.03100866295561,16.636993885040283,-2.1362304e-08,0.028995752334594727,2728.1161873340607,13.51575231552124,181.73464572628743,53.08669735386618,0.2550008296966553,52.03677379118799
31.083652434571103,2.596625804901123,16.542887687683105,1640000,100,-0.019476792,163,-49.21296113589012,16.834885120391846,1.1825562e-08,0.025996685028076172,2744.9640731811523,13.695209264755249,170.3033609451789,50.85055796936925,0.2650008201599121,52.04120934855161
31.07549022916969,2.4645042419433594,16.25902509689331,1650000,100,-0.01921969,164,-94.42061111944169,16.545995473861694,3.0517577e-09,0.02500152587890625,2761.523067712784,13.54719090461731,207.0233437738775,50.81531789237006,0.26196885108947754,49.48155909034323
27.85817075795455,2.4873690605163574,16.340998649597168,1660000,100,-0.018243697,165,-84.66905271097097,16.635995864868164,6.4849854e-09,0.025998353958129883,2778.172063589096,13.59257459640503,140.5652864416291,46.80216002926175,0.2689988613128662,47.193821484367334
33.385706157725124,2.441295623779297,16.24399757385254,1670000,100,-0.016091779,166,-82.76103871026432,16.523993968963623,0.0024804443,0.02200031280517578,2794.709057331085,13.534094333648682,199.9833378225589,55.374467318152035,0.255997896194458,54.299168234861064
33.557181681010405,2.515322685241699,16.408175706863403,1680000,100,-0.015862012,167,-39.27921271724359,16.690141201019287,2.4414062e-08,0.023964405059814453,2811.413198709488,13.667097330093384,194.12002428803333,55.419307514223476,0.25800108909606934,53.149823041467535
27.55826070788619,2.5350468158721924,16.47602915763855,1690000,100,-0.018198457,168,-63.164211934088506,16.7619948387146,-4.577637e-09,0.025966882705688477,2828.189193248749,13.694499731063843,168.22654068835564,45.84123552655656,0.2589993476867676,48.27174947048292
29.163053544650975,2.561394214630127,16.36002516746521,1700000,100,-0.017369544,169,-113.72657440914939,16.661993980407715,-6.1035155e-09,0.02700066566467285,2844.864189147949,13.488537549972534,181.6155448267871,47.42171001050561,0.2739980220794678,56.62237235743308
32.10778273782366,2.5669753551483154,16.268999099731445,1710000,100,-0.019113217,170,-54.089290809267276,16.548996210098267,0.00027919922,0.024997949600219727,2861.4261841773987,13.439882755279541,184.32729504804175,49.60391739090459,0.25499916076660156,49.09592034267763
29.603634144174865,2.5696654319763184,16.509886264801025,1720000,100,-0.019166522,171,-76.20311442849852,16.7988543510437,7.629395e-09,0.02996826171875,2878.2390396595,13.675593852996826,155.19555509012866,48.18553684472171,0.2589998245239258,49.25006005001949
35.42102690510635,2.5379722118377686,16.472994327545166,1730000,100,-0.020630596,172,-66.23851821468486,16.749995231628418,-0.0020654113,0.02103137969970703,2895.002035140991,13.69530177116394,176.48154054261647,57.2061862193066,0.2539982795715332,48.13376367515876
37.95137237434358,2.56969952583313,16.6469988822937,1740000,100,-0.017892493,173,-57.18089224054305,16.924995183944702,-9.918213e-09,0.021999835968017578,2911.9400296211243,13.82173204421997,175.97096778931802,64.36416929689769,0.2559964656829834,47.99527150696787
37.862716120792335,2.526435136795044,16.466260194778442,1750000,100,-0.01908645,174,-108.84014291275356,16.756258249282837,-6.1035155e-09,0.0299990177154541,2928.709288597107,13.691059350967407,180.33248486031275,60.84273834966802,0.2589998245239258,52.521936247692224
38.45831250496702,2.6084227561950684,16.594996452331543,1760000,100,-0.020449294,175,-42.04777323833372,16.888994693756104,3.0517577e-09,0.02895379066467285,2945.6112835407257,13.740530729293823,176.44939790499484,61.42977395986071,0.26200032234191895,48.7711796568506
37.395228041252295,2.5216360092163086,16.362998247146606,1770000,100,-0.019194944,176,-68.48062982094429,16.73099446296692,2.4414062e-08,0.021959304809570312,2962.3552787303925,13.561035633087158,175.24028756005504,60.54200854598915,0.3449993133544922,53.281775844137016
31.753087541537237,2.588374137878418,16.439026832580566,1780000,100,-0.022181543,177,-49.90564716247476,16.719994068145752,-1.8310548e-08,0.020966768264770508,2979.0882737636566,13.59630012512207,212.4721307656298,50.809464903241775,0.2590005397796631,46.08619472697353
31.4429388560683,2.499077796936035,16.275997400283813,1790000,100,-0.018502915,178,-63.005575589683204,16.555994749069214,2.4414062e-08,0.02099919319152832,2995.6572682857513,13.54258942604065,160.4109423398077,49.85829492587624,0.25899815559387207,50.523671055709094
34.796029327615436,2.576359748840332,16.464582920074463,1800000,100,-0.016548049,179,-70.94005689224512,16.76958203315735,4.577637e-09,0.030031681060791016,3012.4398510456085,13.650134563446045,162.04405196555714,56.94605539807808,0.2729673385620117,49.939029234575436
33.25784013096929,2.501133441925049,16.66599750518799,1810000,100,-0.016079003,180,-58.53934155251346,16.954994916915894,-6.1035155e-09,0.026996612548828125,3029.413845062256,13.84573483467102,173.682584950378,54.955778360594216,0.25999879837036133,52.09917746582618
32.387531230310486,2.4860377311706543,16.4149968624115,1820000,100,-0.017000107,181,-80.11216141094616,16.692994594573975,6.6757204e-09,0.021028995513916016,3046.120840072632,13.661921501159668,148.9510750610548,52.80348757672681,0.25696873664855957,46.95149253115745
32.59137032552135,2.5657691955566406,16.394013166427612,1830000,100,-0.013570652,182,-75.35307916794335,16.680996417999268,-3.051758e-08,0.020982980728149414,3062.814836502075,13.583987474441528,152.73312712621464,53.93421357879232,0.2649996280670166,45.10760117680061
32.62781019109227,2.5695807933807373,16.33492088317871,1840000,100,-0.017584577,183,-92.15655584869063,16.722920179367065,3.051758e-08,0.019997835159301758,3079.556755542755,13.501646757125854,165.84657000169653,52.58632512261946,0.3659994602203369,50.09441976241502
35.12729865606226,2.583268880844116,16.804034948349,1850000,100,-0.018016744,184,-123.14653283631468,17.089995622634888,9.155274e-09,0.023968935012817383,3096.6597509384155,13.957898378372192,194.23543499984498,57.23614670767078,0.2609996795654297,53.3867146378274
36.93046269375445,2.5258216857910156,16.563998460769653,1860000,100,-0.014571137,185,-63.82088883151734,16.84499478340149,6.1035155e-09,0.021966934204101562,3113.5187451839447,13.78389024734497,155.02223540651687,60.92098857988181,0.2569999694824219,45.24665869281078
39.524069410641765,2.62337589263916,16.619027137756348,1870000,100,-0.018997626,186,-64.11152450767167,16.90199565887451,-1.0681152e-08,0.023970842361450195,3130.4337401390076,13.745338678359985,169.7871955212623,63.84213946741748,0.25899767875671387,54.39980173719176
39.49252592999904,2.5395350456237793,16.17399501800537,1880000,100,-0.019448293,187,-65.13907020555222,16.456994771957397,1.6784668e-08,0.02499985694885254,3146.9047350883484,13.387355327606201,178.0696590773059,64.62913588471905,0.2569997310638428,43.209755914682965
34.740576480280446,2.5979907512664795,16.657996654510498,1890000,100,-0.017858222,188,-60.11782937908153,16.937995195388794,3.0517577e-09,0.020999670028686523,3163.8557302951813,13.80387544631958,193.8894304758276,57.35341140363639,0.2589988708496094,48.01534793724582
35.8817429100622,2.52606201171875,16.453019618988037,1900000,100,-0.020467501,189,-43.59586877207465,16.741995096206665,3.0517577e-09,0.028977155685424805,3180.610724925995,13.676833868026733,158.79044079103036,59.32453524497156,0.2599983215332031,47.605821630104586
37.52637520690086,2.57197642326355,16.525994539260864,1910000,100,-0.017151223,190,-37.73604284616364,16.822994232177734,9.155274e-09,0.028998851776123047,3197.4467203617096,13.70176100730896,167.84899803444347,63.136520476149556,0.266998291015625,45.58094155581005
35.82834309427578,2.523587465286255,16.457026958465576,1920000,100,-0.018918207,191,-59.04681845402217,16.74699568748474,-6.1035155e-09,0.026951313018798828,3214.20671582222,13.63038420677185,206.04779723545502,59.96551550919968,0.2610001564025879,50.14480059340288
39.947012798034514,2.5485079288482666,16.588994026184082,1930000,100,-0.019747864,192,-48.42340624515128,16.87599277496338,9.155274e-09,0.028998851776123047,3231.10671043396,13.799551486968994,174.15764825173375,65.22462451807027,0.25799989700317383,47.778694534703114
39.421002528135446,2.5349533557891846,16.70999526977539,1940000,100,-0.019341381,193,-51.05249717180724,16.992995977401733,-3.0517577e-09,0.020965576171875,3248.1127049922943,13.916019916534424,161.66529609465798,62.33605019956053,0.2590000629425049,54.1301503995137
34.829754769654684,2.633706569671631,16.515031576156616,1950000,100,-0.019921869,194,-64.8905002870639,16.796994924545288,0.0043963743,0.026963472366333008,3264.9226999282837,13.617971897125244,148.61932971875635,54.80243058831454,0.25499987602233887,49.012231458831614
36.709955068638116,2.6378262042999268,16.812026500701904,1960000,100,-0.01865437,195,-89.75129895316914,17.085994720458984,-1.2207031e-08,0.021968841552734375,3282.022694826126,13.92175579071045,183.34445870447306,61.970313253856496,0.2519993782043457,49.68849432177758
36.587740236051125,2.5942845344543457,16.68399477005005,1970000,100,-0.021052381,196,-61.93546882337902,16.974995374679565,-6.1035155e-09,0.0279996395111084,3299.0106897354126,13.834770679473877,231.97513679144083,59.04795687935383,0.2610008716583252,46.65889668326119
33.26656158009134,2.551947593688965,16.454029083251953,1980000,100,-0.019479172,197,-38.67001026653126,16.74299454689026,5.340576e-09,0.027953386306762695,3315.7666840553284,13.653403282165527,154.73589239742913,54.57278357148485,0.2589986324310303,45.39011317299633
40.691470584265225,2.5821311473846436,16.7810275554657,1990000,100,-0.017617075,198,-83.6348542835905,17.08099389076233,3.6621095e-08,0.02996659278869629,3332.8606793880463,13.935155868530273,161.73727843934637,67.5776922121464,0.2690005302429199,50.16050499626343
39.6838972282982,2.6157538890838623,16.81102681159973,2000000,100,-0.016226636,199,-69.30431835057891,17.112995147705078,-6.1035155e-09,0.025968313217163086,3349.9866745471954,13.94851803779602,181.29595729368452,63.59986273769596,0.27500009536743164,50.59052267634276
42.55446494815569,2.5526115894317627,16.419997692108154,2010000,100,-0.018427305,200,-73.08644674565159,16.70899534225464,-1.6784668e-08,0.026997089385986328,3366.708669424057,13.62410044670105,201.7711670536932,71.16039469930571,0.2610006332397461,51.884244091088696
37.57077068548031,2.5277280807495117,16.662997484207153,2020000,100,-0.017472519,201,-52.49415178394379,16.973995685577393,1.525879e-08,0.0299985408782959,3383.6966650485992,13.812288999557495,184.3006870910983,60.40791272741398,0.28099966049194336,49.43080150106459
40.041515756399356,2.523374319076538,16.759032249450684,2030000,100,-0.019240359,202,-72.15121560524473,17.039995193481445,6.1035155e-09,0.020965099334716797,3400.7526593208313,13.990285634994507,179.32068778888234,65.88871239151355,0.25899815559387207,55.219804204649634
39.95618917381615,2.5410637855529785,16.643027544021606,2040000,100,-0.017356409,203,-80.42603274860969,16.93099594116211,-0.0014355591,0.02896857261657715,3417.696655035019,13.829491376876831,179.5952309117178,65.11053340970436,0.25799989700317383,52.343635983321136
38.18268834850952,2.621683120727539,16.713027000427246,2050000,100,-0.017726228,204,-70.01137763499983,17.089993953704834,-1.8310548e-08,0.028967618942260742,3434.799648284912,13.83723783493042,188.88396136682493,63.02445836442789,0.34799933433532715,49.09537489802943
46.56509739778224,2.587493658065796,16.905994653701782,2060000,100,-0.021138491,205,-82.3461016963604,17.1949942111969,0.007564618,0.026000022888183594,3452.0096435546875,14.061313152313232,209.35175341692096,77.73180538613548,0.2629995346069336,57.94316501854284
43.447449654731514,2.5895941257476807,16.648995876312256,2070000,100,-0.01901589,206,-43.75888375401495,16.935996770858765,-3.3569336e-08,0.027998685836791992,3468.9586403369904,13.811394929885864,171.30862271238226,71.35078893103595,0.2570021152496338,51.52850277826784
42.307694003645146,2.6022210121154785,16.838996171951294,2080000,100,-0.018154385,207,-38.928498435912715,17.147995233535767,-1.6784668e-08,0.05099987983703613,3486.119633436203,13.994726657867432,164.12696769618532,68.90796099013555,0.25699901580810547,53.75495002671151
40.336309543330934,2.6097075939178467,16.77699613571167,2090000,100,-0.01797731,208,-73.38282394574094,17.059995651245117,-6.1035155e-09,0.028000593185424805,3503.192629098892,13.93282413482666,171.39713160317095,64.59210743793409,0.2539987564086914,51.2827592504525
40.106387470127196,2.5715224742889404,17.426028728485107,2100000,100,-0.01802161,209,-64.96584565655036,17.70199489593506,-4.577637e-09,0.021965980529785156,3520.908622980118,14.59178900718689,187.3808920745826,65.90035498507335,0.254000186920166,52.42445369293668
41.437125011821344,2.570348024368286,16.569996118545532,2110000,100,-0.01790624,210,-59.50216591915724,16.857995748519897,-1.0681152e-08,0.028968334197998047,3537.779618740082,13.73245096206665,210.95990637555593,67.09572626866918,0.25800061225891113,59.41214896182912
40.07478004485331,2.5346033573150635,16.642026662826538,2120000,100,-0.019805063,211,-64.99598998840447,16.937995433807373,-3.6621095e-08,0.0299680233001709,3554.731613636017,13.838959455490112,179.63194930855877,64.82955153706367,0.26600074768066406,55.014458567601
42.82318147716797,2.560811996459961,16.50899600982666,2130000,100,-0.018889027,212,-52.905230196663084,16.79199528694153,1.2207031e-08,0.024997949600219727,3571.5446078777313,13.62731647491455,186.77620728241868,69.91301441556851,0.2570011615753174,54.70660154784905
41.30367722274767,2.597228765487671,16.513028383255005,2140000,100,-0.01530005,213,-59.69387906333194,16.789994955062866,-1.6784668e-08,0.021966934204101562,3588.3476026058197,13.669022798538208,162.77044123981713,66.99289976257501,0.25499963760375977,54.154009118792885
45.37244598243497,2.535259485244751,16.465038061141968,2150000,100,-0.0208136,214,-58.23372662661288,16.75299572944641,-4.577637e-09,0.020956039428710938,3605.113598585129,13.673783540725708,183.50441635792308,72.99473768424907,0.2670016288757324,57.10308504066013
43.31197344424494,2.544248104095459,16.627995014190674,2160000,100,-0.022232944,215,-98.1283927798666,16.914994716644287,7.6293943e-10,0.029999971389770508,3622.0415925979614,13.82749056816101,187.90015576753976,71.49123056798405,0.2569997310638428,58.50356590841798
41.54185624637964,2.5368950366973877,16.469996452331543,2170000,100,-0.019220525,216,-47.876256102593985,16.760996103286743,-2.4414062e-08,0.025999069213867188,3638.815587759018,13.677123785018921,184.60218009810282,67.43430195564041,0.26399970054626465,53.09954055496045
37.85542550097355,2.5789759159088135,16.488025188446045,2180000,100,-0.019409465,217,-62.817749605966746,16.775994062423706,1.525879e-08,0.027971982955932617,3655.60458278656,13.648210763931274,183.3688565373862,61.53488999184921,0.25899648666381836,52.808303339812966
43.95565525144195,2.5594773292541504,16.546996593475342,2190000,100,-0.0170598,218,-62.17715135347707,16.849995136260986,0.0016549042,0.023998498916625977,3672.467577457428,13.727101802825928,209.26900296035632,70.87910345597692,0.27900004386901855,53.67661722346001
44.28164251901393,2.6186015605926514,16.483996391296387,2200000,100,-0.019674534,219,-118.53026948605583,16.78099489212036,-6.1035155e-09,0.02699875831604004,3689.261572599411,13.633479356765747,170.47713519807718,73.52012153391847,0.26999974250793457,56.37323448308638
48.659627115784616,2.60571026802063,16.4949951171875,2210000,100,-0.02141934,220,-38.74468085870439,16.78599500656128,-3.9100647e-09,0.03300070762634277,3706.062567472458,13.645015001296997,187.2227467616668,79.41520603549607,0.2579991817474365,49.0614772397311
46.33488684726297,2.6404335498809814,16.694995880126953,2220000,100,-0.018940846,221,-90.2366545088775,17.0019953250885,-6.1035155e-09,0.030001401901245117,3723.077562570572,13.797766208648682,207.9378687527767,75.06258429379385,0.2759978771209717,56.460644544545694
50.35337924372893,2.577063798904419,16.540995836257935,2230000,100,-0.019449664,222,-68.32200954572112,16.823994636535645,-6.1035155e-09,0.028000354766845703,3739.9155576229095,13.698083639144897,188.4478204909869,83.60220724362094,0.2539989948272705,54.95204266705693
45.531799277699385,2.5712366104125977,16.443026542663574,2240000,100,-0.01867872,223,-56.25875914180276,16.727994918823242,0.0024202804,0.02596735954284668,3756.6565523147583,13.582339525222778,211.31526496317565,72.90636940138353,0.2590010166168213,54.721041703123014
48.22330798890162,2.521667957305908,16.51599359512329,2250000,100,-0.020517904,224,-64.08550381708707,16.804993629455566,-1.2207031e-08,0.028964519500732422,3773.4745478630066,13.721281290054321,179.50210459318677,77.28871734868414,0.2590010166168213,55.82677394501287
44.407112284734886,2.5671334266662598,16.645004749298096,2260000,100,-0.020098003,225,-42.13686347983616,16.92199468612671,3.0517577e-09,0.0199892520904541,3790.4105422496796,13.831552982330322,213.15040036236442,71.70476500258457,0.2570006847381592,53.491285786031284
43.33218269262992,2.5888142585754395,16.46703052520752,2270000,100,-0.020057157,226,-90.10742323107782,16.74499487876892,-3.8146974e-09,0.02196645736694336,3807.1695370674133,13.628246307373047,187.3228230033672,70.44223119099705,0.255997896194458,55.580381038591405
48.9710752334483,2.5875279903411865,16.51899528503418,2280000,100,-0.02086093,227,-42.21161660739663,16.804994583129883,1.2207031e-08,0.026998519897460938,3823.9875321388245,13.667577505111694,181.4057590851349,78.94875981331757,0.2590007781982422,51.347067273409124
46.34265802652765,2.549215078353882,16.419995307922363,2290000,100,-0.020843025,228,-96.3546307229039,16.707995891571045,1.5258789e-09,0.0279998779296875,3840.7085270881653,13.59996747970581,173.78493727762353,74.6043413631652,0.2590000629425049,54.02549665773855
49.62845309189172,2.587820529937744,16.580026388168335,2300000,100,-0.021169499,229,-54.70317328707383,16.85899519920349,1.8310548e-08,0.020971059799194336,3857.5805220603943,13.732711791992188,179.99631322013798,79.27906311851574,0.2579977512359619,52.72694191411335
51.18634672081121,2.5912771224975586,16.591996431350708,2310000,100,-0.018084886,230,-86.7901448382803,16.907994747161865,-1.8310548e-08,0.02896285057067871,3874.501517057419,13.75576901435852,205.91995686692047,81.33792703266927,0.28600025177001953,58.89309425752359
51.433388785551806,2.5692994594573975,16.451996088027954,2320000,100,-0.01955084,231,-56.47064346910961,16.73099446296692,-1.373291e-08,0.020997285842895508,3891.245512008667,13.629590511322021,202.35231950298908,83.87459708475738,0.25800108909606934,56.187111870782175
51.23388874158327,2.5590362548828125,16.37002658843994,2330000,100,-0.021308655,232,-42.350311728773995,16.6609947681427,-3.0517577e-09,0.033969879150390625,3907.919506788254,13.557565450668335,197.69470191934354,83.0625984907775,0.2559981346130371,55.99467759639575
53.26656493914342,2.6359782218933105,16.813996076583862,2340000,100,-0.022046642,233,-91.74844934558728,17.102994918823242,-2.2888184e-08,0.029998064041137695,3925.035501718521,13.914996862411499,217.3683031728636,86.96174589629,0.2590007781982422,59.58003697108441
50.39646038383144,2.5668787956237793,16.667996644973755,2350000,100,-0.019118385,234,-59.76791991010361,16.955994844436646,1.2207031e-08,0.028998374938964844,3942.005496740341,13.820149183273315,193.13365589265842,82.17072916582656,0.25800013542175293,49.76930704024142
54.06672660850075,2.5938327312469482,16.71036458015442,2360000,100,-0.021374408,235,-76.39461758532873,16.996362686157227,-7.6293943e-10,0.028999805450439453,3959.014859676361,13.858158826828003,173.78852988805596,88.22537469963896,0.25699830055236816,52.133252441735515
53.74953182966521,2.600263833999634,16.577007293701172,2370000,100,-0.019315239,236,-67.23033962103894,16.86699628829956,4.577637e-09,0.030987977981567383,3975.8948550224304,13.706387996673584,213.60772058842386,88.33752605694603,0.25799989700317383,55.92421902487775
48.03865105597664,2.6475625038146973,16.59099507331848,2380000,100,-0.02073332,237,-160.03547836212675,16.87999701499939,-1.2207031e-08,0.031000137329101562,3992.7878515720367,13.71929931640625,171.74239507761462,78.0297379063876,0.25800180435180664,61.677842275346734
58.21644064339872,2.5919549465179443,16.613992929458618,2390000,100,-0.019930445,238,-27.84071975409964,16.896993160247803,6.1035155e-09,0.024033546447753906,4009.6978442668915,13.762952327728271,178.967379390146,94.46931252320941,0.25699830055236816,48.76293726875796
54.49890149134806,2.5354652404785156,16.872410535812378,2400000,100,-0.0196979,239,-80.50108797170698,17.171379804611206,-1.2207031e-08,0.026968002319335938,4026.882223844528,14.06718921661377,173.81734478061404,90.66438403043466,0.2720012664794922,52.92133662485979
51.50847314634387,2.6142566204071045,16.624284744262695,2410000,100,-0.02009395,240,-85.62102798079803,16.91328454017639,-3.8146974e-09,0.022999286651611328,4043.808506965637,13.756179571151733,213.08015382995353,85.29135907088379,0.2649998664855957,67.17674234707248
47.848028311130236,2.572645425796509,16.695781230926514,2420000,100,-0.019770036,241,-48.4362219220583,16.979752779006958,2.3651124e-08,0.02697134017944336,4060.8012595176697,13.865944862365723,193.31866876640342,76.3578345987601,0.2559998035430908,55.34627431576475
53.09027148386217,2.565234661102295,16.648650407791138,2430000,100,-0.017670272,242,-36.61774201469528,16.938648223876953,-2.2888185e-09,0.029996156692504883,4077.752907514572,13.844248533248901,203.7527458991511,86.2191670649387,0.26000165939331055,54.601931128535725
51.54170736337371,2.628981590270996,16.656996726989746,2440000,100,-0.020191627,243,-77.31297429307409,16.93099617958069,-1.9836426e-08,0.02099776268005371,4094.696902990341,13.771025896072388,205.9737632828601,82.81362942232369,0.2520008087158203,57.89507663129852
55.72164032272741,2.583819627761841,16.7466938495636,2450000,100,-0.02140426,244,-76.4796950258378,17.03569531440735,-1.2207031e-08,0.02800130844116211,4111.747597932816,13.902733564376831,187.56670682968877,91.16883412500978,0.2610001564025879,56.398833077969826
55.32185051349391,2.5919642448425293,16.51399517059326,2460000,100,-0.017752545,245,-35.32432752428007,16.79299521446228,3.3569336e-08,0.021000385284423828,4128.553592920303,13.625039339065552,254.0451103818637,90.63429515542275,0.2579996585845947,62.979355028437475
53.204803181399164,2.6109509468078613,16.52799701690674,2470000,100,-0.01695554,246,-40.938536690691485,16.80999493598938,-2.4414062e-08,0.024997472763061523,4145.376587867737,13.667090654373169,213.867694171536,86.55851361669949,0.2570004463195801,59.83127332159555
52.12575115238029,2.555488348007202,16.760063648223877,2480000,100,-0.012276441,247,-43.809088448354025,17.074033975601196,1.2207031e-08,0.02799081802368164,4162.4636199474335,13.968272686004639,173.6192920861903,83.84666424398979,0.2839651107788086,54.64430350149114
52.55993538496834,2.584892749786377,16.626524925231934,2490000,100,-0.019270495,248,-92.6577262019985,16.91652274131775,-1.8310548e-08,0.02599954605102539,4179.394143104553,13.794216394424438,221.69767163192444,85.72318067098223,0.2629988193511963,63.10588262268569
55.490535092389244,2.526099443435669,16.693995475769043,2500000,100,-0.018093185,249,-45.16304386995961,16.986995220184326,0.015024902,0.025998830795288086,4196.394138336182,13.905362367630005,254.97187456804065,90.37967902560544,0.2670009136199951,54.277646002729405
53.595033577389934,2.6063642501831055,16.646575927734375,2510000,100,-0.019151988,250,-59.5259783092338,16.955538749694824,-9.155274e-09,0.025994300842285156,4213.362676858902,13.783677816390991,201.8032146864486,87.25236777294954,0.2819995880126953,61.00524555613215
61.89799384579051,2.6681294441223145,17.327229261398315,2520000,100,-0.019509185,251,-26.754470199132783,17.616224765777588,-1.525879e-08,0.021994352340698242,4230.991903066635,14.353752851486206,209.60273997080927,101.8491177531916,0.2670011520385742,47.43553966969407
53.19368986696921,2.631673812866211,16.532763481140137,2530000,100,-0.021488454,252,-65.32248340106656,16.818726301193237,1.0681152e-08,0.02796173095703125,4247.823628425598,13.650815725326538,193.34516615837194,85.59465218692027,0.2570011615753174,58.27363468569658
51.82091930817298,2.5589663982391357,16.831650972366333,2540000,100,-0.01782772,253,-52.79168428176858,17.121650218963623,4.577637e-09,0.02000117301940918,4264.958277225494,14.00917673110962,190.18292196959402,83.4411170578369,0.2669968605041504,51.67369048766701
57.56089492085669,2.546814203262329,16.576996088027954,2550000,100,-0.020469312,254,-32.54054883536974,16.86799430847168,-2.4414062e-08,0.0299985408782959,4281.8402717113495,13.784531354904175,172.69012550626059,94.05106203010068,0.2609996795654297,50.243885021464344
53.02523908661907,2.550468921661377,16.575995683670044,2560000,100,-0.020240378,255,-30.21194115863025,16.85599637031555,1.449585e-08,0.019998550415039062,4298.709267139435,13.767148971557617,187.67496497439842,84.8738553545946,0.25800013542175293,50.203393429919736
61.28662392970643,2.6132473945617676,16.982994318008423,2570000,100,-0.021328354,256,-40.02852013537566,17.26599359512329,-2.7370453e-08,0.026999473571777344,4315.988260984421,14.073462009429932,220.6354399339794,101.05565209641757,0.25499963760375977,49.73234424624208
59.22753851745073,2.593365430831909,16.444032430648804,2580000,100,-0.017630834,257,-17.29986883198267,16.725996732711792,2.0599366e-08,0.01994609832763672,4332.727256536484,13.579261779785156,195.7663428468666,96.22928979221007,0.26000142097473145,46.823964253681574
63.33570275939454,2.6161210536956787,16.8948073387146,2590000,100,-0.019956196,258,-36.20036143594065,17.193806409835815,1.4877319e-08,0.027997970581054688,4349.934062242508,14.033117294311523,220.70038338055122,105.39726483828828,0.26999998092651367,52.97999409319257
57.82048360513951,2.5351409912109375,16.725362539291382,2600000,100,-0.021822818,259,-33.94849240197258,17.0043625831604,-6.1035155e-09,0.028003215789794922,4366.95242524147,13.919624090194702,212.054922065202,93.89643027885384,0.24899911880493164,55.16658042791642
55.25635723579227,2.6039934158325195,16.584999084472656,2610000,100,-0.022600835,260,-53.01405578430989,16.867995023727417,-5.340576e-09,0.0279996395111084,4383.8334193229675,13.728591680526733,200.71870049739246,89.24512833890702,0.25299620628356934,49.978465042153545
61.5534519639052,2.590277671813965,16.695619821548462,2620000,100,-0.020468758,261,-64.94174008957359,16.968586206436157,-1.0681152e-08,0.022964954376220703,4400.81600522995,13.843822956085205,208.32059671498644,100.38805800805044,0.2500014305114746,55.48997607903083
57.39974610322917,2.564514636993408,16.867481231689453,2630000,100,-0.017617906,262,-60.793502311585534,17.152448415756226,1.9073486e-10,0.021967172622680664,4417.982453346252,14.044328212738037,188.3331897984571,91.95421789286092,0.2630000114440918,55.47717124042805
54.31938035953462,2.55802059173584,16.337031841278076,2640000,100,-0.021770364,263,-45.22236161187329,16.618995428085327,1.2588501e-08,0.01996469497680664,4434.614448547363,13.52986192703247,196.0656256406631,89.51843426536215,0.2609987258911133,57.937002303317385
60.98274138060837,2.5961360931396484,16.305025577545166,2650000,100,-0.02040222,264,-40.886707953583695,16.601994514465332,-1.5258789e-09,0.03099799156188965,4451.22944355011,13.465904951095581,193.21397465669338,100.80023423181301,0.26400017738342285,52.57930627451009
65.4800027586983,2.598306179046631,16.80142092704773,2660000,100,-0.020365993,265,-32.7130948764614,17.081419467926025,-1.8310548e-08,0.021036863327026367,4468.323862552643,13.950685739517212,198.58495443418522,108.87797580254626,0.2579615116119385,46.46216670721309
65.95826841137377,2.5947577953338623,16.64488196372986,2670000,100,-0.020452406,266,-19.134893650317476,16.927846670150757,-8.773804e-09,0.026998281478881836,4485.264709949493,13.796317100524902,197.73060968841347,107.59982809945812,0.2559664249420166,46.8139976487002
58.18158103172989,2.576505661010742,16.88902997970581,2680000,100,-0.02066488,267,-65.0725789035311,17.183993816375732,1.8310548e-08,0.028029441833496094,4502.461705207825,14.016777038574219,190.9087358968035,93.77340639886654,0.26596903800964355,52.5124582918079
59.19261005036606,2.614954948425293,16.32499599456787,2690000,100,-0.021085355,268,-81.88846036431939,16.609994888305664,1.9836426e-08,0.026999235153198242,4519.084701299667,13.447171926498413,254.56400981733168,96.53806124820976,0.2579996585845947,60.23629234475084
61.186613833578505,2.640424966812134,16.526402711868286,2700000,100,-0.017307319,269,-32.349303005691034,16.8184015750885,-2.746582e-08,0.02500152587890625,4535.9161014556885,13.640063524246216,198.4727816331605,100.78519613198075,0.2669973373413086,52.52228164966276
50.2930405368396,2.5710320472717285,16.90452527999878,2710000,100,-0.021289129,270,-58.411057624790146,17.192502737045288,-1.2207031e-08,0.028978586196899414,4553.121603965759,14.07522439956665,229.3955136171028,80.74819943673506,0.2589988708496094,58.51536313868626
57.67380074663753,2.591104030609131,16.564908027648926,2720000,100,-0.02015984,271,-34.3295428945762,16.846904277801514,-7.629395e-09,0.025997638702392578,4569.981508016586,13.719891786575317,216.23434915031456,94.16605589572208,0.2559986114501953,49.90602886666445
62.89495670939957,2.587512731552124,16.869019269943237,2730000,100,-0.01967671,272,-57.175554159908394,17.15798854827881,-1.525879e-08,0.029969453811645508,4587.152496814728,14.008299589157104,197.7378989575425,102.12549423403537,0.25800061225891113,53.28698096324106
58.50677621282405,2.5422286987304688,16.78199791908264,2740000,100,-0.018526154,273,-31.80394132066802,17.064995288848877,7.6293943e-10,0.026998281478881836,4604.230490922928,14.005006074905396,186.33549784566995,94.6455649845639,0.2559990882873535,47.9948206426348
59.89839986365786,2.6331045627593994,16.944230556488037,2750000,100,-0.020859681,274,-30.469423125848824,17.22822856903076,-0.001027179,0.02299785614013672,4621.471719264984,14.060847997665405,205.78218761048228,96.53139686747238,0.25999903678894043,55.605861445886205
59.8779011377662,2.624800205230713,16.606433868408203,2760000,100,-0.020941345,275,-53.30374298536182,16.897433280944824,1.8692017e-08,0.022998571395874023,4638.382152557373,13.705662727355957,195.35242306399599,95.98974033457887,0.26800084114074707,50.33130177708527
59.68611513702861,2.551553726196289,16.58239507675171,2770000,100,-0.02058546,276,-33.155672041015514,16.86236262321472,5.722046e-09,0.020969390869140625,4655.257513523102,13.766712427139282,211.76946866998156,95.73770537493861,0.25899815559387207,59.676776861949456
59.49648111961133,2.6328718662261963,16.48600149154663,2780000,100,-0.021804357,277,-82.29435467597581,16.77599549293518,-2.746582e-08,0.02899312973022461,4672.047508716583,13.59126877784729,218.88987447279052,98.22651271071034,0.2610008716583252,56.121816193228476
60.465442387869736,2.5927841663360596,16.43327498435974,2790000,100,-0.021609759,278,-9.501511365705571,16.709275007247925,-6.1035155e-09,0.020998239517211914,4688.770783185959,13.563199043273926,257.47598961568707,99.95452079347596,0.2550017833709717,50.71927074240037
61.00474645950114,2.5809037685394287,16.828028202056885,2800000,100,-0.020860227,279,-30.475994630690796,17.117995738983154,1.1062622e-08,0.02599811553955078,4705.901777982712,13.993671178817749,213.18467182686987,97.89306435929771,0.2629692554473877,50.23671208982765
61.543411178021096,2.5577385425567627,16.71311044692993,2810000,100,-0.020027326,280,-51.79474461376146,17.008107900619507,9.155274e-09,0.02799701690673828,4722.922883987427,13.900607347488403,205.78467725008997,100.54586992264271,0.2670004367828369,60.58041585849481
66.17438305203555,2.6077349185943604,16.84837031364441,2820000,100,-0.022407224,281,-48.45739889357865,17.128355026245117,3.8146974e-09,0.0239865779876709,4740.06423997879,13.987356662750244,235.05754681298447,110.18204221374481,0.2559981346130371,52.10946919994739
66.14446715502677,2.4358816146850586,16.566033363342285,2830000,100,-0.019133527,282,-66.96077983409108,16.853995323181152,3.051758e-08,0.029030323028564453,4756.932235002518,13.857280254364014,228.02805374748772,107.93458674770963,0.2579686641693115,55.48586588737955
63.80691670945352,2.5631227493286133,16.883996963500977,2840000,100,-0.01977568,283,-33.798540683667234,17.167996644973755,2.1362304e-08,0.025996923446655273,4774.113231420517,14.056021928787231,214.28796169765238,105.18803699245744,0.2570023536682129,58.419364265760954
60.67615306647458,2.595176935195923,16.855628490447998,2850000,100,-0.020879162,284,-30.45044888026045,17.144627809524536,-6.1035155e-09,0.023998498916625977,4791.270856380463,13.999283075332642,197.2626479626023,97.33293305815494,0.26400041580200195,49.776648141868456
58.88056636202575,2.6117868423461914,16.94111132621765,2860000,100,-0.019312277,285,-80.250557553708,17.221111297607422,2.4414062e-08,0.019970178604125977,4808.50496673584,14.070695400238037,210.53196937174863,94.79535827056193,0.25899791717529297,57.93663789732402
57.72561862674701,2.6244943141937256,16.950661182403564,2870000,100,-0.017566165,286,-35.179384463689665,17.23766040802002,9.155274e-09,0.0279996395111084,4825.755626916885,14.07696795463562,194.4828837949775,94.43879860370855,0.2579994201660156,53.570954588136715
63.46458815510036,2.6289992332458496,16.581995725631714,2880000,100,-0.019223927,287,-76.85921689474957,16.869994640350342,1.2207031e-08,0.026998281478881836,4842.638622760773,13.700024366378784,209.31240124618927,104.56391917906663,0.2610006332397461,55.978190335870984
65.76878125871296,2.5929853916168213,16.49599575996399,2890000,100,-0.018007655,288,-30.214473913695826,16.778995513916016,0.011341114,0.020999431610107422,4859.431617259979,13.651023387908936,217.86127155814165,108.27135504344844,0.26200032234191895,56.92877321210352
64.2068976414986,2.581982135772705,16.599997997283936,2900000,100,-0.01822161,289,-29.46140260335916,17.00999689102173,9.155274e-09,0.02899765968322754,4876.458613872528,13.711067199707031,208.6416057314876,105.68951517184398,0.38100123405456543,55.946149846478164
60.02607424856911,2.6089346408843994,16.825278759002686,2910000,100,-0.018652715,290,-78.69790100616298,17.11127519607544,1.2207031e-08,0.02200007438659668,4893.58288693428,13.968832015991211,247.68090360340022,100.1648917688662,0.2619962692260742,55.93617635383238
64.77432838965822,2.5936384201049805,16.55399751663208,2920000,100,-0.020507397,291,-44.70250658884546,16.831995725631714,-6.1035155e-09,0.020998001098632812,4910.427882432938,13.699807405471802,198.61940054229984,106.56328466547971,0.2560005187988281,56.05593968715726
66.71078438174334,2.6062614917755127,16.863796710968018,2930000,100,-0.018859278,292,-47.5480282056072,17.148797512054443,0.004408551,0.027002573013305664,4927.589679002762,13.996055841445923,216.02761450208652,110.91909856374126,0.25699806213378906,53.694204475798564
69.79542024598175,2.6024258136749268,16.607256174087524,2940000,100,-0.019528246,293,-36.26591599300688,16.89525532722473,-4.577637e-09,0.02499866485595703,4944.497932910919,13.74350380897522,240.25133308958195,115.05357143620617,0.26199960708618164,60.042110285667924
63.72638405751653,2.555227041244507,16.798896074295044,2950000,100,-0.0221386,294,-42.69055348211871,17.08889627456665,-3.3187867e-08,0.02899909019470215,4961.5998294353485,13.949467897415161,218.2225417598728,103.3237170822084,0.2610011100769043,64.45870920897296
60.17728166636559,2.5850276947021484,16.87606167793274,2960000,100,-0.020338185,295,-63.107891406893486,17.155025243759155,4.577637e-09,0.020964384078979492,4978.767854213715,14.028711557388306,204.14267114367317,96.87498893619443,0.25699663162231445,62.8299478493086
67.44183026217686,2.6180453300476074,16.90699577331543,2970000,100,-0.021954717,296,-55.90920806643127,17.18899393081665,-0.0041860593,0.022998809814453125,4995.969848871231,14.043945550918579,218.56404960064128,112.11666223386501,0.2589993476867676,62.015858838775735
71.30274597802753,2.5057828426361084,16.405995845794678,2980000,100,-0.019737862,297,-24.265368214733023,16.693994998931885,1.6784668e-08,0.023999452590942383,5012.676844358444,13.64154863357544,225.92624245197896,116.78068460182449,0.26199960708618164,48.86587238289135
71.17318986334197,2.613874673843384,16.79911994934082,2990000,100,-0.023207637,298,-40.32429779896761,17.090121269226074,2.0980835e-08,0.029999732971191406,5029.77996635437,13.944679260253906,216.24998674712776,115.1247026059417,0.2610015869140625,56.12997616245578
72.90720753952978,2.6204802989959717,16.657359838485718,3000000,100,-0.02070022,299,-51.119802757389216,17.24436044692993,2.4414062e-08,0.024031639099121094,5047.037326574326,13.743541479110718,246.46078752353074,118.93098440285434,0.5619997978210449,48.571027317766706
