LossAfter,Time,train-NumTrajs,Time-Optimization,train-AverageReturn,train-StdReturn,LossBefore,train-AverageDiscountedReturn,Time-Sampling,train-MaxReturn,train-EnvExecTime,train-MinReturn,ItrTime,train-PolicyExecTime,Itr,Time-SampleProc,n_timesteps
-68.34836,43.130571603775024,100,9.838664770126343,-33.469756491028534,31.426292150288944,-67.97846,-21.351798731947888,33.20085144042969,38.219185924541506,4.011963367462158,-129.8019899526817,43.13057041168213,18.67606782913208,0,0.06965875625610352,10000
-61.96238,85.1641297340393,100,8.692170143127441,-31.289507818361255,32.23880291958981,-61.63247,-20.37427618944991,33.28420543670654,67.87092417530528,4.012804985046387,-92.40107843597292,42.030757904052734,18.793538570404053,1,0.04965090751647949,20000
-82.105194,130.00970268249512,100,11.729152202606201,-39.42539793230616,34.94214264389034,-81.658745,-25.020156777230667,33.08804225921631,32.606493581098455,3.996403217315674,-140.57691081995657,44.842533111572266,18.880594730377197,2,0.02438664436340332,30000
-111.9667,171.40305161476135,100,8.325754880905151,-51.0449146904722,35.38664786448263,-111.32712,-31.489221128124317,33.04247045516968,19.3067958858255,3.9072699546813965,-144.63166226693062,41.39000940322876,18.52355718612671,3,0.02039623260498047,40000
-83.58247,227.39106130599976,100,12.834091901779175,-39.80851639561684,36.252175039629066,-83.111206,-25.312472976707863,43.104716777801514,53.93068497831994,5.071888208389282,-153.1998495073497,55.98595190048218,25.05282950401306,4,0.04566240310668945,50000
-91.525246,287.09691071510315,100,10.630434274673462,-43.44432859697808,35.13176104799828,-91.019684,-27.65839966816895,49.05003023147583,51.84774221860128,5.742316007614136,-168.30554255194605,59.70240664482117,28.877865314483643,5,0.021482229232788086,60000
-87.24391,335.0735127925873,100,8.532379627227783,-39.67332522220332,35.43543873021192,-86.77008,-24.691736804103904,39.372015714645386,26.146132317621284,4.711524724960327,-157.12837071618412,47.95182418823242,23.07096838951111,6,0.045317649841308594,70000
-96.977196,381.2447986602783,100,8.770569801330566,-43.371308436928864,35.47800140394316,-96.450386,-26.8057361631962,37.38169288635254,21.117485693005044,4.474709749221802,-140.92401412290153,46.16407895088196,21.45795774459839,7,0.011069774627685547,80000
-97.560165,426.4508013725281,100,7.750251531600952,-43.12251290935969,33.76275943713241,-97.02704,-26.544391870274804,37.42449426651001,23.136167960851953,4.491577386856079,-137.8722681991291,45.20385193824768,21.686234951019287,8,0.027942895889282227,90000
-78.58151,473.10065150260925,100,8.134621858596802,-36.82334736043532,32.130058807905264,-78.1702,-23.56269792235119,38.49163055419922,23.25537286341024,4.6112987995147705,-119.85326275046135,46.646493911743164,22.263083696365356,9,0.01955699920654297,100000
-84.54346,521.0442123413086,100,7.9680421352386475,-37.72624496928088,34.089180987812,-84.117516,-23.51527578618662,39.96072602272034,33.52878417858777,4.743578672409058,-118.00276773387195,47.94079351425171,23.099875450134277,10,0.0117034912109375,110000
-85.88919,578.4400632381439,100,7.894701719284058,-38.4755179119801,34.981357168465756,-85.46215,-24.11249603156807,49.48214292526245,31.266973792456056,5.791358947753906,-128.35255394150838,57.391709327697754,29.26471757888794,11,0.014572381973266602,120000
-87.42461,632.5039465427399,100,8.381038188934326,-39.08909416568922,33.9640532409479,-86.99221,-24.544259467640526,45.65731191635132,48.890081898767484,5.5652241706848145,-121.31823476640426,54.060118675231934,27.607482433319092,12,0.0213320255279541,130000
-80.05295,688.9985542297363,100,9.31095814704895,-36.22487943347182,33.954149618852306,-79.66582,-22.97617923125175,47.14803957939148,34.9242470350596,5.507123947143555,-110.88884224061269,56.492267370224,27.57478094100952,13,0.031225919723510742,140000
-82.76977,742.9297983646393,100,6.0971410274505615,-37.08807702896823,32.60221790308242,-82.377014,-23.452984332158024,47.82100987434387,29.266746167154384,5.520920991897583,-147.31697194215982,53.92720985412598,27.694082021713257,14,0.008708477020263672,150000
-83.89781,790.3125259876251,100,6.702259540557861,-38.57219531212147,29.465708510205996,-83.50221,-24.829269040665164,40.668160915374756,11.709242310293593,4.868945360183716,-116.78538324731863,47.37955141067505,24.174749612808228,15,0.008863210678100586,160000
-93.02916,860.3917233943939,100,8.291869163513184,-40.80434550552729,29.510367673516114,-92.58151,-25.619763907918863,61.757070541381836,19.69659002494212,7.012305736541748,-117.14835437995016,70.07636713981628,36.98797559738159,16,0.026616573333740234,170000
-83.67031,928.6754517555237,100,6.33582878112793,-37.63268249548018,35.24857350945579,-83.26923,-24.05326683051269,61.91211152076721,50.78061792208582,7.0339601039886475,-109.18158567017761,68.28007817268372,36.6707067489624,17,0.031055450439453125,180000
-100.963936,978.9391534328461,100,6.64022970199585,-45.420022862655884,33.915786526697666,-100.46715,-29.115736509367597,43.59662675857544,54.34284007488151,5.074184417724609,-150.71362975901098,50.26168155670166,25.761975288391113,18,0.024500608444213867,190000
-84.81015,1027.3042242527008,100,6.765300035476685,-36.128957713552296,32.47895104173484,-84.39565,-22.48211447760735,41.58633089065552,34.83181948969279,4.949617624282837,-120.8855785466165,48.36305856704712,24.65024709701538,19,0.011118412017822266,200000
-74.497444,1082.960594177246,100,5.4139649868011475,-32.78380779337904,33.09833472673928,-74.1539,-20.863096215850277,50.2090482711792,40.63710296775404,5.972563982009888,-112.49585817887343,55.65242004394531,29.822538375854492,20,0.0280911922454834,210000
-90.4466,1144.6267595291138,100,6.706542730331421,-39.09604581286081,32.52649517201483,-90.033104,-24.68531026654492,54.94639205932617,35.89527255698658,6.508422613143921,-107.14696892315102,61.66432857513428,33.371275901794434,21,0.011040449142456055,220000
-71.21574,1194.534919500351,100,5.29256272315979,-31.780744620575227,33.675617133725694,-70.902084,-20.496033443261577,44.600295305252075,59.59259370515652,5.279302597045898,-119.8575622049659,49.90433311462402,26.354369640350342,22,0.011267900466918945,230000
-104.74798,1236.636162519455,100,5.625731706619263,-42.43248774935539,31.51473476821313,-104.26741,-25.867851742404,36.45420432090759,17.282813347426618,4.437698602676392,-107.03444497491408,42.099491596221924,21.810274839401245,23,0.018593549728393555,240000
-93.2042,1277.4972803592682,100,4.94356107711792,-39.17102219599523,37.614295769408415,-92.760216,-24.517652118675436,35.89026498794556,46.80310875021807,4.162106990814209,-133.86736224247346,40.85910153388977,20.524380922317505,24,0.024043798446655273,250000
-91.20435,1335.071223974228,100,4.660974025726318,-38.479508048561165,38.05052261473608,-90.771965,-24.212385596970375,52.891111850738525,54.27936812040842,6.184713840484619,-158.17093857067502,57.57205271720886,31.12906312942505,25,0.018986225128173828,260000
-73.89971,1375.883534669876,100,4.6522064208984375,-31.988483431168007,31.459186982331868,-73.568275,-20.489170232618317,36.1420955657959,38.46772528646883,4.3249475955963135,-122.62107652197435,40.81008219718933,21.081227779388428,26,0.015109062194824219,270000
-90.60254,1415.697559595108,100,4.569821834564209,-38.02373730679511,31.00914800950921,-90.202545,-23.977823052596207,35.22747230529785,13.532117743875846,4.206761837005615,-149.18457987059273,39.81229782104492,20.906018018722534,27,0.014591693878173828,280000
-104.01238,1455.0972878932953,100,4.430116891860962,-43.66526459642131,34.56854231480312,-103.52982,-27.616960508062064,34.95557188987732,23.318223931801583,4.182506799697876,-139.43161709956678,39.39787483215332,20.26044750213623,28,0.01192784309387207,290000
-109.599846,1494.8511002063751,100,4.254095792770386,-45.039511480438165,33.551003177844755,-109.0627,-28.204465273997457,35.48858642578125,29.080552683711282,4.274805068969727,-125.26523245084955,39.751659870147705,21.162837028503418,29,0.00875997543334961,300000
-103.409355,1534.3265144824982,100,4.276291608810425,-42.45979309998845,32.14959285943057,-102.893745,-26.656931599294538,35.17383050918579,26.910971281919064,4.223229885101318,-126.25970427597402,39.47358179092407,20.68467950820923,30,0.023026466369628906,310000
-90.87063,1573.7426710128784,100,4.253809690475464,-36.97089126211575,28.306630593295186,-90.43236,-23.150544997704802,35.15115928649902,22.227347908563356,4.197004556655884,-111.66994045507248,39.41405534744263,20.565803289413452,31,0.008839845657348633,320000
-85.658554,1615.9411368370056,100,6.416069507598877,-36.114063911838414,32.633336446764886,-85.26702,-23.159308036850774,35.77172040939331,53.980181384004744,4.267885208129883,-117.74066423290792,42.19647574424744,21.271059274673462,32,0.008438825607299805,330000
-84.56674,1667.670772075653,100,4.262123346328735,-35.87662249844513,34.558719940691475,-84.19764,-23.146964097564776,47.45433044433594,63.20960614701165,5.517656087875366,-152.4725782835301,51.72696876525879,27.873214960098267,33,0.010231494903564453,340000
-102.71393,1717.2192597389221,100,4.277829885482788,-40.49429935854171,35.90369277051403,-102.2581,-25.07284850375221,45.26023268699646,37.99052749178956,5.357662916183472,-136.44174984715602,49.54655885696411,27.09750509262085,34,0.008282184600830078,350000
-94.389946,1758.8763489723206,100,4.430312156677246,-39.10391691077467,35.66934220310199,-93.96661,-25.01676710246451,37.215885400772095,58.68676883642154,4.42622971534729,-124.23028583761035,41.65511608123779,21.746958255767822,35,0.008687257766723633,360000
-103.25235,1806.432587146759,100,4.732767820358276,-42.078271588575156,37.202150908131934,-102.78306,-26.732446187754476,42.806883096694946,39.02330545780607,5.042884111404419,-141.6203834560952,47.55431318283081,25.055315732955933,36,0.01445913314819336,370000
-82.614334,1857.3768985271454,100,4.8345115184783936,-34.43761237396032,30.283209967345968,-82.252174,-22.22212686063363,46.09802007675171,25.000056853422585,5.46550178527832,-109.07733863436438,50.941978216171265,27.528369665145874,37,0.009227514266967773,380000
-81.62459,1912.4477517604828,100,4.443457126617432,-33.853179550031435,35.71972436015747,-81.28702,-21.834673469061887,50.610525131225586,27.24637694582456,5.896479606628418,-149.2417648100437,55.068599462509155,30.600374221801758,38,0.014204025268554688,390000
-89.729904,1959.324319601059,100,4.449642181396484,-35.53699345765916,27.98470399090682,-89.36462,-22.36210516224294,42.416165351867676,52.403238894158484,4.987354040145874,-122.39711071431613,46.87437987327576,25.24374032020569,39,0.00837087631225586,400000
-100.82179,2007.210999250412,100,4.204038619995117,-40.083091318854216,34.67141482114028,-100.39844,-25.345707190710172,43.66758751869202,32.59030185540238,5.178972482681274,-126.05291412997798,47.88415741920471,25.66294527053833,40,0.012053728103637695,410000
-103.727196,2047.806650876999,100,4.260983228683472,-40.71107266287944,31.762899088298465,-103.27489,-25.611588737335577,36.32348680496216,18.784713729889663,4.401453733444214,-117.25252135044809,40.59335923194885,21.373241424560547,41,0.00863790512084961,420000
-103.489365,2088.6774027347565,100,4.5690813064575195,-41.540286836388056,31.441554014895242,-103.0286,-26.553437189184052,36.29111933708191,23.135408930839482,4.432452201843262,-117.43263914875149,40.8687961101532,21.65496516227722,42,0.008383750915527344,430000
-103.550995,2147.558094263077,100,6.8981029987335205,-39.41642465790733,35.386396733772216,-103.08648,-24.46891781387603,51.95633292198181,32.69842027097627,5.885082244873047,-159.74395967027272,58.87865352630615,31.125123739242554,43,0.02388286590576172,440000
-96.15528,2201.465620994568,100,5.4860520362854,-38.72591832092213,32.38047782690238,-95.73121,-24.929126344118924,48.40874886512756,29.61788204028273,5.641469717025757,-142.26084386907226,53.905044078826904,29.391826391220093,44,0.009959220886230469,450000
-112.657295,2250.9003596305847,100,4.268274307250977,-42.58860459633044,36.30151947666368,-112.152374,-26.471232897883116,45.15486669540405,41.84299372671031,5.311526775360107,-154.97023567196615,49.431965589523315,27.64793634414673,45,0.008431673049926758,460000
-96.36681,2291.208498477936,100,4.299788236618042,-38.09900503586209,33.557068291359265,-95.93994,-24.39205808262922,35.99737000465393,52.49709800151629,4.342360258102417,-149.6966451219713,40.30595135688782,21.17947220802307,46,0.008575439453125,470000
-90.62941,2331.750522851944,100,4.292406320571899,-34.99740633250913,31.916419170702728,-90.246155,-22.153237255785616,36.23856806755066,40.29693769548102,4.396295785903931,-112.20572454335135,40.54010343551636,21.79343819618225,47,0.008919954299926758,480000
-93.15479,2372.1669776439667,100,4.31795597076416,-36.453986731420784,33.43512686383768,-92.77347,-23.312202822134353,36.087167501449585,35.66673096539784,4.325566530227661,-125.01417795894602,40.414562702178955,21.126232624053955,48,0.009226322174072266,490000
-98.89136,2412.434330224991,100,4.299785852432251,-37.436839009906436,32.701701172473655,-98.488014,-23.532020650797172,35.95671510696411,35.08141536965461,4.326641798019409,-116.68674700181637,40.26551866531372,21.272171020507812,49,0.008646249771118164,500000
-97.19382,2464.0015964508057,100,6.917056322097778,-37.875758781357106,35.21361111346717,-96.797775,-24.277313823812733,44.63715386390686,59.27118619817251,5.219224452972412,-132.67963897939825,51.565173387527466,26.346883058547974,50,0.009993791580200195,510000
-118.32041,2521.056268453598,100,6.525938272476196,-44.14494799723236,32.74835209797174,-117.81551,-27.643672394642504,50.51003074645996,27.863587259928284,5.945425271987915,-128.19029215368062,57.047338247299194,30.830995321273804,51,0.010857343673706055,520000
-108.06925,2563.269459962845,100,4.248427152633667,-40.53230838178293,34.487861726479494,-107.59643,-25.5317525458644,37.94751977920532,31.91875751904945,4.549310922622681,-156.59122086494384,42.20495676994324,22.565479278564453,52,0.008717536926269531,530000
-108.39841,2603.5875339508057,100,4.254284143447876,-39.91585996845512,36.36276870516536,-107.92495,-24.928365405929444,36.053040504455566,47.10548455260809,4.3163840770721436,-142.21116198260532,40.31633234024048,21.215442419052124,53,0.008790731430053711,540000
-112.58733,2644.2219746112823,100,4.244979619979858,-40.57789671105574,37.162107515702324,-112.09333,-25.073989492091425,36.378716468811035,29.232043402498306,4.353917598724365,-150.75453128839044,40.6324737071991,21.375450372695923,54,0.008578300476074219,550000
-97.88893,2684.3411498069763,100,4.2674174308776855,-37.07635194616208,31.454954135833468,-97.471886,-23.6734208777528,35.84059166908264,37.73279333318333,4.249192237854004,-124.03483458325358,40.117223024368286,20.887706518173218,55,0.008964776992797852,560000
-98.94284,2724.832458257675,100,4.284204483032227,-39.04427110077353,34.96331898720974,-98.536766,-25.568903626032057,36.19523048400879,42.24324486209515,4.343751907348633,-117.4419750420975,40.48833703994751,21.17838978767395,56,0.008481979370117188,570000
-109.84584,2764.7606213092804,100,4.27503228187561,-41.2824152871073,34.73356259677034,-109.39404,-26.364867265621193,35.64254665374756,38.78467989706038,4.2776360511779785,-139.57166733440408,39.92617893218994,21.094408988952637,57,0.008371829986572266,580000
-105.34192,2804.8961243629456,100,4.279018402099609,-38.438097148055185,31.460738852914286,-104.90796,-24.181850742343023,35.845776319503784,25.429529604248266,4.2979631423950195,-119.70033894172957,40.13353514671326,21.17258644104004,58,0.00824117660522461,590000
-103.7767,2845.5341465473175,100,4.36605167388916,-38.22273594900643,34.26151994334362,-103.35423,-24.24010904848857,36.25901794433594,54.91429821991222,4.330242395401001,-160.62201918957942,40.63525629043579,21.46315360069275,59,0.009346485137939453,600000
-115.71143,2888.3604152202606,100,4.255542993545532,-40.79780387977286,34.35594622971239,-115.2329,-25.255006178746807,38.553155183792114,40.72464252320757,4.502483606338501,-134.01464948158684,42.81793761253357,23.224634647369385,60,0.008738279342651367,610000
-97.06102,2928.952611684799,100,4.376899003982544,-36.1977028639883,32.4439328154584,-96.66856,-23.234983030456917,36.20349431037903,39.00335968293227,4.302237033843994,-107.39928732952812,40.588947057724,21.44253396987915,61,0.008336782455444336,620000
-132.79848,2968.908296585083,100,4.2551398277282715,-46.55547689275543,38.919344960181945,-132.2386,-28.865581139481943,35.689610719680786,57.64260015851399,4.263099908828735,-142.53950971834126,39.95357298851013,20.933910369873047,62,0.008599519729614258,630000
-97.39553,3009.1168065071106,100,4.266614675521851,-35.369806097543325,29.178660744656405,-96.991035,-22.46419831756738,35.925498962402344,37.95969765127184,4.29518723487854,-101.00181138113577,40.20650625228882,21.369647979736328,63,0.01394033432006836,640000
-99.145905,3051.936176300049,100,5.077907562255859,-36.238777472251776,34.980527572602305,-98.75559,-23.15697156184892,37.728543519973755,44.905651360844715,4.489376068115234,-122.26375498669299,42.81698799133301,22.225096940994263,64,0.00979471206665039,650000
-108.09493,3096.4318568706512,100,4.663592100143433,-36.86217702154569,34.38840557040426,-107.67411,-22.629409226762583,39.81499886512756,69.42433194779271,4.554567575454712,-112.32613931184842,44.488072633743286,22.345967769622803,65,0.00892019271850586,660000
-120.359314,3140.7463426589966,100,4.751000642776489,-41.777055869828516,33.520650127732814,-119.8762,-26.002013956236905,39.54638171195984,43.933307378405374,4.727973222732544,-146.96255289507067,44.311408281326294,23.731840133666992,66,0.013688325881958008,670000
-118.432396,3183.446392059326,100,4.559561491012573,-43.70653359235807,34.824445447526124,-117.94518,-28.275436799459207,38.12891864776611,31.768460215883334,4.554914236068726,-134.19814641204738,42.69731879234314,22.389389753341675,67,0.008352041244506836,680000
-133.66983,3226.8429629802704,100,5.511922359466553,-44.59695405372573,32.438935094230004,-133.09752,-27.209466852939414,37.870572090148926,28.114383140623794,4.445356369018555,-134.64565744618545,43.393367767333984,22.14325714111328,68,0.010487556457519531,690000
-125.70838,3269.8642683029175,100,4.287200927734375,-42.68694884373337,33.912017459865595,-125.159836,-26.415684390600823,38.71720004081726,42.55781180265487,4.987870693206787,-125.03498209810957,43.01304531097412,22.73623824119568,69,0.008151054382324219,700000
-120.68607,3310.0731449127197,100,4.330343961715698,-41.808583671014816,34.49763541791555,-120.16598,-26.26476304815374,35.86566185951233,79.32264444327141,4.3331639766693115,-132.0133703905306,40.20453381538391,21.23484516143799,70,0.008317947387695312,710000
-100.32144,3350.3255252838135,100,4.33366060256958,-35.63560628562025,33.87874707412553,-99.91427,-22.778449688494565,35.907365798950195,48.733209128998986,4.351163864135742,-109.2252396526032,40.25010395050049,21.600533485412598,71,0.008841514587402344,720000
-113.738075,3391.4679985046387,100,4.3127312660217285,-39.06753860613798,34.059740874011574,-113.29221,-24.535635859363932,36.81887459754944,43.093139168192955,4.376200437545776,-132.66686422298,41.140406370162964,21.56731653213501,72,0.008365631103515625,730000
-104.734406,3432.337970018387,100,4.624933242797852,-35.31856034387635,36.04044258339777,-104.334785,-21.982361235518525,36.230939865112305,39.04201149761844,4.332160711288452,-141.3073622236571,40.86628007888794,21.18194317817688,73,0.009922266006469727,740000
-110.2071,3476.4688169956207,100,4.514227867126465,-37.032198879221795,34.44057994277191,-109.79407,-23.051878386916385,39.59376120567322,36.307538258172634,6.543755054473877,-153.35564132643933,44.118884325027466,22.258126497268677,74,0.010368585586547852,750000
-118.747665,3518.613934278488,100,4.3297059535980225,-39.94743736904035,35.96285825397306,-118.29689,-24.94330642034748,37.80000162124634,35.21299407916539,4.494955778121948,-114.33228768136547,42.141032695770264,22.224592447280884,75,0.010895967483520508,760000
-122.097755,3561.6702609062195,100,4.359942197799683,-41.99947001586747,35.83444969477009,-121.623985,-26.642929215727744,38.6832959651947,36.847204652808024,4.569846868515015,-117.04787596535294,43.05309867858887,22.586491107940674,76,0.009394645690917969,770000
-116.48729,3603.7030715942383,100,4.894847869873047,-40.40960014514265,34.275072652773055,-116.03471,-25.82047440863761,37.11825394630432,32.62483394748263,5.092372179031372,-135.17993668092862,42.027819871902466,21.213390350341797,77,0.014253377914428711,780000
-119.18152,3644.285781621933,100,4.225284099578857,-41.4217564705438,38.517697653813194,-118.720024,-26.554788214722517,36.33969497680664,47.15145091342746,4.320939064025879,-153.9439845998893,40.57383608818054,21.23142910003662,78,0.008362054824829102,790000
-85.921875,3684.0972464084625,100,4.295682668685913,-29.722186613054326,35.37271449091495,-85.613556,-19.043175051770703,35.50353503227234,78.9767932310638,4.23129415512085,-108.6755675355567,39.80843114852905,21.204278707504272,79,0.008749008178710938,800000
-100.028366,3738.176775932312,100,6.936399936676025,-36.566405160655975,30.72665572267719,-99.69029,-24.196926692001643,47.128835678100586,42.91604250115865,5.3608739376068115,-105.34096239149937,54.07705473899841,27.416831731796265,80,0.011370420455932617,810000
-119.70896,3798.963983774185,100,11.315354824066162,-41.67701024839368,40.196758680958254,-119.29249,-26.904806351418127,49.451507806777954,82.69224179917421,5.885973215103149,-177.0415663348827,60.77841830253601,29.610843420028687,81,0.010864734649658203,820000
-126.017815,3868.182343482971,100,14.337286472320557,-40.91377122702687,35.794487421012484,-125.55571,-25.39221315548555,54.85934042930603,29.862328156190305,6.52578592300415,-135.51703306229936,69.21030020713806,33.19585847854614,82,0.013099193572998047,830000
-121.97457,3913.3455786705017,100,4.2992262840271,-39.91928498169503,32.6786856261264,-121.51599,-24.957332499698005,40.840311765670776,33.44033634089304,4.884644985198975,-119.50780442453953,45.15415334701538,24.926729440689087,83,0.014111042022705078,840000
-117.03313,3952.7857904434204,100,4.267541170120239,-39.11869289842708,35.10436689822834,-116.59493,-24.825933334619105,35.15984010696411,38.47810133270879,4.314709186553955,-151.48273692629368,39.43609261512756,20.840949773788452,84,0.008273124694824219,850000
-118.59208,3992.1050255298615,100,4.210154056549072,-37.965849534511214,30.88200862465204,-118.15158,-23.521215717742777,35.09777045249939,39.335058685084014,4.228936195373535,-121.76672497748898,39.317241191864014,20.73828959465027,85,0.00908970832824707,860000
-111.12529,4034.100699901581,100,4.295316457748413,-37.45742817626314,36.20381014404876,-110.7215,-23.9921504683978,37.688188314437866,36.76091630647639,4.451300859451294,-139.97467635074892,41.99373149871826,22.203838348388672,86,0.009723901748657227,870000
-123.51127,4074.6373176574707,100,4.452449560165405,-42.10997222158503,35.292125988287864,-123.061615,-27.205341508619355,36.06891345977783,42.324372656723106,4.304316997528076,-148.3028464760818,40.53269696235657,21.275880098342896,87,0.010825872421264648,880000
-115.615395,4114.627344608307,100,4.468212366104126,-38.42734582977521,34.73333730821205,-115.196,-24.51676274644202,35.503530740737915,29.731598833743377,4.295076131820679,-125.9378482531942,39.98574352264404,21.096631050109863,88,0.013480186462402344,890000
-128.7067,4172.888080358505,100,4.323027610778809,-42.2325571241476,36.87714224633271,-128.23355,-26.799863442873065,53.92044138908386,23.49829404021469,4.218788146972656,-140.1989727356832,58.2523672580719,31.701754331588745,89,0.00844717025756836,900000
-125.3601,4212.688238143921,100,4.333486795425415,-40.561049492816835,38.31414411799947,-124.89326,-25.580636304485406,35.45225667953491,65.75363489842809,4.20943284034729,-128.66493298852828,39.79641366004944,20.81819248199463,90,0.009787797927856445,910000
-139.773,4253.88050031662,100,5.3348329067230225,-43.384514746803426,36.49207481069467,-139.23735,-26.73023424563733,35.84248232841492,35.34044234421407,4.280637264251709,-142.7251380756066,41.188944816589355,21.006656885147095,91,0.011043071746826172,920000
-119.74922,4306.434595823288,100,6.398984432220459,-40.57085665530179,32.03426477555944,-119.2951,-26.39197223491526,46.120304584503174,26.82988691718817,6.215146064758301,-149.18036130462633,52.5395872592926,26.856459617614746,92,0.019877910614013672,930000
-134.01004,4358.8486087322235,100,4.621535062789917,-41.50185834729932,36.19275434951737,-133.50356,-25.65683572722448,47.77616810798645,37.47444059542208,5.7464759349823,-133.99356384590027,52.407697439193726,28.910308599472046,93,0.009625911712646484,940000
-129.37834,4403.556652069092,100,4.336323499679565,-40.17290816977317,32.95597256723073,-128.88878,-24.936181620659855,40.35970973968506,35.324417817382276,4.777399063110352,-136.6985313961464,44.704965353012085,23.976292371749878,94,0.008492708206176758,950000
-126.32995,4450.841033220291,100,6.4308226108551025,-42.603312667249,37.84437270412376,-125.858406,-27.816637744597315,40.837302684783936,35.78870573715894,4.8580169677734375,-141.08582043734646,47.28168964385986,24.13498878479004,95,0.013084173202514648,960000
-125.2513,4503.826617002487,100,5.438481330871582,-39.576017975998965,34.164657152518274,-124.79149,-24.943825940380506,47.5246856212616,36.603564602386804,5.58432674407959,-146.74983818511137,52.97327446937561,28.62657117843628,96,0.009578466415405273,970000
-139.29918,4553.866424798965,100,6.137827157974243,-43.39193702575174,34.906401408111165,-138.78085,-27.174686384350892,43.87395000457764,18.538635433048356,5.188598394393921,-146.0070666711828,50.03035116195679,26.245097398757935,97,0.01782512664794922,980000
-145.59119,4604.5939927101135,100,5.599038362503052,-44.96198682286068,34.2139767040801,-145.03267,-28.0765110053576,45.10203957557678,32.06382802146786,5.275734186172485,-147.8224840267623,50.717620611190796,26.81777834892273,98,0.015811681747436523,990000
-142.3517,4644.903047800064,100,4.741096496582031,-45.54594193062777,33.55188126458382,-141.79767,-29.116476188410115,35.549097776412964,28.74750994665338,4.174395322799683,-132.62067974258403,40.30309557914734,20.79144048690796,99,0.011310100555419922,1000000
-137.00276,4690.678546905518,100,5.224179983139038,-42.33198381652385,36.42431418922281,-136.47409,-26.567741346963167,40.52434301376343,36.78288253624794,4.815919399261475,-140.01839679234118,45.76694917678833,23.949477195739746,100,0.01743316650390625,1010000
-118.46342,4734.560907840729,100,5.1536946296691895,-38.68029345871078,33.87214773567576,-118.0279,-25.121766094822483,38.70181131362915,21.402245937763315,4.588773727416992,-148.3847980433975,43.872563123703,22.784839630126953,101,0.01622319221496582,1020000
-115.15367,4780.09117937088,100,4.910404682159424,-37.33835523337625,31.633367462865582,-114.75458,-24.202534817861405,40.60000157356262,72.68610254525625,4.712080240249634,-126.98045930491877,45.518927812576294,23.072978258132935,102,0.008252143859863281,1030000
-129.91592,4828.97190785408,100,4.755142688751221,-40.82327075589762,30.938522865375088,-129.47118,-26.04261482684397,44.106364250183105,28.502717388960523,8.692002773284912,-146.4093943656654,48.87619090080261,23.43486976623535,103,0.014097929000854492,1040000
-120.850555,4881.163794994354,100,4.317909240722656,-37.380957234270205,35.20247034026733,-120.44164,-23.673992270709018,47.857720136642456,35.12045710997002,5.477969646453857,-130.2947575107484,52.18564462661743,29.053781032562256,104,0.00947713851928711,1050000
-136.86552,4920.388899087906,100,4.2056803703308105,-41.43962091990916,35.781499342572396,-136.3965,-25.961467055031857,35.007774353027344,33.656671947753566,4.241116285324097,-122.58335343479396,39.222025632858276,20.779270887374878,105,0.008031368255615234,1060000
-132.90996,4959.634701728821,100,4.240566968917847,-39.888903626491846,33.853579419579354,-132.44803,-24.90822768089004,34.99360656738281,27.390070445315217,4.167101144790649,-132.38895285117633,39.24274039268494,20.710764169692993,106,0.008214712142944336,1070000
-154.9053,4998.988731384277,100,4.264878273010254,-46.81345758886057,38.31822474503446,-154.34375,-29.42216840584125,35.07607078552246,40.70488195236908,4.211604595184326,-155.12774971165962,39.35164022445679,20.69900608062744,107,0.009892702102661133,1080000
-144.73451,5041.880398273468,100,5.944213151931763,-41.95025642339655,37.760294938284254,-144.19707,-25.74425633315143,36.92330026626587,35.52786694659434,4.36039137840271,-132.45506620084382,42.88256478309631,21.517210245132446,108,0.014573335647583008,1090000
-131.35667,5082.604045391083,100,4.283799409866333,-40.71005176245967,40.390475081614966,-130.88045,-26.083967712990855,36.421433210372925,62.136652374129206,4.238008975982666,-183.22892795589686,40.71515679359436,21.6331684589386,109,0.008920431137084961,1100000
-138.74733,5123.669311761856,100,5.677402496337891,-43.011502704237444,37.12759442116892,-138.25291,-27.61868732219079,35.36979603767395,52.42386129284888,4.267742156982422,-135.1823182160593,41.057862520217896,20.77307152748108,110,0.010191202163696289,1110000
-152.58713,5163.853246927261,100,4.231473684310913,-46.80590223189158,35.31968129963179,-152.03297,-29.93646521123576,35.935489654541016,39.29241662569737,4.254127025604248,-146.39643362282166,40.17730784416199,21.15695881843567,111,0.009856939315795898,1120000
-125.44364,5204.687762975693,100,5.4663779735565186,-38.09274118750933,37.685987434728325,-125.00025,-24.27056011231101,35.35105037689209,66.92337598174228,4.250511646270752,-139.1516218928867,40.82795333862305,20.870604038238525,112,0.009938955307006836,1130000
-152.46259,5244.7102835178375,100,4.24276876449585,-44.032702950048645,39.136980318840685,-151.92244,-27.2722296043263,35.756824254989624,42.47783676535677,4.238124847412109,-153.55954094569438,40.009650468826294,20.86768341064453,113,0.009564638137817383,1140000
-120.13424,5285.85021686554,100,4.73868989944458,-38.158794858558345,31.58728601392151,-119.722404,-25.032890429002123,36.381365060806274,42.05045826602372,4.318937301635742,-132.89050062203953,41.13142991065979,21.6879985332489,114,0.010633230209350586,1150000
-123.64504,5328.583638906479,100,4.219774961471558,-37.20757644356357,36.588739584364475,-123.24182,-23.721971032862125,38.490013122558594,59.41361445170198,5.117467164993286,-132.26577428554907,42.719340324401855,21.945183277130127,115,0.009044647216796875,1160000
-151.05664,5368.8904848098755,100,4.364540100097656,-41.85319603018973,35.27101575973796,-150.55219,-25.398837632564746,35.929043769836426,31.617033780694168,4.406491756439209,-132.5567837652239,40.30368661880493,21.29428720474243,116,0.009596586227416992,1170000
-143.77406,5409.165431261063,100,4.236831903457642,-42.076993236210186,37.859609279490286,-143.28157,-26.49338425863385,36.02115225791931,27.512954299608133,4.222626686096191,-132.9422779977233,40.26860427856445,20.782310247421265,117,0.010076284408569336,1180000
-153.98883,5451.955861091614,100,4.184527397155762,-44.008051755268696,33.813357894558926,-153.4496,-27.367198047208003,38.58611536026001,44.51905892954505,8.52583122253418,-127.15644509539794,42.77946639060974,19.28683090209961,118,0.008403778076171875,1190000
-122.687904,5485.9854102134705,100,4.115042686462402,-37.80033244270219,38.02278963495091,-122.27337,-24.61513275606313,29.901982069015503,52.456559138233835,3.5421829223632812,-142.62856208010132,34.026368379592896,17.131064891815186,119,0.009150981903076172,1200000
-147.29863,5519.980324745178,100,4.110705614089966,-43.01861497637072,37.263267791220535,-146.80652,-27.219929859344578,29.873884916305542,59.28033222851672,3.5191593170166016,-173.05445712379856,33.992873668670654,17.19767689704895,120,0.008049249649047852,1210000
-149.97522,5553.65869808197,100,4.0988380908966064,-41.98269763373773,31.929480668742478,-149.46391,-25.93417992921353,29.568996906280518,40.5102333582341,3.506744623184204,-110.10252130361037,33.67652654647827,16.855540990829468,121,0.008489370346069336,1220000
-121.08442,5587.439722061157,100,4.125266790390015,-35.561815287676005,34.99481923781549,-120.68799,-22.665415408493494,29.64507222175598,43.25969398231398,3.4931600093841553,-132.42573310610646,33.7790961265564,16.937474966049194,122,0.008550167083740234,1230000
-164.01746,5621.2397582530975,100,4.1047892570495605,-46.59067525959998,32.73181206070033,-163.46846,-29.1651649858133,29.683817625045776,28.82571198388845,3.4961462020874023,-142.77561108311903,33.79798364639282,16.9210102558136,123,0.009135723114013672,1240000
-156.15004,5655.093732357025,100,4.105753183364868,-44.1884384069609,34.94472432474427,-155.60771,-27.65713539514572,29.736700773239136,26.236563634707448,3.554154396057129,-178.69621299018402,33.852027893066406,17.08568835258484,124,0.009349346160888672,1250000
-152.99619,5688.920070886612,100,4.119847059249878,-41.47563788599882,33.025982793068636,-152.462,-25.31735789638828,29.69632649421692,23.779492505817164,3.492664098739624,-142.86703124990518,33.82444167137146,17.035860538482666,125,0.008023738861083984,1260000
-163.57881,5722.716964483261,100,4.083438873291016,-45.331770871235406,33.9686512865947,-162.99971,-28.12977770118728,29.702629566192627,20.51260425052224,3.454669952392578,-154.66800875884692,33.79497456550598,16.937191247940063,126,0.008717775344848633,1270000
-121.85066,5756.49883723259,100,4.083418369293213,-35.67121257365581,34.84738197583007,-121.44225,-22.919707290846656,29.688258171081543,44.1382789813166,3.500312328338623,-139.8081015116303,33.77999973297119,16.897829294204712,127,0.008121013641357422,1280000
-143.58517,5790.581827878952,100,4.085310935974121,-42.026263621537744,31.686510947803264,-143.12225,-27.05016892174742,29.987030029296875,36.89317921288236,3.5582003593444824,-119.30304848571862,34.080864667892456,17.221795797348022,128,0.008283853530883789,1290000
-152.93538,5824.317081451416,100,4.069396018981934,-42.783429625199325,39.438983853172736,-152.43634,-26.86667860355267,29.6551194190979,30.935785403658585,3.504117012023926,-160.33171972522894,33.733405113220215,16.95479130744934,129,0.008685588836669922,1300000
-141.83249,5858.127592563629,100,4.078114986419678,-40.008016999473284,32.617813331691586,-141.3723,-25.29837156882255,29.721290588378906,27.205707555908315,3.51271915435791,-125.81539467748257,33.80852150917053,17.046135902404785,130,0.0088958740234375,1310000
-128.27829,5891.908854961395,100,4.076364994049072,-36.551759126178965,41.84287863456941,-127.87887,-23.2940129637873,29.69446873664856,63.67877226675562,3.489132881164551,-164.93697025586428,33.77919316291809,16.87460970878601,131,0.008119821548461914,1320000
-140.88481,5925.684545993805,100,4.083192586898804,-40.477304233278716,39.571824619216564,-140.4539,-25.965844523005384,29.68220806121826,33.16272135873946,3.4997308254241943,-215.53132642794918,33.77371954917908,16.96466326713562,132,0.008096933364868164,1330000
-148.59001,5959.246991157532,100,4.074752330780029,-41.89622676697543,32.223745629238756,-148.12926,-26.63263562310429,29.477418184280396,55.50465438115783,3.4667842388153076,-150.2245643631544,33.56056523323059,16.782570600509644,133,0.008141517639160156,1340000
-162.38515,5993.138127565384,100,4.063940525054932,-44.12780110370351,39.49465974296096,-161.8626,-27.484893042184417,29.815675735473633,40.787138469307926,3.542606830596924,-225.43482934437452,33.88915205001831,17.12625288963318,134,0.009330272674560547,1350000
-131.99948,6026.924912214279,100,4.081020832061768,-36.67295553056652,33.380693194923545,-131.58348,-23.196599938104573,29.69552445411682,40.937599145830525,3.496760129928589,-103.5215264490729,33.78486919403076,17.031923294067383,135,0.008094310760498047,1360000
-132.06068,6060.646048069,100,4.041311740875244,-36.10319204740235,36.814299163837724,-131.66273,-22.655918123561232,29.669419050216675,53.85799248832382,3.4966487884521484,-125.86416694318707,33.71918749809265,16.972580432891846,136,0.00826406478881836,1370000
-133.50137,6094.374721050262,100,4.065921783447266,-37.19337696830078,34.72410289099606,-133.10968,-23.647534579457556,29.650569200515747,45.25779628540005,3.4871280193328857,-152.6678055418046,33.726757526397705,16.930879592895508,137,0.010038614273071289,1380000
-156.62944,6128.0454018116,100,4.042653799057007,-44.425990134141855,35.69532655166428,-156.15775,-28.59051117374366,29.61794137954712,42.916828911309665,3.4891231060028076,-136.0950298762024,33.66878318786621,16.930979251861572,138,0.007998943328857422,1390000
-146.14352,6161.778389453888,100,4.035658597946167,-40.56979979046895,38.74372927703067,-145.6961,-25.8326021037695,29.6865234375,46.32408285431312,3.5022811889648438,-161.0830540810286,33.7309455871582,17.047953367233276,139,0.008524894714355469,1400000
-153.13881,6195.491937160492,100,4.124324560165405,-40.66247688463012,32.62594938294858,-152.66563,-25.249585173918284,29.578335285186768,27.424923175882736,3.4909307956695557,-120.42113108235412,33.71156716346741,16.865118503570557,140,0.008698701858520508,1410000
-140.87918,6229.332007884979,100,4.057315349578857,-39.74475321399775,34.93080441163233,-140.44911,-25.63437069354874,29.772407054901123,35.81551987281108,3.5377798080444336,-168.6090352933982,33.83834218978882,16.999877214431763,141,0.008415460586547852,1420000
-170.39911,6262.916132688522,100,4.018849611282349,-46.78021765236098,40.95998672990521,-169.86334,-29.75477125354999,29.55500054359436,33.0890457222898,3.463218927383423,-166.9154554352453,33.58222961425781,16.801597595214844,142,0.008185386657714844,1430000
-160.2242,6296.464763879776,100,4.021357774734497,-41.60342872180946,34.26349396414761,-159.70825,-25.624235129387667,29.516601085662842,37.83419296943798,3.468068838119507,-144.67811280444351,33.546708822250366,16.758652210235596,143,0.008561134338378906,1440000
-132.20453,6330.225218296051,100,3.999943494796753,-37.04664853899677,32.14220319312731,-131.7973,-23.930773094214004,29.749996185302734,35.58463442557604,3.501347780227661,-126.67262838594259,33.75862526893616,16.94074511528015,144,0.008488655090332031,1450000
-180.78476,6363.728375673294,100,3.9895851612091064,-47.63436078497888,36.85485794519972,-180.2133,-29.72688548577542,29.502854108810425,22.355071901279114,3.4595394134521484,-160.16696681453064,33.501195669174194,16.814377307891846,145,0.008553504943847656,1460000
-155.28325,6397.297591209412,100,3.9851012229919434,-42.51613993761678,36.456861269855935,-154.78514,-27.20106624433444,29.57396650314331,57.58822528901105,3.491962194442749,-145.97868143956592,33.567326068878174,16.792871713638306,146,0.008059501647949219,1470000
-170.52823,6431.022185087204,100,3.983253002166748,-45.10634817992005,40.204491341364246,-169.97755,-28.328633778399762,29.73104429244995,49.966936750296924,3.4965004920959473,-153.69661537585262,33.72270393371582,17.173424243927002,147,0.008209705352783203,1480000
-183.28691,6464.647304534912,100,3.9875717163085938,-47.70590019883941,33.85991832191204,-182.67465,-29.725468242063688,29.626529216766357,19.39499895849279,3.463911294937134,-138.5212770217227,33.623207569122314,16.84359359741211,148,0.008918523788452148,1490000
-154.50621,6498.298415899277,100,4.206786394119263,-40.66466037038387,35.83619101316301,-153.99863,-25.56333140523124,29.431764364242554,44.9378911343632,3.4635205268859863,-143.81502770383415,33.64915108680725,16.894009351730347,149,0.010353565216064453,1500000
-181.79797,6531.970904350281,100,4.766277313232422,-45.7648960078707,36.528745758349764,-181.1984,-28.03603772846075,28.873117685317993,37.53463507103963,3.4169201850891113,-127.6157518652641,33.67053842544556,16.38868474960327,150,0.02983260154724121,1510000
-185.38701,6565.7163054943085,100,5.269503355026245,-48.28795346759197,37.230472881351695,-184.75897,-30.287980591253337,28.465113401412964,41.84590683443626,3.3428566455841064,-141.1641065822755,33.74335479736328,16.077472686767578,151,0.008539915084838867,1520000
-150.88387,6598.713906526566,100,5.497556447982788,-42.00197355260083,34.15873410727703,-150.39044,-27.428215329549744,27.47427988052368,46.54949863472383,3.242865562438965,-169.77767183523602,32.99560022354126,15.373684167861938,152,0.023373126983642578,1530000
-161.19092,6628.354335784912,100,3.948948621749878,-43.266171754821826,33.23492980504067,-160.68335,-27.731201710128115,25.677543878555298,43.463500743088474,2.9515135288238525,-133.9639607960858,29.635451793670654,13.96247124671936,153,0.008741617202758789,1540000
-170.46382,6657.9084548950195,100,3.9222207069396973,-43.68863326495465,31.78972100858086,-169.92812,-27.292089098125093,25.621298789978027,32.12127910686764,2.9449973106384277,-131.31024055389878,29.55177068710327,13.97849702835083,154,0.007985591888427734,1550000
-154.95375,6687.525635004044,100,3.9451193809509277,-39.406674166699624,38.09420344165209,-154.4765,-24.54651475176111,25.661810398101807,59.234620300771695,2.953540802001953,-147.3601248599341,29.61499047279358,13.935247421264648,155,0.0078582763671875,1560000
-165.25803,6717.081610441208,100,3.927898645401001,-42.988525143267516,36.836223796513146,-164.75499,-27.199148532316645,25.61779284477234,45.375053847141,2.942986249923706,-130.7355422914701,29.553866147994995,13.974519491195679,156,0.00794363021850586,1570000
-158.78998,6747.854971647263,100,4.776928901672363,-41.44518232520863,40.626726240837826,-158.31174,-26.32191262016153,25.98629331588745,90.34143189540939,3.007668972015381,-130.1752988424575,30.77112340927124,14.212668657302856,157,0.0076749324798583984,1580000
-176.39494,6783.563535690308,100,4.856655836105347,-44.21322385251131,33.81719771374,-175.8568,-27.44776450344311,30.839043378829956,27.838237038498274,3.665231943130493,-135.14131934019636,35.70623803138733,17.428962469100952,158,0.010269403457641602,1590000
-170.62318,6818.3291211128235,100,4.793914318084717,-43.38692812861717,30.63538850527599,-170.09688,-27.227028311472036,29.95929479598999,19.803835784718213,3.5699081420898438,-156.94083763383674,34.7630717754364,16.952760696411133,159,0.009619951248168945,1600000
-148.16103,6847.933296442032,100,3.907407760620117,-37.37458828719679,33.65113242574545,-147.72012,-23.382392951681336,25.68653893470764,57.494062796686194,2.9525604248046875,-131.1168636004167,29.60205054283142,13.973888635635376,160,0.007891416549682617,1610000
-157.57428,6877.393542051315,100,3.906536102294922,-40.98509437774757,34.161104699801,-157.11887,-26.161553746775716,25.543591499328613,58.27053724126739,2.9408185482025146,-113.97134989132157,29.458250999450684,13.90398120880127,161,0.00792837142944336,1620000
-169.25723,6906.991655349731,100,3.9108500480651855,-44.4900910044102,39.26622673536381,-168.76427,-28.619063221923643,25.676074028015137,29.298404774306466,2.955181837081909,-167.1202834034234,29.596052885055542,13.936759233474731,162,0.008900880813598633,1630000
-158.12964,6936.414347887039,100,3.903931140899658,-41.67452916698904,40.56814838490196,-157.67154,-26.892497709521987,25.507302284240723,68.37251122113042,2.9467341899871826,-142.4764239140857,29.420414447784424,13.919472455978394,163,0.008951902389526367,1640000
-161.7309,6965.955330848694,100,3.9199540615081787,-43.01880704915549,36.93519626132164,-161.26694,-27.94915094216833,25.610199451446533,48.935834802253545,2.956692695617676,-135.34429522003003,29.53873348236084,13.963688611984253,164,0.008356094360351562,1650000
-158.85255,7002.841438293457,100,6.460500001907349,-40.93176787020466,33.10646845613293,-158.401,-26.159483725429478,30.40972375869751,40.461266584723504,3.603635311126709,-122.01336542329365,36.88393306732178,17.325281143188477,165,0.013468027114868164,1660000
-175.97305,7052.024527311325,100,6.210980415344238,-45.969667230048806,40.23764713337694,-175.46437,-29.659810189221712,42.95438003540039,33.92425950120322,5.408091306686401,-160.9249539065269,49.17830848693848,26.230917930603027,166,0.012512922286987305,1670000
-170.50034,7101.230313062668,100,6.2415149211883545,-44.226691140831,35.67788196924428,-170.0009,-28.468626703814724,42.94977259635925,41.10378970004513,5.381925582885742,-150.25283314550137,49.20127487182617,26.237456560134888,167,0.009721517562866211,1680000
-183.13635,7150.485282659531,100,6.103886365890503,-44.57055584632313,37.05830058360251,-182.58958,-27.6679005625992,43.13818383216858,32.245213133512735,5.409918546676636,-136.56116060751182,49.25273013114929,26.34269142150879,168,0.010316848754882812,1690000
-198.18367,7199.624716758728,100,6.207639932632446,-48.60354828499553,36.26616384681495,-197.56786,-30.373745931789067,42.91849327087402,39.63530046351975,5.366865158081055,-132.5562556703012,49.135021686553955,26.226060152053833,169,0.008395671844482422,1700000
-166.89156,7248.582035541534,100,6.133702993392944,-42.6992726030184,34.491735608532046,-166.37943,-27.41413241345521,42.807594776153564,22.2597930867588,5.359171152114868,-159.87597941835017,48.9543662071228,26.14362096786499,170,0.012778282165527344,1710000
-195.36806,7295.070389032364,100,5.710758209228516,-47.658926383947644,38.13585818943484,-194.76538,-29.799265447356138,40.76520586013794,46.00985106138323,5.065941095352173,-135.04979399575208,46.48495554924011,24.84658169746399,171,0.008704900741577148,1720000
-142.90889,7325.352943658829,100,3.8824923038482666,-36.94994856681474,27.117574370689184,-142.49031,-23.94562701656416,26.386841773986816,22.915361731738155,3.0690813064575195,-117.19667149407313,30.278399229049683,14.441404581069946,172,0.00875234603881836,1730000
-177.68835,7355.0207006931305,100,3.890540599822998,-43.655407867632704,33.80587623855934,-177.18114,-27.5107551159234,25.766406297683716,35.885175832274584,2.9750452041625977,-133.11516055118125,29.66567373275757,14.031267642974854,173,0.008506059646606445,1740000
-147.47066,7386.247414827347,100,4.751214981079102,-37.3428561544043,31.57673772001836,-147.06396,-23.993630049797233,26.464316844940186,47.18666905242712,3.0695607662200928,-106.86733174997931,31.22442364692688,14.535241603851318,174,0.008640766143798828,1750000
-184.01079,7417.5164959430695,100,4.106218338012695,-44.77663857688757,38.27137671208216,-183.49933,-28.14841279788542,27.152386903762817,46.742650050357575,3.188652753829956,-132.2668333314913,31.26684594154358,14.968491554260254,175,0.00803065299987793,1760000
-135.87315,7452.431418657303,100,5.45633602142334,-34.31159579064571,36.61197793342491,-135.51051,-22.079155820508994,29.445347785949707,45.52011727675222,3.4618217945098877,-127.23563331808404,34.91283845901489,16.45678186416626,176,0.010924339294433594,1770000
-203.87978,7486.620805740356,100,5.16704797744751,-47.682563918992294,32.84668307285693,-203.31474,-29.341787239873995,29.008630990982056,16.308520509672462,3.4383718967437744,-143.22582810163516,34.18627977371216,16.300069570541382,177,0.01032567024230957,1780000
-191.35211,7520.244757413864,100,4.429584741592407,-45.99813054931846,39.59843584742792,-190.79146,-28.84872248698222,29.182732582092285,43.05905052254183,3.4728243350982666,-147.54453083291392,33.62106013298035,16.408195972442627,178,0.00852513313293457,1790000
-197.44751,7553.325531005859,100,4.423604726791382,-46.79224546566996,36.931408695704164,-196.85323,-29.14450341550179,28.646623849868774,25.488505669540334,3.4054298400878906,-142.80921075133446,33.078553199768066,16.052777767181396,179,0.008112430572509766,1800000
-214.21326,7586.626866340637,100,4.3701677322387695,-50.85861072757105,40.771014626825156,-213.543,-31.774982694918364,28.920362949371338,46.034064604683124,3.4337635040283203,-162.63785816054047,33.299025774002075,16.195168018341064,180,0.008259773254394531,1810000
-201.3487,7635.210251331329,100,6.136256456375122,-48.79392798799845,36.73900307735751,-200.7099,-30.925781800460108,42.43210172653198,30.638882731400944,5.177222728729248,-175.04583516032366,48.58111095428467,25.388582468032837,181,0.01250767707824707,1820000
-172.29869,7682.507554769516,100,6.178648471832275,-44.45615488578355,36.60358860209514,-171.77432,-29.240198976617815,41.10612154006958,37.34483260875463,5.12503719329834,-154.73477838696218,47.294878005981445,24.981958389282227,182,0.009661674499511719,1830000
-185.6016,7732.387873411179,100,5.726114511489868,-43.57933725172579,34.64638768885582,-185.0544,-27.194939923101483,44.14347290992737,32.18410311303487,5.314846038818359,-146.715148784807,49.87803030014038,27.447259426116943,183,0.008210182189941406,1840000
-172.09705,7775.859842777252,100,6.253614902496338,-44.66614688331099,37.54902268879082,-171.60469,-29.561440182589777,37.205480337142944,40.48444537202927,4.519378662109375,-162.31818672043363,43.4696204662323,21.636608123779297,184,0.010300397872924805,1850000
-154.36937,7827.427091121674,100,6.128103733062744,-37.83573213900186,38.79833019869193,-153.95209,-24.302087393605838,45.42691993713379,65.58284245840504,5.602108716964722,-140.50155677145713,51.56498980522156,27.388338804244995,185,0.009760141372680664,1860000
-186.04251,7864.6879625320435,100,4.713191270828247,-43.63488872360349,39.00068310166251,-185.54185,-27.35024180050665,32.52657651901245,38.25003340662954,3.8820650577545166,-184.53593577138125,37.25855541229248,18.665908098220825,186,0.018413066864013672,1870000
-180.18112,7898.238409280777,100,4.936223745346069,-43.71068360320848,33.533145885960586,-179.69017,-27.997737581962394,28.60219144821167,31.357108644914558,3.387059450149536,-134.16992724073145,33.5483341217041,16.038615942001343,187,0.009692907333374023,1880000
-187.14012,7942.469487905502,100,6.114021301269531,-46.138139654094964,40.53085036319786,-186.62498,-29.871862245396738,38.102476596832275,36.36585055137933,4.7396087646484375,-144.44990619615004,44.22871136665344,22.825500965118408,188,0.011983156204223633,1890000
-219.1242,7989.534518957138,100,5.998430013656616,-52.168252041236954,34.86371324076089,-218.4887,-33.16003488580421,41.051016330718994,27.994065861443417,5.1502931118011475,-144.10006280413884,47.062793016433716,24.937608003616333,189,0.013031482696533203,1900000
-165.27151,8039.9138107299805,100,6.624224424362183,-40.62690345827911,37.60102602204096,-164.80226,-26.34485804287474,43.73888659477234,33.59689854962423,5.46887731552124,-132.70873815665354,50.37597060203552,26.63244080543518,190,0.012564659118652344,1910000
-199.11156,8087.611133575439,100,6.001254558563232,-46.87101733871668,39.598474086593555,-198.55165,-29.693072611601636,41.68337440490723,44.50513891396451,5.198403835296631,-143.9312481255561,47.69354009628296,25.324069023132324,191,0.008636474609375,1920000
-176.52728,8134.8030116558075,100,6.052818298339844,-41.796715647017415,34.57471363030748,-176.03754,-26.613577852090575,41.125643253326416,48.525748759322255,5.143151521682739,-123.64183710762914,47.18886208534241,24.940552234649658,192,0.010150909423828125,1930000
-204.35005,8182.5767567157745,100,6.0216076374053955,-46.81465668969746,33.19782851317947,-203.77715,-29.272995776079252,41.73650646209717,18.339989687614025,5.242939710617065,-141.94722753203962,47.77110457420349,25.28795337677002,193,0.012726068496704102,1940000
-202.30844,8230.05982875824,100,6.047840595245361,-45.9344351472901,39.825214322857065,-201.72913,-28.614887767310723,41.4234516620636,43.04501906016006,5.209744453430176,-154.5479674068507,47.47985100746155,25.12496256828308,194,0.008198261260986328,1950000
-193.66925,8276.891770601273,100,6.035456895828247,-46.228182591955694,40.04438353212019,-193.11649,-29.71990623292577,40.7820405960083,46.210167022849234,4.944049835205078,-148.71995923666657,46.82931685447693,24.02484440803528,195,0.011547327041625977,1960000
-153.83493,8317.15051317215,100,5.091880559921265,-37.605592262796264,37.3280978854447,-153.42336,-24.538104189020164,35.155455589294434,33.6810837849022,4.218108892440796,-128.02012952576214,40.256458044052124,20.227294921875,196,0.008795022964477539,1970000
-177.65742,8353.285838365555,100,5.078962802886963,-41.61937856253137,37.57798085264441,-177.20041,-26.549232987111505,31.0445556640625,67.45096380201734,3.7173705101013184,-133.17952536004313,36.13288998603821,17.556835412979126,197,0.009130239486694336,1980000
-180.76205,8389.511166334152,100,5.046023845672607,-42.27086178639175,37.40892168086019,-180.29799,-26.97717548017821,31.16832947731018,44.16759953851135,3.743760585784912,-187.51151670213605,36.22318720817566,17.627164125442505,198,0.008580684661865234,1990000
-235.5118,8425.608101844788,100,5.064749479293823,-52.98924537304563,39.98700505507366,-234.86073,-33.09929447863534,31.020201683044434,50.796466841651686,3.7042412757873535,-149.58917409658596,36.093708992004395,17.54884934425354,199,0.00843048095703125,2000000
-180.42995,8461.651397228241,100,5.060551881790161,-42.26272700077012,36.6533648814235,-179.92798,-27.085503610356742,30.97184419631958,47.320004777334724,3.708829641342163,-145.46782812379325,36.04105257987976,17.552637338638306,200,0.008396148681640625,2010000
-197.63867,8497.781275510788,100,5.233593225479126,-44.662689003985534,38.652234681353825,-197.09772,-28.06790018800547,30.885777235031128,50.454865262975105,3.7148218154907227,-147.73455668006167,36.12765097618103,17.498255014419556,201,0.007942914962768555,2020000
-201.00432,8541.677054166794,100,6.088825702667236,-48.916983940289214,37.49188936943492,-200.45132,-32.12219865568907,37.788166999816895,21.31031651029028,4.523215293884277,-174.16636481063568,43.892906188964844,22.14756965637207,202,0.01558828353881836,2030000
-200.235,8582.465021133423,100,5.436472654342651,-46.07530510573902,34.69745758765313,-199.6831,-29.365344066176803,35.34037637710571,33.216649105575975,4.225138187408447,-150.43775640250718,40.78524351119995,20.386718034744263,203,0.00796651840209961,2040000
-223.10403,8625.957814216614,100,5.130680084228516,-46.63013888568798,39.068396415820914,-222.47238,-28.018356834007797,38.3502459526062,27.34811015895128,4.600811004638672,-195.89828274100844,43.49046850204468,22.626404285430908,204,0.009283304214477539,2050000
-171.5929,8669.741790771484,100,5.627504825592041,-40.45317701691048,39.235510169400904,-171.12428,-26.224896006707617,38.14421987533569,57.300401454639385,4.559805393218994,-164.14257426076688,43.781718730926514,22.160078287124634,205,0.009717702865600586,2060000
-215.03792,8708.767258644104,100,5.084731101989746,-47.49537256567954,37.57068989445331,-214.45366,-29.68286150201971,33.9287850856781,33.94558974630105,4.031590461730957,-131.17777729745657,39.02315354347229,19.489187717437744,206,0.009426355361938477,2070000
-148.62758,8752.029355049133,100,5.347212076187134,-35.65806113763458,36.78382316035199,-148.24782,-23.40801249931488,37.9020631313324,42.33480221170647,4.584232807159424,-141.3314567492522,43.25997805595398,22.25979495048523,207,0.010489225387573242,2080000
-185.17465,8802.55851650238,100,6.628511905670166,-41.7295331857706,31.252180686124824,-184.7201,-26.478132094918564,43.87743854522705,22.654888985551793,5.20220422744751,-131.21598880143316,50.52652978897095,25.972713232040405,208,0.020053625106811523,2090000
-230.9028,8847.458429813385,100,4.749552488327026,-50.8547588939938,35.253673552700384,-230.29797,-31.875817272912045,40.13848280906677,30.925783767712588,4.766479015350342,-156.4529516465092,44.89709734916687,23.663620710372925,209,0.008694887161254883,2100000
-219.38545,8888.222342967987,100,5.532988548278809,-49.90360765360583,39.48338796727657,-218.78079,-31.938405905095447,35.21726179122925,61.61202339373159,4.154570817947388,-139.99175162520325,40.76183819770813,20.25136971473694,210,0.011387348175048828,2110000
-181.78398,8929.915141105652,100,5.0811097621917725,-39.57757518131277,36.839679239014174,-181.29707,-24.714808270757473,36.59873962402344,41.59869153604547,4.366652011871338,-170.75771889758164,41.690699100494385,21.262391805648804,211,0.010476112365722656,2120000
-202.45244,8972.664820432663,100,5.390438079833984,-44.96238923837914,37.1777673784783,-201.92078,-28.46352652171307,37.34639859199524,44.11581394071297,4.421056032180786,-139.03680438614595,42.746103048324585,21.73637056350708,212,0.00900125503540039,2130000
-198.52206,9017.646434783936,100,5.257425785064697,-44.45446683262631,37.31668150259279,-198.00275,-28.322426032822865,39.71182107925415,57.02769877377581,4.711329221725464,-170.70736067908,44.97933387756348,23.26125407218933,213,0.009841203689575195,2140000
-179.95209,9056.974336385727,100,5.109027147293091,-41.22758015677278,33.17615005310791,-179.4961,-26.6525794919899,34.208186864852905,26.785844345848826,4.071964979171753,-126.52779659517743,39.325732469558716,19.73723316192627,214,0.008232355117797852,2150000
-226.50073,9097.172180652618,100,4.74106240272522,-50.33331702388799,41.25796049580266,-225.9115,-32.02108727412981,35.44482207298279,17.8184802317857,4.220312595367432,-171.7891057740679,40.19528555870056,20.487366676330566,215,0.009051799774169922,2160000
-220.53413,9136.897920370102,100,4.59459114074707,-47.906400046387844,38.205545009798314,-219.93857,-30.114752175676266,35.118067264556885,53.838736505426084,4.195896863937378,-151.73299975858006,39.7224223613739,20.205734968185425,216,0.009500503540039062,2170000
-238.9107,9175.715202093124,100,4.846443176269531,-51.112319008403674,35.51290401387021,-238.24178,-31.88545340750068,33.95916986465454,33.88527045665601,4.027043342590332,-155.88742517668567,38.815019607543945,19.50242257118225,217,0.009111642837524414,2180000
-197.86797,9219.034359931946,100,5.363955736160278,-43.58091163912981,35.61845629335463,-197.32396,-27.71495305116705,37.94500255584717,51.655956788150355,4.544781684875488,-113.01407726093008,43.31697154045105,22.142171382904053,218,0.007752418518066406,2190000
-238.59755,9257.020965337753,100,4.750942707061768,-52.32231215347591,37.39667538737095,-237.93648,-33.242335223684655,33.225218534469604,43.19602526477946,3.926765203475952,-180.1475518496527,37.98433780670166,18.93651247024536,219,0.007863044738769531,2200000
-202.98709,9291.653543949127,100,4.615899324417114,-43.83159377523621,36.998502978071855,-202.43204,-27.637855192352287,30.004215002059937,55.74647711928346,3.5417208671569824,-130.11566220236668,34.63050651550293,16.797470808029175,220,0.010187625885009766,2210000
-202.62337,9326.172644138336,100,4.61130690574646,-45.212188637907495,40.10102553603507,-202.08824,-29.106589262247585,29.897786140441895,41.86710210464847,3.524441957473755,-156.6976011833767,34.51700258255005,16.63077998161316,221,0.0077056884765625,2220000
-204.24986,9360.675127029419,100,4.604763507843018,-42.77421512582565,34.55014154904696,-203.72173,-26.553931599665574,29.885284185409546,37.990680671013614,3.50717830657959,-145.1327567483922,34.5003342628479,16.67321276664734,222,0.010035037994384766,2230000
-219.99597,9395.073127269745,100,4.612280368804932,-44.60781069140392,35.76043438888399,-219.4239,-27.16877436447992,29.77392864227295,23.840196618620915,3.5140459537506104,-143.83703654327996,34.39547824859619,16.62939739227295,223,0.00885009765625,2240000
-190.38513,9429.573892116547,100,4.621158123016357,-41.69164674106774,35.268252255650545,-189.90231,-26.671387288418686,29.868144989013672,35.89003086483575,3.5231120586395264,-162.35371019862623,34.49859142303467,16.65673542022705,224,0.009077310562133789,2250000
-254.74503,9464.273407459259,100,4.648065805435181,-53.703048448244374,40.34858940395932,-254.07169,-33.63776474404729,30.040693998336792,18.70508758669497,3.543196678161621,-167.92354005615687,34.69675087928772,16.776988744735718,225,0.007776021957397461,2260000
-233.43251,9498.718039512634,100,4.592946290969849,-50.323871816080285,34.149856693881986,-232.79231,-32.00118488326614,29.841575860977173,18.809350861619127,3.5076143741607666,-134.5942215455092,34.442524671554565,16.655274629592896,226,0.0077610015869140625,2270000
-189.73764,9534.79250073433,100,5.1592371463775635,-41.45201879729623,36.637737505955855,-189.23999,-26.6040859004402,30.902344942092896,38.0977215301671,3.658515214920044,-145.17122338000743,36.071818113327026,17.411344528198242,227,0.00999903678894043,2280000
-208.31352,9580.150000333786,100,4.889201402664185,-44.51050455142191,32.06044843454064,-207.78668,-28.241112942564172,40.45578908920288,26.63004397674444,4.8037848472595215,-117.61488818050918,45.35525059700012,23.659576177597046,228,0.009852886199951172,2290000
-220.17044,9622.48825955391,100,6.095664024353027,-46.539363959769034,35.57875319226435,-219.61197,-29.38418498167511,36.22554564476013,33.304995164657846,4.354164361953735,-150.98716751517216,42.33582091331482,21.049987316131592,229,0.014375686645507812,2300000
-205.14917,9661.232765436172,100,4.7411651611328125,-42.92831377359,37.04615673871807,-204.63426,-26.97997588412263,33.99022698402405,26.22691750449235,4.040107488632202,-136.67247846667163,38.74171423912048,19.621574640274048,230,0.010084152221679688,2310000
-239.25482,9704.364586353302,100,4.952599763870239,-51.86865385499962,36.305367849020705,-238.6407,-33.33569217727937,38.16806769371033,36.16670355364858,4.5386457443237305,-144.54868774215768,43.12859106063843,22.172730445861816,231,0.007660627365112305,2320000
-201.53839,9745.784231185913,100,4.907810926437378,-44.179366720229126,39.155347337170994,-201.02718,-28.614518403685498,36.49714136123657,77.27568083436755,4.367051601409912,-120.721402127106,41.416632652282715,21.17594003677368,232,0.011146306991577148,2330000
-245.31924,9795.686642169952,100,5.204457521438599,-51.41033572916854,35.84461349148488,-244.68604,-32.490475769828166,44.68540620803833,44.86700503925335,5.306373834609985,-135.57034783496164,49.89930820465088,26.508869171142578,233,0.009170055389404297,2340000
-224.92775,9843.685709476471,100,6.406622886657715,-46.840048733818314,38.732083002513114,-224.33995,-29.53589496640799,41.57560658454895,19.524289477091422,4.97747015953064,-146.24702034259332,47.99645924568176,24.27418613433838,234,0.01387929916381836,2350000
-201.33777,9887.193009376526,100,5.443269968032837,-41.85930245771511,32.22355001153205,-200.82991,-26.40938631099786,38.05221128463745,31.93578437362597,4.475017786026001,-134.68311727285285,43.50385880470276,21.77199387550354,235,0.0081024169921875,2360000
-241.96794,9928.909158468246,100,5.54661226272583,-49.152333618639766,33.71101059855248,-241.3523,-30.621356964641365,36.15823483467102,58.170373682920975,4.272784471511841,-134.71944765252283,41.71400499343872,20.80097723007202,236,0.008896589279174805,2370000
-228.0119,9978.827788591385,100,4.779816627502441,-47.5768499653168,39.77928538310576,-227.42459,-30.174066966132237,45.127227783203125,73.02556804604929,5.340702772140503,-158.04006806245715,49.91534447669983,26.49347233772278,237,0.008051156997680664,2380000
-264.77866,10020.848459482193,100,4.714927673339844,-54.56770395317214,43.237701054635245,-264.07132,-34.40730109445555,37.294121742248535,81.40408314572531,4.425780773162842,-168.59189475575744,42.01797699928284,21.523741245269775,238,0.008658170700073242,2390000
-213.97864,10057.419026613235,100,4.827816963195801,-45.659791737870925,35.43635046553193,-213.41524,-29.426923768758527,31.732137441635132,37.66308203350635,3.734964609146118,-133.27366028852038,36.56847167015076,17.923461437225342,239,0.008313894271850586,2400000
-214.69092,10102.037790298462,100,5.392293930053711,-44.55757671702369,43.14228660533226,-214.14873,-28.300150519728206,39.2138409614563,48.439445112202954,4.606946229934692,-154.74515036745498,44.61656641960144,22.67615294456482,240,0.010198116302490234,2410000
-240.14001,10145.01989865303,100,5.267949104309082,-51.66189609176571,38.838714729551,-239.53244,-33.54357993307735,37.69844889640808,47.88108750931485,4.550521373748779,-158.34125502434827,42.97436165809631,22.02987813949585,241,0.007697582244873047,2420000
-244.19463,10191.613815307617,100,6.048732280731201,-48.25317530554884,41.23325164737582,-243.56502,-29.834320721004964,40.53244137763977,34.77378307545363,4.832646131515503,-210.58118685482498,46.59072756767273,23.726589679718018,242,0.009277820587158203,2430000
-236.1854,10234.295198202133,100,4.800408124923706,-48.23883715344263,33.365449105342044,-235.57524,-30.487877413864734,37.86145281791687,28.71994349943561,4.535332918167114,-126.4446914194623,42.67871689796448,22.09238314628601,243,0.016298532485961914,2440000
-229.14415,10276.498809099197,100,4.515780687332153,-46.45322762200314,38.78418378818754,-228.56017,-29.272311771171204,37.67547369003296,19.484161773053934,4.5056068897247314,-168.6066443249915,42.201175689697266,21.99065613746643,244,0.009481668472290039,2450000
-221.99634,10321.367247104645,100,6.003027439117432,-45.02302225692058,37.0953246198443,-221.44325,-28.420856784289935,38.85281801223755,22.198971102129246,4.630356311798096,-166.71733991685815,44.86638593673706,22.57936191558838,245,0.010255098342895508,2460000
-226.92569,10365.642689704895,100,5.94746208190918,-47.52143891391383,30.793242856429153,-226.3687,-30.609174336105017,38.30959725379944,46.68359460561426,4.578670263290405,-117.93178899912107,44.271353244781494,22.45739459991455,246,0.013869285583496094,2470000
-219.5075,10407.577528715134,100,5.931621789932251,-45.41804836852865,43.58685650506752,-218.97728,-29.093363925504526,35.98759055137634,57.05691736167692,4.258180379867554,-164.6970567518806,41.93101096153259,20.690578937530518,247,0.011373758316040039,2480000
-253.29785,10446.37412905693,100,4.979172229766846,-49.948395337205994,31.796537753092085,-252.67276,-31.13421040386743,33.80355978012085,43.36199434024962,4.01603889465332,-128.51451477049417,38.7941312789917,19.40758728981018,248,0.010825157165527344,2490000
-260.6119,10489.495146989822,100,6.0898168087005615,-52.63378317506133,40.57370868510889,-259.94373,-33.33905060483732,37.020873069763184,40.29688090802927,4.3666675090789795,-182.84407439046888,43.118584871292114,21.310052633285522,249,0.007607460021972656,2500000
-233.08566,10532.178495168686,100,4.740843296051025,-46.572643922808204,36.42304848761263,-232.49142,-29.356418293389055,37.930431842803955,42.29635625732163,4.525157690048218,-140.38911977786847,42.67921781539917,22.027624368667603,250,0.007693767547607422,2510000
-230.47421,10571.286884784698,100,6.032074689865112,-47.10989397957058,40.09424713160961,-229.90106,-30.14079039372264,33.045838594436646,39.07799103749966,3.925025701522827,-168.0937594770387,39.10570788383484,18.784894943237305,251,0.02743053436279297,2520000
-217.8438,10614.511214017868,100,5.636322021484375,-44.255463894455254,38.59507197672943,-217.31927,-28.25300935063001,37.57526779174805,80.96957360461649,4.493805408477783,-129.12784188582057,43.22188425064087,21.95736265182495,252,0.009942770004272461,2530000
-246.15356,10652.989877700806,100,4.777633190155029,-48.250954513492395,32.81401624459362,-245.55962,-30.19591349394722,33.68244552612305,20.316711327883606,3.9943087100982666,-159.61035144973448,38.47601580619812,19.22764539718628,253,0.015712261199951172,2540000
-208.4686,10692.599092960358,100,4.749319314956665,-45.16348287572744,34.444233235974195,-207.97813,-29.95280412537199,34.84882593154907,77.53452354738248,4.157411098480225,-131.71245901128052,39.60694432258606,20.091343879699707,254,0.008589029312133789,2550000
-229.93253,10729.297501802444,100,3.9180283546447754,-45.56208961773993,38.24369767477137,-229.4004,-28.782449261974012,32.7700834274292,38.32812479896681,3.924409866333008,-158.271831926742,36.69625377655029,18.731999158859253,255,0.007930517196655273,2560000
-226.59071,10758.938046455383,100,3.752544403076172,-44.82514363656316,37.692255049833896,-226.06737,-28.32793696275965,25.876622915267944,44.78817349051036,3.0098345279693604,-173.84142284939512,29.638108015060425,14.122901439666748,256,0.008706331253051758,2570000
-256.8489,10788.561895370483,100,3.74889874458313,-49.997492438825546,40.70364562164309,-256.23853,-31.334527631326583,25.863763570785522,32.17603318579857,3.0137152671813965,-153.8292874444634,29.62162971496582,14.119490385055542,257,0.008717775344848633,2580000
-281.23172,10818.137489080429,100,3.7411935329437256,-55.43577061507348,37.67014331970481,-280.5242,-35.06109199101068,25.82371973991394,17.435950233115154,3.0008280277252197,-145.33277423792788,29.573244094848633,14.118626832962036,258,0.008129358291625977,2590000
-218.31752,10847.695704936981,100,3.7407829761505127,-45.729560367440406,36.9561256475939,-217.77977,-29.980700949291148,25.80691170692444,48.81975585027992,2.9951553344726562,-176.8613765686386,29.55598759651184,14.094948291778564,259,0.008060932159423828,2600000
-247.542,10878.062096118927,100,3.7660269737243652,-46.71718319468844,44.31422287190083,-246.94487,-28.8530308958007,26.589544534683228,38.3277461588963,3.1123852729797363,-204.46275258355897,30.36411690711975,14.675629377365112,260,0.008273839950561523,2610000
-271.4941,10907.463511943817,100,3.750969648361206,-54.86336998573543,39.42029404689672,-270.82074,-35.355989852619615,25.639580726623535,28.50829627241998,2.97383451461792,-172.25022172278958,29.3992018699646,13.97086501121521,261,0.008449077606201172,2620000
-241.27945,10936.908787488937,100,3.7663815021514893,-49.39144395278011,40.961758760603516,-240.68333,-32.105370277224296,25.66813898086548,59.02659991603359,2.966524839401245,-153.93560446644756,29.443006992340088,13.962792873382568,262,0.008213043212890625,2630000
-276.18167,10966.358256578445,100,3.7259469032287598,-51.081740056795454,39.71147268316552,-275.49005,-31.29139517434594,25.711775064468384,45.075866854951755,2.969679117202759,-178.8429839911148,29.446694374084473,13.976152658462524,263,0.008720874786376953,2640000
-291.33768,10995.800460100174,100,3.7486374378204346,-55.37769571739835,40.64962470781092,-290.57925,-34.57199367479766,25.68319535255432,39.75475057413217,2.9681396484375,-150.06326714393444,29.440147876739502,13.983206748962402,264,0.008097171783447266,2650000
-270.859,11025.208137750626,100,3.7374868392944336,-50.85640644060609,41.80539770386427,-270.14838,-31.55872300276059,25.659881591796875,41.07049617476001,2.9662282466888428,-141.1375567723964,29.40546178817749,13.98450255393982,265,0.007884025573730469,2660000
-196.76941,11054.596801996231,100,3.7357847690582275,-40.236848567845584,38.4809979163679,-196.29355,-26.286172513317446,25.64075517654419,57.47841463883408,2.9645743370056152,-122.68520126350843,29.38644576072693,13.94285535812378,266,0.009676456451416016,2670000
-263.16232,11084.082675457,100,3.7759928703308105,-52.24004420094355,37.85523032893319,-262.54257,-33.61170388839731,25.6995952129364,19.051398462669006,2.9709994792938232,-176.99294139507805,29.483715295791626,14.013941287994385,267,0.00791788101196289,2680000
-268.75073,11113.592428922653,100,3.7657787799835205,-49.97196721450953,39.814344973789375,-268.1013,-30.96120653127386,25.73325538635254,55.778794309853154,2.971111536026001,-161.76076058488948,29.507307767868042,13.998054265975952,268,0.008054018020629883,2690000
-234.56195,11143.0074737072,100,3.742502212524414,-44.280049006277096,33.595928253842466,-234.00552,-27.7343739422412,25.662240743637085,31.689762586276103,2.961948871612549,-122.35418461672054,29.412912368774414,13.979227304458618,269,0.00794219970703125,2700000
-245.60623,11172.474114656448,100,3.74594783782959,-46.759624587411764,33.29072625223346,-245.03613,-29.480713255614063,25.70946979522705,17.186836685052736,2.980825901031494,-145.04976289720702,29.46429705619812,14.013099670410156,270,0.00866389274597168,2710000
-241.36835,11201.924434185028,100,3.78129506111145,-45.70208910470809,34.58220386406912,-240.81519,-28.75854056532296,25.6583309173584,50.62882634254558,2.9673259258270264,-138.61257980636833,29.448054313659668,14.009421348571777,271,0.008208751678466797,2720000
-205.93701,11231.401530504227,100,3.7308943271636963,-40.70934566425826,40.134620848434594,-205.48805,-26.302398951069584,25.735734701156616,77.34873457457923,2.973257064819336,-127.18823086329385,29.47477674484253,13.98209261894226,272,0.007921695709228516,2730000
-267.91507,11260.836044311523,100,3.74090576171875,-52.34852718494329,42.64567066347339,-267.32278,-33.642431367324036,25.68330979347229,54.60589459728667,2.9678587913513184,-174.3291759233351,29.432472229003906,13.977769613265991,273,0.008046150207519531,2740000
-235.51566,11290.165088891983,100,3.7630443572998047,-43.85760963319637,35.497504762426296,-234.99043,-27.42954349251771,25.555606842041016,41.013766926319036,2.959780693054199,-143.02703834258557,29.326818466186523,13.897371053695679,274,0.007965326309204102,2750000
-223.27515,11319.531334877014,100,3.7382407188415527,-43.705635059955995,36.17079746550859,-222.79175,-28.1877688238776,25.617432355880737,30.20564587521163,2.96698260307312,-149.45832516414023,29.363842010498047,13.960736274719238,275,0.007958412170410156,2760000
-292.6604,11348.923132896423,100,3.755856513977051,-56.04061719111974,38.52318916611675,-291.99606,-35.73482925099418,25.624884366989136,23.63648457824917,2.969600200653076,-197.7233812248195,29.38954257965088,13.98581600189209,276,0.008586883544921875,2770000
-258.45767,11378.296583652496,100,3.745309352874756,-47.437828552670226,41.52208141716901,-257.85394,-29.52820078605238,25.61773681640625,30.10458410508472,2.96828293800354,-177.36493570136543,29.371171236038208,13.966215133666992,277,0.007878303527832031,2780000
-282.5857,11407.660722494125,100,3.7329187393188477,-53.1342855455419,37.572216868051264,-281.9129,-33.613246897701416,25.620823860168457,64.23464368497879,2.961699962615967,-129.4981530984914,29.361997842788696,13.961369037628174,278,0.008045673370361328,2790000
-259.04395,11437.008391618729,100,3.737062931060791,-47.96156240656571,36.69329218174657,-258.4278,-30.10268520057936,25.599764585494995,37.199672865551825,2.961758852005005,-156.09168600485043,29.345399856567383,13.957843542098999,279,0.008351325988769531,2800000
-245.56535,11466.48843383789,100,3.7885806560516357,-46.50540194656736,36.10322827006105,-244.99792,-29.626382363437802,25.681073904037476,29.28826710982813,2.9690921306610107,-154.67089422910195,29.477765798568726,14.014662504196167,280,0.007899284362792969,2810000
-240.434,11495.896849393845,100,3.73408842086792,-46.169486919345985,34.47899525584878,-239.89594,-29.687427806326692,25.663370370864868,35.14330464815714,2.960076093673706,-164.4115439159919,29.406248331069946,13.952414989471436,281,0.008557558059692383,2820000
-266.601,11525.338769435883,100,3.7611935138702393,-50.808644935344994,34.96555337512166,-266.003,-32.571855591799775,25.669878721237183,44.27213556296381,2.9702565670013428,-122.6382942364589,29.43976378440857,13.98395037651062,282,0.008469820022583008,2830000
-295.24268,11554.793571710587,100,3.783231735229492,-52.84368333509658,38.17151016182988,-294.55203,-32.661233307074106,25.659870862960815,25.215939739307586,2.9676029682159424,-144.45381706660203,29.452580451965332,13.975809574127197,283,0.00926065444946289,2840000
-242.55127,11584.238874673843,100,3.79345440864563,-45.83602983910263,31.971830242058996,-241.99152,-29.31881818251049,25.641250371932983,17.453463645632496,2.9653072357177734,-147.2330303970878,29.442890882492065,13.977368116378784,284,0.007952213287353516,2850000
-252.39973,11613.651883363724,100,3.7263023853302,-47.585358766320105,33.29766498785745,-251.8342,-30.43625483041771,25.675390243530273,23.872269701043393,2.9784252643585205,-128.08174578441432,29.410544395446777,13.967307806015015,285,0.008580446243286133,2860000
-266.97864,11643.131464242935,100,3.821897506713867,-49.00204642768085,38.69200496243269,-266.3801,-30.890687137893366,25.647313594818115,26.136279592647295,2.964857816696167,-173.83139177178074,29.47739005088806,13.926574230194092,286,0.007970333099365234,2870000
-257.1771,11672.607290029526,100,3.7834601402282715,-49.40281828877742,33.86407137350201,-256.6025,-32.01855926784444,25.68173050880432,36.813710730798384,2.9680497646331787,-124.69653221692522,29.473219633102417,13.988409519195557,287,0.007807731628417969,2880000
-250.63419,11702.005059957504,100,3.7796566486358643,-45.606969235127515,35.95874370868185,-250.0831,-28.67782301404207,25.606677770614624,30.949386284393654,2.9580256938934326,-134.77086943553164,29.394862413406372,13.920250415802002,288,0.008289337158203125,2890000
-226.64264,11731.392040252686,100,3.715320348739624,-44.671336367586385,38.51070841193181,-226.16383,-29.43129079455882,25.66140604019165,29.913576382649744,2.9665703773498535,-191.77269580619546,29.384783267974854,13.993364572525024,289,0.00785684585571289,2900000
-253.31966,11760.868057012558,100,3.7521262168884277,-48.16814336409294,41.78078785183929,-252.79057,-31.15248983256262,25.713509798049927,38.55234493377633,2.9633712768554688,-191.20923314440836,29.47381281852722,13.975512742996216,290,0.007892370223999023,2910000
-274.82083,11790.281949520111,100,3.7242889404296875,-52.686113585649906,39.335537470116215,-274.22998,-34.27110010733958,25.678414583206177,40.537243503162074,2.9771649837493896,-184.59723820032053,29.411496877670288,13.978111743927002,291,0.008547067642211914,2920000
-255.1306,11819.669767856598,100,3.7258124351501465,-45.364576730186464,35.47017361048448,-254.57832,-28.27112654103723,25.650931358337402,49.184595608824345,2.9642841815948486,-156.04619911882025,29.385632038116455,13.96296215057373,292,0.008679866790771484,2930000
-298.60822,11849.11262512207,100,3.70922589302063,-53.61093761569551,41.697412596032514,-297.93973,-33.65568595850763,25.72300934791565,35.70344872547187,2.970503330230713,-181.20496552503292,29.440699577331543,13.985412120819092,293,0.008257389068603516,2940000
-266.0018,11878.576927185059,100,3.762568712234497,-48.11049838906276,33.607356927357415,-265.40088,-30.379148077114838,25.691334009170532,23.229973919519278,2.975292205810547,-129.12733354913766,29.46209406852722,13.999123573303223,294,0.007975578308105469,2950000
-282.23376,11908.091462373734,100,3.7515242099761963,-51.440954875858644,38.31785020833518,-281.5954,-32.67545268105139,25.751994371414185,50.77183823029419,2.9710986614227295,-158.7539878630983,29.512073040008545,14.016197443008423,295,0.008296966552734375,2960000
-288.32748,11937.457654476166,100,3.78208589553833,-50.589048742660424,36.50375448825139,-287.66718,-31.443623697197772,25.5711932182312,39.98464738377696,2.9568116664886475,-160.6963133552975,29.362669229507446,13.914101123809814,296,0.008582115173339844,2970000
-277.69202,11967.067458152771,100,3.833306312561035,-50.225943111571006,37.37177901896455,-277.05698,-31.844879407566673,25.756764888763428,24.226082317207037,2.978011131286621,-139.87318217528914,29.599119901657104,14.027013540267944,297,0.008335351943969727,2980000
-287.11398,11997.132541656494,100,4.198319911956787,-51.03363818356826,40.51188249259287,-286.45755,-32.065150405660376,25.840232372283936,33.36795527294185,2.9623563289642334,-158.3573919483404,30.04747223854065,14.022131204605103,298,0.008393526077270508,2990000
-318.48846,12027.396029949188,100,4.563866138458252,-55.176145970633364,35.32016843066905,-317.73773,-34.17078699284699,25.675755500793457,36.73440729065378,2.9712977409362793,-141.73512450111514,30.248360633850098,14.064748525619507,299,0.008361339569091797,3000000
