train-AverageDiscountedReturn,train-EnvExecTime,LossBefore,Time-Optimization,Time-SampleProc,Time-Sampling,Time,train-StdReturn,Itr,n_timesteps,train-MinReturn,train-MaxReturn,ItrTime,train-PolicyExecTime,LossAfter,train-AverageReturn,train-NumTrajs
-27.759797750745665,2.5234456062316895,-1.4195489e-05,0.32399964332580566,0.04599905014038086,16.27992558479309,16.65195393562317,33.27652437839313,0,10000,-118.25933062581022,40.52054153016612,16.65195393562317,13.501710653305054,0.03093517,-42.484200721254794,100
-23.86172354766009,2.6899492740631104,-1.4210456e-05,0.247999906539917,0.028998136520385742,16.925956964492798,33.908907890319824,33.74603215113501,1,20000,-137.89595389617577,47.014881058971795,17.2029550075531,13.974016189575195,0.0040095733,-37.0382860625638,100
-22.16958587788685,2.579012870788574,-1.4268577e-05,0.25299811363220215,0.021001100540161133,16.622954845428467,50.82286214828491,35.16106636352836,2,30000,-111.06290346948964,52.49931946032073,16.89795446395874,13.786975860595703,-0.01198982,-34.335021507717784,100
-22.374070273858027,2.6089634895324707,-1.426755e-05,0.257000207901001,0.02900099754333496,16.652952909469604,67.77481651306152,39.88817090770712,3,40000,-130.27793195482275,46.19950475799191,16.93895411491394,13.786024808883667,-0.015871478,-36.20052248328662,100
-22.759745185697962,2.5851922035217285,-1.4317393e-05,0.25300097465515137,0.02899765968322754,16.75695514678955,84.82676959037781,30.79227384032534,4,50000,-109.8778417406568,41.646783014591605,17.03895378112793,13.884813785552979,-0.014074258,-34.87792333161124,100
-25.120213807505184,2.5600669384002686,-1.436629e-05,0.2729971408843994,0.02199721336364746,16.68495750427246,101.8227231502533,38.29773169921316,5,60000,-171.16152800723822,41.32568122292999,16.981953620910645,13.811933755874634,-0.013320529,-40.22177016975486,100
-18.37955367110215,2.572096586227417,-1.4424552e-05,0.2540016174316406,0.02299785614013672,16.731956243515015,118.8466784954071,24.213786111728123,6,70000,-109.82260716384062,14.7023622671842,17.009955644607544,13.889904975891113,-0.014873597,-28.962109630026557,100
-20.083819788322558,2.63092041015625,-1.4455334e-05,0.25099873542785645,0.019999980926513672,16.750955820083618,135.8816318511963,33.1266571566442,7,80000,-132.14116452903042,25.583647008702055,17.02195453643799,13.861050128936768,-0.014959843,-31.869183409077845,100
-20.233229259153894,2.583305597305298,-1.4435391e-05,0.24699854850769043,0.026997804641723633,16.690147399902344,152.85977745056152,30.787681667880864,8,90000,-119.81982208727216,44.499564722101184,16.965145111083984,13.845414400100708,-0.014921278,-32.09423004670502,100
-18.159545854549947,2.564852237701416,-1.44049645e-05,0.25300097465515137,0.02099776268005371,16.5669584274292,169.7147343158722,32.16674374470991,9,100000,-130.34774207211538,31.95015479847025,16.840957164764404,13.730640411376953,-0.01514774,-27.207891496540064,100
-20.484854038392722,2.560321807861328,-1.4351469e-05,0.2550027370452881,0.030965328216552734,16.76198720932007,186.7766878604889,28.35201357359868,10,110000,-102.72638747084902,35.40073254217692,17.04795527458191,13.947671175003052,-0.014237918,-31.17175924021559,100
-17.68490001663979,2.5985724925994873,-1.4253237e-05,0.252000093460083,0.02096414566040039,16.748444080352783,203.8120939731598,31.068827468729953,11,120000,-111.39082923668083,50.497326872243576,17.022408485412598,13.878321886062622,-0.015486501,-27.330420007658393,100
-17.85904343170391,2.582592725753784,-1.4208055e-05,0.25099968910217285,0.019968509674072266,16.58798837661743,220.68605065345764,30.987126941941543,12,130000,-133.8442601746086,36.64529026931108,16.859956741333008,13.756096839904785,-0.014049896,-28.227179058910842,100
-15.008096692899011,2.5857183933258057,-1.4155447e-05,0.25099992752075195,0.02496790885925293,16.547987461090088,237.5240032672882,24.164575755847498,13,140000,-121.72293134721805,16.556442787293957,16.823955297470093,13.704135656356812,-0.0147341825,-24.968070295287294,100
-14.940341254893935,2.638303279876709,-1.4146455e-05,0.24699974060058594,0.020973920822143555,16.632981061935425,254.43895721435547,25.11914670048419,14,150000,-108.85807606352112,48.448822441294205,16.901954889297485,13.735719203948975,-0.013703323,-23.267305667036684,100
-13.268115304731314,2.6739494800567627,-1.4175102e-05,0.24899983406066895,0.021961450576782227,16.77999186515808,271.50391125679016,26.918301155451864,15,160000,-92.36404728465492,44.28503481269278,17.050953149795532,13.86603045463562,-0.01418215,-20.596610767896642,100
-12.748755779694823,2.5870659351348877,-1.4156668e-05,0.24599933624267578,0.02296733856201172,16.610987663269043,288.3988654613495,23.485837945138666,16,170000,-78.96623344018026,53.13931554014969,16.88095450401306,13.707348585128784,-0.014720993,-19.961153567969106,100
-13.50138025801599,2.6188459396362305,-1.4082231e-05,0.24999713897705078,0.020968198776245117,16.81698989868164,305.50082063674927,26.17433975842026,17,180000,-103.67584181287447,60.207841033776766,17.087955236434937,13.944940090179443,-0.014638098,-21.380708967909214,100
-12.76456463153946,2.6395833492279053,-1.3935721e-05,0.24699926376342773,0.020968198776245117,16.496989250183105,322.27877736091614,28.805839558247673,18,190000,-102.83776902033631,53.88017669239009,16.76495671272278,13.628642797470093,-0.015139887,-20.077706148825293,100
-14.316817903580825,2.6281778812408447,-1.382673e-05,0.24900031089782715,0.02199554443359375,16.713958978652954,339.27873277664185,27.93798099305784,19,200000,-98.37830812174863,42.978085057070075,16.985954999923706,13.834867477416992,-0.015439281,-22.231219843819826,100
-11.677349771052427,2.6024086475372314,-1.3707223e-05,0.2479996681213379,0.021966934204101562,16.829988479614258,356.3936882019043,25.686958353246713,20,210000,-108.01677746549088,31.198981217495383,17.100955724716187,13.968229055404663,-0.015269862,-19.38126060865736,100
-11.662665407952518,2.620436429977417,-1.3609029e-05,0.25699615478515625,0.028969764709472656,16.713990211486816,373.40664410591125,26.866802003386702,21,220000,-105.35065611152446,45.08530325111119,16.999956130981445,13.844940185546875,-0.01540947,-19.487917232457004,100
-11.344805414170251,2.6109185218811035,-1.3508336e-05,0.24999547004699707,0.023967742919921875,16.54098868370056,390.23660016059875,25.02788695386345,22,230000,-107.90592509019812,34.03174053036531,16.816957235336304,13.667749643325806,-0.013822121,-18.655099499546495,100
-10.249512435758355,2.618704319000244,-1.3379611e-05,0.2479991912841797,0.024986982345581055,16.640989065170288,407.1645562648773,23.6865610984629,23,240000,-89.62188146325236,48.78900551137352,16.91495633125305,13.762685298919678,-0.016376482,-15.377237230556592,100
-14.391010855227762,2.560023546218872,-1.3268289e-05,0.24799704551696777,0.025968313217163086,16.64898943901062,424.10051250457764,26.530370032468547,24,250000,-83.05666497975747,34.3876761966233,16.92295479774475,13.81507420539856,-0.01437695,-23.531669815875244,100
-14.275300071499755,2.62748646736145,-1.3140993e-05,0.25299859046936035,0.019999980926513672,16.675957679748535,441.062468290329,31.123125483788094,25,260000,-126.2973213198811,31.32407800423474,16.94895625114441,13.789844512939453,-0.014741901,-20.999016303344504,100
-9.774961797328904,2.5459132194519043,-1.3078248e-05,0.24599981307983398,0.023000478744506836,16.70795702934265,458.05442476272583,27.749688331519028,26,270000,-115.26462584895674,58.59753901623307,16.9789559841156,13.900882482528687,-0.016538879,-16.51816069377379,100
-11.91132425083835,2.617495536804199,-1.2994111e-05,0.24699664115905762,0.029001474380493164,16.757957935333252,475.10137963294983,22.30397226259135,27,280000,-95.47638388076392,36.60954924579649,17.033956050872803,13.8250150680542,-0.016443787,-19.44847196116787,100
-11.367836112290076,2.574852705001831,-1.28978445e-05,0.25099921226501465,0.028998613357543945,16.60295867919922,492.00033593177795,20.84002231471989,28,290000,-91.85369685479368,67.20951433650983,16.88395667076111,13.754676342010498,-0.01522732,-17.885114403908243,100
-11.503264249524715,2.603522777557373,-1.2828048e-05,0.24499964714050293,0.020971059799194336,16.66998529434204,508.95029163360596,22.156648033253813,29,300000,-89.21330599888537,29.278022538448194,16.93595600128174,13.80432415008545,-0.016669478,-19.82606654822884,100
-8.737418756713106,2.6103813648223877,-1.2725145e-05,0.24799799919128418,0.02900099754333496,16.708956718444824,525.9502475261688,26.218464524940646,30,310000,-95.17482869423172,59.51036611887416,16.985955715179443,13.826528310775757,-0.016425272,-14.636930157746171,100
-9.274452688477457,2.6521663665771484,-1.25373235e-05,0.25499725341796875,0.023998022079467773,16.546960592269897,542.7912044525146,24.43277226370012,31,320000,-89.27797018893534,33.67730407033205,16.82695722579956,13.637863397598267,-0.017147591,-14.57699340446751,100
-10.377933824897413,2.591646432876587,-1.2377322e-05,0.257997989654541,0.024001359939575195,16.796956539154053,559.8841600418091,23.121171293961336,32,330000,-84.73801723194421,52.014173015078015,17.079954385757446,13.95926833152771,-0.016151601,-16.180079007465974,100
-6.717828659089751,2.600425958633423,-1.2262925e-05,0.25300049781799316,0.019961118698120117,16.603994607925415,576.7761158943176,22.54825418895324,33,340000,-70.23454339366796,43.784228233830035,16.87795639038086,13.72235894203186,-0.014258721,-11.18888180757186,100
-8.129885054857303,2.626230478286743,-1.21362855e-05,0.24699878692626953,0.022998571395874023,16.8399555683136,593.9030706882477,27.64408689988778,34,350000,-114.91309423839296,47.03371678557715,17.11295485496521,13.956670045852661,-0.01592947,-12.700418923662838,100
-7.808909568755286,2.5902981758117676,-1.1995697e-05,0.2589998245239258,0.02896714210510254,16.684990167617798,610.8900282382965,24.067020699870437,35,360000,-81.40432431673423,39.30683009794128,16.972957134246826,13.832848310470581,-0.017425073,-12.950844820806969,100
-6.0064880627146735,2.613236665725708,-1.1795087e-05,0.25300121307373047,0.02696704864501953,16.663989067077637,627.8559868335724,24.12478934939691,36,370000,-78.96980172962836,39.25808946809252,16.944958209991455,13.789477109909058,-0.014416738,-9.579012487067365,100
-7.098461767976,2.62603497505188,-1.158421e-05,0.2590000629425049,0.020967721939086914,16.653989791870117,644.8039436340332,22.70039496049236,37,380000,-78.39128681912648,40.20920237292532,16.93395757675171,13.773743391036987,-0.015399936,-11.928770902508068,100
-5.6799038659052155,2.6117653846740723,-1.1464224e-05,0.2539973258972168,0.04200172424316406,16.642958402633667,661.7569010257721,22.889852898479774,38,390000,-93.96642008411553,38.55071603104937,16.938957452774048,13.720225095748901,-0.016396146,-9.17007563396617,100
-6.755181117426994,2.6217305660247803,-1.1360721e-05,0.25299715995788574,0.050995588302612305,16.68796467781067,678.7628586292267,27.702604419023682,39,400000,-92.39711778287592,52.69773836488548,16.992957592010498,13.798500061035156,-0.01369924,-10.571436116155397,100
-3.974323978969092,2.640631675720215,-1.1282877e-05,0.32499170303344727,0.057007551193237305,16.546961069107056,695.7058162689209,18.50597150638834,40,410000,-50.63470816009777,52.54431712617671,16.9299578666687,13.661369800567627,-0.016830383,-7.082646548234677,100
-5.541104583086484,2.646704912185669,-1.1213271e-05,0.2579991817474365,0.03300023078918457,17.009957313537598,713.0197732448578,24.641835435773856,41,420000,-99.34856228997292,38.98262763816562,17.30095672607422,14.091990947723389,-0.015786488,-9.03816567096742,100
-3.88010371742195,2.6145577430725098,-1.1109311e-05,0.25100016593933105,0.02196812629699707,16.48798966407776,729.7947309017181,20.352653656051007,42,430000,-64.87001215094205,43.23188071277997,16.761958837509155,13.615988731384277,-0.016603015,-6.623010537833702,100
-4.146029452989346,2.6092419624328613,-1.1047809e-05,0.2500002384185791,0.025997400283813477,16.70695996284485,746.7916884422302,22.745041509462467,43,440000,-91.32278211653457,40.86805085480745,16.98295760154724,13.842447757720947,-0.015057143,-7.8232688798818515,100
-0.4764951762634459,2.597693920135498,-1.1064304e-05,0.25300025939941406,0.028998851776123047,16.671959161758423,763.759646654129,18.964525724807572,44,450000,-75.24803246417963,42.05409865703855,16.954957962036133,13.807810544967651,-0.017418811,-1.7145958128123715,100
-3.6494557036281186,2.5681495666503906,-1.105906e-05,0.25299787521362305,0.01999354362487793,16.491951942443848,780.5786039829254,23.420027946504394,45,460000,-87.4552549970794,48.136244977387854,16.767933130264282,13.66334056854248,-0.015706744,-5.803446843886359,100
-1.0736863236572518,2.590745449066162,-1.09710345e-05,0.2440018653869629,0.020966529846191406,16.571991443634033,797.4285633563995,18.345842495166778,46,470000,-53.778192819707975,40.87085000152524,16.836959838867188,13.718831300735474,-0.016171895,-2.3096147766321478,100
-2.8977722936711303,2.6002118587493896,-1.0786988e-05,0.2480001449584961,0.026953697204589844,16.52095627784729,814.2415199279785,23.816656724454884,47,480000,-103.85386711399062,48.415699202649776,16.797956228256226,13.652369260787964,-0.015862742,-4.935508056203056,100
-1.450682980841377,2.6148693561553955,-1.0618336e-05,0.24300098419189453,0.02796030044555664,16.485997915267944,831.0124790668488,22.6573925334815,48,490000,-88.77909661629283,54.41305331467048,16.756959199905396,13.621214628219604,-0.017424572,-3.745095131793607,100
-1.8181417527685682,2.6609573364257812,-1.049901e-05,0.25499963760375977,0.024962425231933594,16.813994884490967,848.1194353103638,20.555050582698247,49,500000,-62.173504670999904,45.579078146120274,17.09395694732666,13.862362623214722,-0.015224934,-3.7272427953181104,100
-3.277201161433477,2.558769702911377,-1.0415656e-05,0.2559988498687744,0.024967670440673828,16.690991401672363,865.106392621994,23.044621390266407,50,510000,-80.28257130217773,40.87549618421855,16.973957538604736,13.88504409790039,-0.015892185,-5.755345516945838,100
-0.4728060347013722,2.58272647857666,-1.03351695e-05,0.24899768829345703,0.02094864845275879,16.631011247634888,882.0223505496979,19.161616750876064,51,520000,-51.35604022312488,44.11952833792312,16.90195655822754,13.782366037368774,-0.016921034,-2.7156240534945617,100
-2.2177813748882738,2.5644545555114746,-1.0236114e-05,0.24899935722351074,0.025999784469604492,16.83495855331421,899.1463084220886,20.040479069788496,52,530000,-58.0156004791489,37.225879532599755,17.109957695007324,14.010794401168823,-0.015253429,-2.748268965154628,100
-1.4281788981601244,2.6506595611572266,-1.0103097e-05,0.24400019645690918,0.02096700668334961,16.82499098777771,916.2492671012878,24.030762847498174,53,540000,-84.96644366968829,41.699503718968096,17.08995819091797,13.934061765670776,-0.01268317,-2.2095745922610304,100
-0.9060287712547784,2.6397194862365723,-9.946505e-06,0.25099992752075195,0.02195882797241211,16.791961431503296,933.3292262554169,22.084028230169633,54,550000,-62.0476255054289,74.00166909887454,17.065959215164185,13.891835451126099,-0.017169794,-1.7191162103709636,100
0.11363287880179133,2.6110737323760986,-9.796322e-06,0.2599971294403076,0.0260012149810791,16.70111918449402,950.3293433189392,19.713648530028202,55,560000,-56.702268171014744,49.914340778870724,16.987117528915405,13.837947368621826,-0.014733068,-0.8648020190188765,100
2.0510963107682354,2.6067404747009277,-9.67368e-06,0.24896693229675293,0.0240323543548584,16.69395899772644,967.3103034496307,18.139285920848092,56,570000,-46.67508888221813,45.04845994290666,16.96795964241028,13.83014178276062,-0.016625809,2.0781352758817544,100
1.356742633661558,2.634686231613159,-9.5621135e-06,0.25299906730651855,0.027968883514404297,16.49699115753174,984.1012630462646,23.2886927656385,57,580000,-91.28974666308848,73.73521641631667,16.77795910835266,13.600265502929688,-0.017981404,0.16531935174555903,100
0.34339910742933477,2.5834670066833496,-9.474589e-06,0.24699902534484863,0.02699899673461914,16.82111406326294,1001.2103750705719,19.837938140454014,58,590000,-32.58432800603938,59.41743786216119,17.096112966537476,13.995600461959839,-0.01623324,0.00738547442912239,100
0.9595242667098656,2.6018054485321045,-9.405688e-06,0.24899888038635254,0.0260007381439209,16.76296043395996,1018.2613356113434,22.238703649309237,59,600000,-87.67250652469471,53.409989613832764,17.037960052490234,13.889169216156006,-0.014822406,1.764288077912518,100
-1.7525710913405483,2.6468827724456787,-9.28447e-06,0.2479996681213379,0.021000146865844727,16.74795937538147,1035.2932941913605,26.983743608790046,60,610000,-81.78184740203204,67.24983414422806,17.01795792579651,13.810096502304077,-0.017263852,-3.94821147945654,100
0.16735757168775475,2.67168927192688,-9.181553e-06,0.26600074768066406,0.02499985694885254,16.497960090637207,1052.0972547531128,20.878018195311075,61,620000,-75.31450617415807,67.91335034098987,16.789959192276,13.581304550170898,-0.015445838,0.7762992131536562,100
2.7999116427314537,2.5899224281311035,-9.04104e-06,0.26599645614624023,0.023974180221557617,16.309019565582275,1068.7102446556091,19.323908465734828,62,630000,-52.03393214613771,47.43739756284343,16.599990606307983,13.450392961502075,-0.016978538,4.158462771673962,100
3.9290668272203018,2.5541930198669434,-8.887957e-06,0.2579982280731201,0.026003360748291016,15.900974035263062,1084.9102075099945,23.4928156854269,63,640000,-63.72620634128472,68.90440389643456,16.18596315383911,13.101058959960938,-0.015574338,5.516490217973049,100
3.7442546304270508,2.5460267066955566,-8.780984e-06,0.2629971504211426,0.024001121520996094,15.964962482452393,1101.1761662960052,21.384407195698746,64,650000,-66.13381790031511,50.13546439696203,16.25296115875244,13.157026290893555,-0.015895251,5.754081830089854,100
4.9412275318355405,2.583861827850342,-8.627476e-06,0.26799798011779785,0.02497696876525879,16.209989547729492,1117.6931281089783,18.615588544425403,65,660000,-38.422338856877616,65.5291555409186,16.50396180152893,13.35578179359436,-0.016924549,6.67800852593797,100
6.229830957586989,2.570699691772461,-8.477716e-06,0.25899696350097656,0.023967266082763672,15.970996856689453,1133.9610877037048,20.526995176563762,66,670000,-34.01258745474437,54.804606058087984,16.253961086273193,13.152191638946533,-0.015240743,8.670928394509103,100
6.416079860487611,2.573746681213379,-8.305735e-06,0.2599911689758301,0.02297520637512207,15.938988447189331,1150.1980488300323,22.465958309745012,67,680000,-57.77330876916629,66.93533652898893,16.222960948944092,13.108896970748901,-0.016414277,10.225638341075891,100
6.073290521749381,2.5414042472839355,-8.206959e-06,2.010434865951538,0.04999947547912598,16.002962827682495,1168.2754459381104,22.266149631596132,68,690000,-62.81172700760143,64.83913420810028,18.06339716911316,13.210820198059082,-0.017206995,9.437670864123877,100
10.134938094600678,2.5441548824310303,-8.058184e-06,0.26599836349487305,0.028974056243896484,15.953989028930664,1184.538406610489,18.681285923798033,69,700000,-35.870351726157885,66.1405130227452,16.248961448669434,13.14510202407837,-0.017035374,14.949334241834798,100
7.353197392056028,2.5810554027557373,-7.925709e-06,0.26599764823913574,0.025971174240112305,15.903992891311646,1200.7483682632446,21.260526499436942,70,710000,-37.53088191982943,63.861801982923346,16.195961713790894,13.074821949005127,-0.018492244,11.589419825538576,100
7.543718147434114,2.629976749420166,-7.817836e-06,0.6029679775238037,0.07603073120117188,16.225963592529297,1217.667330980301,20.300262960051853,71,720000,-57.711538337396014,54.11227169573628,16.905962467193604,13.28315019607544,-0.015434801,11.773920799200239,100
9.266437435737586,2.5166380405426025,-7.709222e-06,1.0609939098358154,0.07197737693786621,16.008988618850708,1234.8242902755737,21.828251221997757,72,730000,-50.09506592789943,64.58032828037324,17.14296054840088,13.234378576278687,-0.014030964,15.253347290563976,100
10.727268089278866,2.5655696392059326,-7.647566e-06,1.1251006126403809,0.10696625709533691,15.90199589729309,1251.9783539772034,22.947443747394054,73,740000,-43.88295742384835,72.47296357617498,17.136064052581787,13.08053708076477,-0.016818345,16.971819904784706,100
11.188569662118114,2.5247035026550293,-7.5200787e-06,1.2069964408874512,0.15296268463134766,16.133000135421753,1269.4973134994507,21.28860731957637,74,750000,-50.25977344560179,67.36814503972433,17.49295926094055,13.342371940612793,-0.016962048,17.411608480341393,100
13.595342628409128,2.4497482776641846,-7.394329e-06,1.2109644412994385,0.15799903869628906,16.543601512908936,1287.4458787441254,25.176654015171195,75,760000,-59.67313996743785,95.65728850558173,17.912564992904663,13.811304330825806,-0.01741252,22.034419939610448,100
10.404588253547942,2.583315134048462,-7.2578387e-06,0.25696754455566406,0.030030488967895508,16.4899640083313,1304.2558398246765,24.712105222373566,76,770000,-63.74081639190681,82.76415223834854,16.777961254119873,13.669374465942383,-0.017354751,16.93711496427601,100
11.249511010123872,2.59010648727417,-7.1360005e-06,0.25499582290649414,0.020975828170776367,16.537989377975464,1321.0838010311127,25.577830065558906,77,780000,-54.724644394647406,90.09165669813582,16.814960718154907,13.710046291351318,-0.0160488,17.693137862014222,100
10.91363192519525,2.5133283138275146,-7.0018186e-06,0.2559995651245117,0.025999784469604492,16.702702283859253,1338.0835030078888,21.534029137679198,78,790000,-30.68805477632017,70.99176401257981,16.9857017993927,13.92420744895935,-0.015712384,16.685356787068326,100
12.551437574256598,2.5743660926818848,-6.891906e-06,0.25499606132507324,0.019971132278442383,16.378995418548584,1354.75146484375,22.48785308636844,79,800000,-25.592278562641592,89.58797435234938,16.654962062835693,13.547637939453125,-0.015982976,19.632110164243944,100
11.114788003154926,2.463740348815918,-6.773327e-06,0.256000280380249,0.021996259689331055,16.5712788105011,1371.6147408485413,26.119633902846353,80,810000,-46.62790046567715,82.88858925355981,16.85027527809143,13.839892864227295,-0.01710609,18.19829637215888,100
13.518466031084344,2.5519888401031494,-6.6759367e-06,0.2480018138885498,0.024997949600219727,16.647686004638672,1388.5484261512756,22.70122357273757,81,820000,-32.13934037233262,91.99290712691328,16.92068576812744,13.847717046737671,-0.016418684,22.035064196063498,100
12.798514125280814,2.498598575592041,-6.5659224e-06,0.2500007152557373,0.020970582962036133,16.510990142822266,1405.3443856239319,20.263070674020796,82,830000,-29.302921806380038,76.92028721580337,16.782961130142212,13.669612407684326,-0.018187676,20.692870012089532,100
11.539093295843845,2.487034797668457,-6.465949e-06,0.2669994831085205,0.023996591567993164,16.49769377708435,1422.1460766792297,25.24526618452859,83,840000,-49.33528567559158,80.36442819157271,16.788689851760864,13.732043743133545,-0.019515943,19.918773782685115,100
12.643121376570459,2.571079730987549,-6.3438715e-06,0.2499997615814209,0.023998022079467773,16.614398956298828,1439.04847407341,22.129591578676937,84,850000,-35.758146647834636,79.45968997851685,16.88939642906189,13.78997278213501,-0.019270658,21.324762973722773,100
13.481934745532023,2.4254086017608643,-6.316405e-06,0.2559998035430908,0.02696537971496582,16.497994899749756,1455.8434345722198,25.62500896161545,85,860000,-81.90474689886571,83.57035497257961,16.780960083007812,13.802558660507202,-0.018626265,21.00183401903637,100
15.781567529941453,2.4627745151519775,-6.2157096e-06,0.2540006637573242,0.028995275497436523,16.592183113098145,1472.7326140403748,23.18289632912874,86,870000,-34.27562945201965,84.93505937257626,16.876179218292236,13.849343538284302,-0.016381683,26.490212536302735,100
12.202123288865788,2.4835147857666016,-6.154752e-06,0.25500059127807617,0.026967525482177734,16.38299250602722,1489.4115762710571,22.866305337648868,87,880000,-52.99699432491217,83.57406152770756,16.665961027145386,13.645109415054321,-0.016080786,20.636167676606014,100
13.593251934113887,2.5680840015411377,-6.070975e-06,0.25300097465515137,0.02599811553955078,16.42696189880371,1506.130538702011,25.60865159474566,88,890000,-37.36153591955292,76.6508795682086,16.705960988998413,13.600858211517334,-0.015108987,21.96663339526952,100
15.221578062103019,2.525120735168457,-5.9694676e-06,0.2540018558502197,0.019998788833618164,16.346964359283447,1522.7665004730225,22.713726698791646,89,900000,-20.954992110910307,79.02582860436125,16.622963905334473,13.55567216873169,-0.013403275,24.217594623519886,100
13.960272077627897,2.502028226852417,-5.8606706e-06,0.25299978256225586,0.021969079971313477,16.47599220275879,1539.5364615917206,24.99788663626118,90,910000,-33.896662111599376,84.43652650360363,16.75096106529236,13.715640783309937,-0.016130663,22.93757372365179,100
17.27626445974542,2.429142475128174,-5.721255e-06,0.24900126457214355,0.020996570587158203,16.473085641860962,1556.29354429245,25.621998286276416,91,920000,-52.24519587262082,94.46956370341324,16.74408507347107,13.776223182678223,-0.015370693,29.79588866111071,100
16.399124985958437,2.488182306289673,-5.59441e-06,0.24796485900878906,0.02800154685974121,16.452993631362915,1573.0365052223206,23.036388527169613,92,930000,-19.901098763599627,73.85365505897083,16.728960037231445,13.707221269607544,-0.015482511,26.38412066529219,100
17.56283297595404,2.5386807918548584,-5.5299734e-06,0.2599983215332031,0.02296900749206543,16.447994232177734,1589.7814679145813,26.233348597338868,93,940000,-34.800970671712044,124.24700248935001,16.731961488723755,13.62410044670105,-0.018080603,29.625864658396576,100
13.397329123027,2.469113826751709,-5.471111e-06,0.2559967041015625,0.021976709365844727,16.426366806030273,1606.4998075962067,27.189173210399655,94,950000,-53.91116832544001,95.95196274265943,16.70434021949768,13.708799600601196,-0.016737312,22.105576391554212,100
17.650571924312278,2.5882973670959473,-5.4354655e-06,0.25,0.02599787712097168,16.451963186264038,1623.2417685985565,24.127024311073402,95,960000,-41.87440778566925,86.77851988708242,16.72896099090576,13.584675312042236,-0.016695239,29.097323260219085,100
16.644938062856205,2.4641566276550293,-5.332222e-06,0.2539987564086914,0.033000946044921875,16.76596236228943,1640.309731721878,25.770252218070063,96,970000,-27.49229950522198,93.56667393247326,17.054961919784546,14.026227474212646,-0.015343223,27.4143538108979,100
18.510208379662757,2.6634342670440674,-5.277622e-06,0.25099921226501465,0.022000789642333984,16.629961729049683,1657.225692987442,23.800098561400052,97,980000,-35.64399085496734,98.31107665278637,16.90296173095703,13.711566686630249,-0.01828757,29.82825555039218,100
15.157787194414265,2.642446756362915,-5.147036e-06,0.25699853897094727,0.028000831604003906,16.66596221923828,1674.1906538009644,23.99021567437336,98,990000,-28.701112455327912,99.45486948787494,16.951961755752563,13.749572515487671,-0.01655019,24.45725799115854,100
21.879473673771145,2.5867538452148438,-4.9717573e-06,0.24799895286560059,0.021001338958740234,16.484962224960327,1690.9576156139374,25.78905920915265,99,1000000,-48.27799035525831,125.69311765594125,16.753962516784668,13.646217584609985,-0.014630037,35.400230429188525,100
20.405798645727756,2.6167280673980713,-4.794881e-06,0.25800085067749023,0.022999286651611328,16.492961883544922,1707.7445769309998,25.60028010835147,100,1010000,-42.44507640373898,114.00475275202433,16.773962020874023,13.608281135559082,-0.015531343,33.08770714621781,100
20.322098857954096,2.620161771774292,-4.646578e-06,0.257967472076416,0.027029991149902344,16.4945330619812,1724.5371069908142,24.88584308162004,101,1020000,-30.842674525916163,92.34465526715833,16.77953052520752,13.636193752288818,-0.017496135,33.66964444946998,100
23.72788728004559,2.5365025997161865,-4.4382027e-06,0.24399924278259277,0.027998685836791992,16.423964023590088,1741.2460691928864,25.8914404672502,102,1030000,-41.55098375835126,99.44769312267826,16.695961952209473,13.607944965362549,-0.016252626,38.889196602391316,100
20.736272736862755,2.580721139907837,-4.238106e-06,0.24700069427490234,0.01996898651123047,16.429994344711304,1757.9580323696136,24.887167941113248,103,1040000,-53.6538145647687,88.85739485859887,16.698964595794678,13.529031038284302,-0.015784703,33.4070700498311,100
23.66435956109883,2.540642738342285,-4.0778937e-06,0.254000186920166,0.02696084976196289,16.590705156326294,1774.842698097229,26.532714710226042,104,1050000,-28.8913718721386,93.12971828449177,16.871666193008423,13.795494318008423,-0.011813748,39.717020792235736,100
21.747389088204546,2.546109676361084,-3.9056754e-06,0.25300002098083496,0.021966218948364258,16.516359567642212,1791.6480252742767,26.800500182615245,105,1060000,-44.64321733003408,93.09662813561094,16.7923264503479,13.707444190979004,-0.014390245,35.33214773605107,100
22.85955677780076,2.498399257659912,-3.7792872e-06,0.2519984245300293,0.02697443962097168,16.537989616394043,1808.4809877872467,25.712328220847954,106,1070000,-19.580078746896085,105.86818102836338,16.817962884902954,13.793161630630493,-0.014339034,37.56261712657068,100
22.275684154437787,2.5254757404327393,-3.625331e-06,0.25696706771850586,0.025998592376708984,16.585935831069946,1825.3638892173767,29.662241935586696,107,1080000,-27.913790993118447,113.65828980614342,16.86990261077881,13.808180332183838,-0.019107625,37.11781298660363,100
21.64936647406335,2.5204198360443115,-3.4837126e-06,0.24700069427490234,0.021969318389892578,16.540578842163086,1842.1874377727509,25.4486073376977,108,1090000,-16.547662791962182,109.52781410605152,16.80954885482788,13.744622230529785,-0.016481863,35.22652165420899,100
23.919871739746483,2.5416007041931152,-3.3937822e-06,0.24899935722351074,0.020998239517211914,16.442673444747925,1858.9151089191437,26.94806114447976,109,1100000,-38.83197349925672,96.26580261184867,16.714671850204468,13.643494606018066,-0.017157715,40.843409416112024,100
22.28570062805037,2.5587124824523926,-3.3069514e-06,0.2480001449584961,0.029999732971191406,16.42296528816223,1875.629073858261,25.13328794134526,110,1110000,-24.31230211273203,101.28611596306361,16.70096516609192,13.60211968421936,-0.013515769,36.946663285330786,100
20.671355261509362,2.577777147293091,-3.1653237e-06,0.2539997100830078,0.024997949600219727,16.412965536117554,1892.3350355625153,23.36601205861413,111,1120000,-34.43461844569877,95.72692283411712,16.69196319580078,13.596415758132935,-0.014962117,33.762184274481804,100
22.03322467760955,2.5099828243255615,-3.0299163e-06,0.24899935722351074,0.02199864387512207,16.4394371509552,1909.0594427585602,22.870005122403484,112,1130000,-26.08012751549268,98.6937247713692,16.711406230926514,13.66655945777893,-0.013160731,35.951239009824526,100
22.115753147834283,2.484204053878784,-2.9333437e-06,0.2539999485015869,0.0279996395111084,16.43096423149109,1925.7874052524567,26.001054418950673,113,1140000,-40.3205333898789,98.53139190109476,16.714963674545288,13.677741765975952,-0.011858676,37.19815046565899,100
26.540638019741667,2.521277904510498,-2.880981e-06,0.24699997901916504,0.02099776268005371,16.56584119796753,1942.636245250702,22.927650021443274,114,1150000,-5.744381983268385,105.94276274932218,16.834839344024658,13.762664079666138,-0.014063584,44.854517491368654,100
21.83259017072427,2.506460428237915,-2.7379738e-06,0.24599790573120117,0.03000187873840332,16.431689739227295,1959.3599348068237,25.536870993407394,115,1160000,-35.22931285143207,107.80383949923126,16.708688974380493,13.659144401550293,-0.01406091,36.328429520985,100
25.734059354941845,2.4435973167419434,-2.56235e-06,0.24499940872192383,0.02596592903137207,16.551575660705566,1976.1964769363403,23.291598444617303,116,1170000,-25.0232973117889,102.48925545371995,16.82354164123535,13.819867134094238,-0.014604884,44.30391861622049,100
26.751783564542702,2.4565889835357666,-2.3938321e-06,0.25499844551086426,0.029001235961914062,16.508240222930908,1993.0017158985138,30.117599734884944,117,1180000,-32.281489530273014,111.45466311223718,16.792239904403687,13.795149564743042,-0.013816872,44.37342388245605,100
27.857369858007996,2.588467597961426,-2.2903691e-06,0.2520005702972412,0.02099752426147461,16.541863441467285,2009.829577445984,28.248685268432585,118,1190000,-12.839971963760307,120.74856504102624,16.814861536026,13.708348035812378,-0.014646247,47.224993808363834,100
27.791906253883454,2.5356225967407227,-2.1706617e-06,0.24700069427490234,0.028966188430786133,16.53190803527832,2026.6504516601562,28.19267469717442,119,1200000,-62.954061009015824,120.12270732424336,16.80787491798401,13.754278421401978,-0.017357143,45.63535819364902,100
26.763838459988403,2.5358216762542725,-2.0441591e-06,0.24696993827819824,0.021004199981689453,16.536905765533447,2043.4693307876587,24.110671241722255,120,1210000,-1.5676023496294522,119.22334307974474,16.805880546569824,13.751755475997925,-0.015605853,45.15780461681656,100
29.499091860496055,2.5457046031951904,-1.8854809e-06,0.25296473503112793,0.02900218963623047,16.503994464874268,2060.269292116165,28.591108115065843,121,1220000,-33.57521255866731,133.7470451912447,16.785961389541626,13.697032690048218,-0.017435836,50.57364186487615,100
31.561234444256716,2.482553005218506,-1.7839669e-06,0.25499677658081055,0.021999120712280273,16.295966386795044,2076.8552556037903,34.037687652869394,122,1230000,-47.0609221645836,132.12417283635068,16.572962284088135,13.526998519897461,-0.018131306,53.35845305643681,100
31.597986348737503,2.601592779159546,-1.6754997e-06,0.25100135803222656,0.022968292236328125,16.48199462890625,2093.6252205371857,28.192846437525045,123,1240000,-17.161092007277357,114.03754667384517,16.756964921951294,13.609575748443604,-0.017824896,52.277513475651766,100
32.79613742660629,2.5663886070251465,-1.5594851e-06,0.25099921226501465,0.024953126907348633,16.38192129135132,2110.297137260437,28.339870994332585,124,1250000,-9.954716202930097,133.74504795563809,16.658918380737305,13.562554121017456,-0.0114060575,55.801060854348826,100
29.962186562455962,2.514502763748169,-1.3788377e-06,0.2619960308074951,0.028970718383789062,16.622950792312622,2127.22505569458,28.70688481258681,125,1260000,-53.676475633249574,110.14086579684853,16.913917541503906,13.806289196014404,-0.009488128,51.573106326990704,100
31.12619810887122,2.528912305831909,-1.2743735e-06,0.2479994297027588,0.027971267700195312,16.459995985031128,2143.9750220775604,25.749243637587703,126,1270000,-23.37736901769909,115.3529932212843,16.736966609954834,13.678542375564575,-0.014067537,51.87424455785967,100
31.800684137505414,2.570063829421997,-1.1468994e-06,0.2500004768371582,0.02599954605102539,16.275965929031372,2160.5399870872498,28.94121132673161,127,1280000,-34.17387356841421,117.01439671186242,16.551965951919556,13.438775777816772,-0.010420676,53.73854416189023,100
31.42294240626591,2.4889495372772217,-9.848702e-07,0.25099682807922363,0.020963668823242188,16.53000283241272,2177.3549506664276,30.09635652972545,128,1290000,-36.45019508837848,119.48878268680721,16.801963329315186,13.788488388061523,-0.009992611,53.37255329630218,100
30.022746505614577,2.4531242847442627,-8.517253e-07,0.24899840354919434,0.027979135513305664,16.474987745285034,2194.119915485382,31.86195271280287,129,1300000,-34.23205488189917,140.4472162812401,16.751965284347534,13.756672859191895,-0.009199678,51.37515351905921,100
33.374930312386,2.557600498199463,-7.583725e-07,0.25499701499938965,0.023960590362548828,16.372007846832275,2210.7838802337646,26.76023118461331,130,1310000,-8.030712214821891,121.86901412062511,16.650965452194214,13.537137269973755,-0.014327733,57.47282561169809,100
32.91148093388681,2.439526319503784,-6.7592504e-07,0.25099849700927734,0.023998737335205078,16.36455535888672,2227.438432455063,30.026556229583502,131,1320000,-28.093356909451916,120.64053664979478,16.640552043914795,13.660073041915894,-0.011585735,55.25196984211241,100
36.638360356001016,2.451201915740967,-5.1473137e-07,0.24900031089782715,0.023998022079467773,16.496427297592163,2244.2208576202393,27.124159768696906,132,1330000,-4.026490408140859,129.9089180643037,16.769425630569458,13.789373397827148,-0.011803095,63.23078326272149,100
33.454650520305535,2.579939126968384,-3.5370707e-07,0.24700045585632324,0.028965234756469727,16.423999786376953,2260.9358229637146,28.31221787721716,133,1340000,-47.33804757888398,108.81420353862185,16.700965404510498,13.574512243270874,-0.0129298875,55.197696041400896,100
37.062532855191236,2.5345377922058105,-2.2736191e-07,0.24499869346618652,0.02196812629699707,16.34199857711792,2277.557787656784,27.81415396466897,134,1350000,3.4105730425356953,134.71024285610596,16.608965396881104,13.541837215423584,-0.017605416,63.34774483753972,100
34.80675605439193,2.5500457286834717,-9.723425e-08,0.24899816513061523,0.026000499725341797,16.42796754837036,2294.2737526893616,28.99999327554678,135,1360000,-17.10950232258236,146.1856773670689,16.70296621322632,13.62063455581665,-0.009137031,59.40293137458308,100
35.17965352495753,2.5358524322509766,1.5947816e-08,0.25800085067749023,0.02199840545654297,16.426966428756714,2310.993718147278,28.607531664620165,136,1370000,-16.567802563744117,136.44146815072526,16.706965684890747,13.578834533691406,-0.013266541,60.696800901819586,100
40.09669045100036,2.5567305088043213,1.4234541e-07,0.2579989433288574,0.02700042724609375,16.393965005874634,2327.687684059143,26.863444152396113,137,1380000,12.112493169990099,132.44437798157955,16.680967569351196,13.571870565414429,-0.018246492,68.23523381765618,100
34.81179886777166,2.475869655609131,2.0700811e-07,0.2480003833770752,0.021998882293701172,16.563228607177734,2344.5349111557007,27.730983591393823,138,1390000,-21.321255633925503,144.5225449656041,16.834228515625,13.830984830856323,-0.016328914,59.83941005759977,100
36.832418346564275,2.521890878677368,3.7527678e-07,0.25196170806884766,0.027036428451538086,16.425185203552246,2361.255092859268,31.87947779382223,139,1400000,-2.907486586519921,141.42505524356412,16.704183340072632,13.627679586410522,-0.012775559,63.54167949340351,100
39.73277626851202,2.541882276535034,6.1757686e-07,0.25499844551086426,0.02596902847290039,16.596389770507812,2378.1464519500732,26.694911608888834,140,1410000,5.617938306121026,145.3892813980546,16.878358125686646,13.774327754974365,-0.016309613,68.05752950520981,100
39.011078300956314,2.514998435974121,7.927835e-07,0.270998477935791,0.028971195220947266,16.36800193786621,2394.828416824341,29.206307144453973,141,1420000,-14.484365567561632,126.62040892218396,16.668965578079224,13.586629390716553,-0.015775329,66.5931898762749,100
38.06817078973911,2.4995908737182617,9.50607e-07,0.24499893188476562,0.026952743530273438,16.382994413375854,2411.4983656406403,36.34773665620941,142,1430000,-8.357690408897598,163.80534209144773,16.656949281692505,13.617995023727417,-0.011106937,64.22717405750812,100
38.19259629782651,2.557016611099243,1.0943759e-06,0.24700021743774414,0.023000240325927734,16.378966808319092,2428.1603322029114,27.44568374535854,143,1440000,8.9401886235012,132.28491724557526,16.648967266082764,13.56039023399353,-0.010145653,65.28386828493974,100
41.97905335040113,2.454848051071167,1.2091231e-06,0.33700037002563477,0.0540008544921875,16.375966787338257,2444.9413001537323,33.23573476942111,144,1450000,-12.6521589114261,148.24269890493653,16.76696801185608,13.6533522605896,-0.008251663,71.21706375890155,100
43.62861133104577,2.414079427719116,1.3421297e-06,0.24899840354919434,0.0209963321685791,16.279969692230225,2461.505265712738,31.07409462544299,145,1460000,-5.984161410000718,124.3982844040209,16.550965785980225,13.60199761390686,-0.012774363,74.69334530342987,100
42.70800133351802,2.550530195236206,1.4181089e-06,0.2480001449584961,0.020968198776245117,16.38237953186035,2478.1726129055023,30.26525800134238,146,1470000,-45.0389039911331,140.97057024990346,16.653347730636597,13.567692041397095,-0.014267279,72.86511243630612,100
41.58974887453961,2.5333940982818604,1.5389478e-06,0.24699902534484863,0.026999711990356445,16.619335889816284,2495.0789473056793,27.996856947359362,147,1480000,-3.1767320833922814,153.69996552024816,16.89333462715149,13.788485527038574,-0.01647622,71.51525752527387,100
38.091011677963714,2.5689849853515625,1.6009235e-06,0.2520005702972412,0.020998716354370117,16.61096715927124,2511.9779138565063,30.725206374979688,148,1490000,-60.655681959695634,150.07992954685213,16.88396644592285,13.770107984542847,-0.016395949,64.62633001371285,100
42.27955347602149,2.588347911834717,1.6887413e-06,0.2520012855529785,0.025968313217163086,16.41199827194214,2528.6818816661835,30.297359636528547,149,1500000,-4.170499463412237,142.8706413978182,16.69096875190735,13.564584493637085,-0.017414005,72.76175909073363,100
40.06105461301709,2.6709578037261963,1.8812584e-06,0.24399924278259277,0.030998706817626953,16.698968172073364,2545.6708464622498,29.412101580128276,150,1510000,-78.76930128633663,139.6842602410908,16.974966526031494,13.780849933624268,-0.016622882,69.35756704556336,100
42.08957417334038,2.6175336837768555,2.1160065e-06,0.2559659481048584,0.029033660888671875,16.639132261276245,2562.6139771938324,27.271882912738498,151,1520000,-9.382454501623329,135.68628171224753,16.924131870269775,13.774760007858276,-0.018977897,71.1973380793601,100
41.48509887517029,2.413269519805908,2.2426784e-06,0.24900078773498535,0.027997732162475586,16.485968828201294,2579.3899433612823,27.257063273768814,152,1530000,-4.188598984518091,126.01073498937744,16.762967348098755,13.783370971679688,-0.017435817,72.03401504335443,100
42.10021175585592,2.445580244064331,2.3973382e-06,0.24899578094482422,0.021002531051635742,16.447967290878296,2596.120908975601,30.223450819725315,153,1540000,-51.145540782621744,157.80897723649326,16.717965602874756,13.75672960281372,-0.014438381,72.16771424919064,100
42.13576078781243,2.586958646774292,2.5543438e-06,0.24399852752685547,0.02900075912475586,16.647966623306274,2613.0548758506775,27.343588725437783,154,1550000,-5.75526847103415,156.18635544501024,16.920965909957886,13.799062490463257,-0.015786808,73.46951649435105,100
45.067528475975415,2.475656032562256,2.7529536e-06,0.2519996166229248,0.019986629486083984,16.625998735427856,2629.9668414592743,27.413148581542593,155,1560000,-1.6048606328225115,150.74258871950374,16.89896535873413,13.8741774559021,-0.015681643,77.8717327996262,100
43.72190561812032,2.5350255966186523,2.9145335e-06,0.24999761581420898,0.020958662033081055,16.6293728351593,2646.881170272827,27.79942149854282,156,1570000,6.30009597685474,141.94706114335202,16.901329278945923,13.819896221160889,-0.016036857,75.2178524589875,100
43.682642612076926,2.5081043243408203,3.0877184e-06,0.24699640274047852,0.028984785079956055,16.72898530960083,2663.9001367092133,28.055689015917288,157,1580000,-29.021732817386948,162.54878766726156,17.005966186523438,13.956422805786133,-0.013487455,73.93709221871435,100
44.54761543756294,2.572734832763672,3.2638789e-06,0.2509772777557373,0.020998477935791016,16.447999954223633,2680.6341032981873,34.06813347212865,158,1590000,-60.91124643378341,155.9220829832608,16.720966815948486,13.56802225112915,-0.01742415,77.55802720886707,100
45.510875119825954,2.4900412559509277,3.4097611e-06,0.24699950218200684,0.02299785614013672,16.435969352722168,2697.35506939888,29.798846749903777,159,1600000,9.666161614128596,139.73331471285724,16.707967519760132,13.692221879959106,-0.013923671,77.18684944357501,100
46.45769865294168,2.583420991897583,3.5970986e-06,0.2500007152557373,0.019999027252197266,16.556493520736694,2714.1945629119873,29.033537353353687,160,1610000,-13.129094727753124,135.1709028521338,16.82649326324463,13.695019721984863,-0.015510703,80.34923702187186,100
46.55315718690009,2.631801128387451,3.8081191e-06,0.25100111961364746,0.022000551223754883,16.542966842651367,2731.0245308876038,35.03015592295757,161,1620000,-22.30486598000157,166.10868311280575,16.81596851348877,13.650179624557495,-0.017208317,79.78440125986408,100
49.31979048729595,2.5600812435150146,3.974063e-06,0.25499796867370605,0.03195977210998535,16.60993480682373,2747.936422109604,31.115321321497362,162,1630000,-2.3672794941206083,165.81894641692324,16.89789342880249,13.76840353012085,-0.016076287,85.10515894944963,100
47.670673816093476,2.4141156673431396,4.1484473e-06,0.24700069427490234,0.024997711181640625,16.35196852684021,2764.5743882656097,32.41410423726417,163,1640000,-39.83541405995934,146.96559255984232,16.624967098236084,13.641156435012817,-0.017521782,80.54529873224783,100
44.85370944837084,2.548147439956665,4.3929454e-06,0.2519989013671875,0.02200031280517578,16.477966785430908,2781.3403553962708,33.28142130309064,164,1650000,-52.2064755675995,158.03693682606624,16.75296640396118,13.683998823165894,-0.015759284,77.64831790918643,100
47.77233632081187,2.4993703365325928,4.6067153e-06,0.25197315216064453,0.02098822593688965,16.6149480342865,2798.242264032364,31.86178331905024,165,1660000,1.9105795321592773,165.49399660874445,16.887909412384033,13.86207628250122,-0.015248432,80.88568341522065,100
45.94645344747703,2.4996819496154785,4.77635e-06,0.24599862098693848,0.024001598358154297,16.428966999053955,2814.956231355667,29.713203733275737,166,1670000,-2.3206501338196746,138.58651026635061,16.6999671459198,13.662369966506958,-0.016238904,78.71025105841443,100
47.207950042441816,2.461684226989746,4.9352e-06,0.24499988555908203,0.020973920822143555,16.382991313934326,2831.618197441101,30.536120010222987,167,1680000,-6.066908455688271,135.95859071363475,16.64896512031555,13.654436349868774,-0.014990406,81.11143368031043,100
45.77158989319765,2.433670997619629,5.06549e-06,0.24500036239624023,0.029967546463012695,16.31099820137024,2848.2181639671326,31.987271677480155,168,1690000,11.57199736322612,150.36669396083352,16.586966514587402,13.596635818481445,-0.0072456608,77.77221143698803,100
50.940582786352905,2.57692551612854,5.199115e-06,0.24599957466125488,0.028029680252075195,16.536967754364014,2865.048130750656,27.849860152419087,169,1700000,18.400064087103157,151.59015776101597,16.81496572494507,13.659825563430786,-0.0036449693,86.89798463486478,100
47.60914614203846,2.4764907360076904,5.299152e-06,0.2570009231567383,0.02997279167175293,16.45899248123169,2881.807097196579,30.8697390653022,170,1710000,-55.58895856629334,147.23629637009077,16.74596619606018,13.737738370895386,0.006625572,81.18614728325683,100
46.29300388342083,2.4518611431121826,5.4195602e-06,0.2539985179901123,0.02997565269470215,16.550991773605347,2898.656063079834,27.394900997037652,171,1720000,-16.55306699228305,150.62334870811534,16.83496594429016,13.835275411605835,-0.009820099,78.96524388170091,100
51.72108749521865,2.585181713104248,5.51411e-06,0.2479991912841797,0.020996570587158203,16.602967739105225,2915.542029619217,31.53695364937139,172,1730000,20.495425094381204,191.18863294352983,16.872963905334473,13.765569925308228,-0.014476574,86.85223300598032,100
48.13428380210723,2.597963809967041,5.71658e-06,0.2460007667541504,0.0229644775390625,16.55203890800476,2932.37703537941,37.552014906465914,173,1740000,-13.392069568512333,171.99845382008107,16.822006225585938,13.709648370742798,-0.0046846047,82.68356153764302,100
50.084652824567165,2.5341145992279053,5.901285e-06,0.2519972324371338,0.021000385284423828,16.392966508865356,2949.0590012073517,28.991700376262884,174,1750000,-0.10397393544597122,154.6515733071754,16.66896653175354,13.60272216796875,-0.011128167,86.3166086978155,100
49.650866303048744,2.5312423706054688,6.082741e-06,0.2590000629425049,0.02496814727783203,16.447458267211914,2965.804426908493,29.25108352543225,175,1760000,8.274883500326332,162.52497160705667,16.73142647743225,13.654304027557373,-0.010872314,85.07078568591858,100
50.296591872322686,2.515057325363159,6.189865e-06,0.25099802017211914,0.02296757698059082,16.48400092124939,2982.5763931274414,29.53998412595493,176,1770000,-1.678210502641511,145.23372120205127,16.7579665184021,13.704473495483398,-0.00943325,86.62411716420321,100
47.832187118626635,2.5301074981689453,6.353317e-06,0.25099945068359375,0.019967079162597656,16.396000862121582,2999.258360385895,36.95773623502904,177,1780000,-9.731222273540894,167.4793010143896,16.668968439102173,13.591068267822266,-0.009975614,82.83466227602528,100
42.47346193929135,2.554490566253662,6.498967e-06,0.25300002098083496,0.025999784469604492,16.514968872070312,3016.0653285980225,30.225780999504657,178,1790000,-41.12303663316103,148.3506329713154,16.793968677520752,13.70126748085022,-0.005957725,73.35275806142606,100
46.52048528581101,2.508802652359009,6.6319235e-06,0.2579982280731201,0.022965431213378906,16.551003456115723,3032.9132964611053,33.903932372420414,179,1800000,-50.296560311788795,179.24670320786294,16.833967447280884,13.770049333572388,-0.011296165,80.26717671332116,100
45.766749988613675,2.5391299724578857,6.7622577e-06,0.2589995861053467,0.02896714210510254,16.529708862304688,3049.743973016739,31.528546165245988,180,1810000,18.07330650072494,174.20242225039146,16.817675590515137,13.69481611251831,-0.0049236165,80.94020599724372,100
51.28013258651571,2.426002025604248,6.9760285e-06,0.2589991092681885,0.02897334098815918,16.51383066177368,3066.559775829315,33.377918702704996,181,1820000,-19.830779329401835,169.10075437135862,16.80280303955078,13.797838926315308,-0.009738462,88.68634558417165,100
52.15117112399012,2.493711233139038,7.1658383e-06,0.27300024032592773,0.021998882293701172,16.42847967147827,3083.2972548007965,32.40791333710459,182,1830000,22.49477976587811,169.87198251450917,16.72447919845581,13.684597730636597,-0.011428271,90.39659944807822,100
50.64692316854842,2.56325101852417,7.282263e-06,0.2780027389526367,0.02296590805053711,16.400003671646118,3100.013226032257,32.54910570280762,183,1840000,-33.14056014257123,149.4215835028217,16.701971769332886,13.578826189041138,-0.011343524,87.72197364420116,100
51.12380854381084,2.5209038257598877,7.4357185e-06,0.27300000190734863,0.019998550415039062,16.428969860076904,3116.7491908073425,35.764775554808274,184,1850000,-1.451825074184403,169.83018061047446,16.722968101501465,13.639895677566528,-0.013319929,89.76971468757735,100
52.074708730042374,2.4331295490264893,7.5626363e-06,0.2709999084472656,0.02096271514892578,16.54000496864319,3133.5951590538025,36.85923643702761,185,1860000,-67.13379248720189,158.57519607923516,16.83296823501587,13.837897300720215,-0.015095033,90.23758933464268,100
51.37499754651574,2.565319776535034,7.707757e-06,0.26800036430358887,0.02799820899963379,16.536063194274902,3150.4412202835083,29.574812220197945,186,1870000,-6.415561444743091,162.56986244585048,16.833061695098877,13.712679624557495,-0.01686786,88.5777171549158,100
51.3658785639943,2.5770843029022217,7.8687035e-06,0.3020000457763672,0.029998064041137695,16.48997187614441,3167.2761878967285,30.679017797466866,187,1880000,-25.735485483968528,160.46733648540294,16.821969985961914,13.654934167861938,-0.015492454,89.3900343356827,100
54.28575506492966,2.5440428256988525,8.0220325e-06,0.27199816703796387,0.023000001907348633,16.508968114852905,3184.0941541194916,34.47072018951386,188,1890000,18.610992015173967,161.50716714432673,16.804967403411865,13.71993613243103,-0.013720839,93.14594318023175,100
56.12055566918304,2.532835006713867,8.183836e-06,0.2719991207122803,0.023967981338500977,16.596390962600708,3201.000513076782,36.766776932883126,189,1900000,-26.21349197112925,203.9097079240135,16.893358945846558,13.795256853103638,-0.016998224,95.60249397540748,100
58.34927093469404,2.4761579036712646,8.388525e-06,0.26799941062927246,0.019967317581176758,16.62900185585022,3217.931482076645,32.680655652195334,190,1910000,21.109825922137208,198.2156133812613,16.91796898841858,13.865906000137329,-0.0074861143,100.13480163399467,100
57.73439395226358,2.4648842811584473,8.523803e-06,0.26399970054626465,0.020998477935791016,16.472970008850098,3234.704449892044,37.21402633458478,191,1920000,-25.894105865810545,173.9797679627734,16.759969234466553,13.706233024597168,-0.0036547377,100.02973306801691,100
57.72744949857261,2.4457333087921143,8.589209e-06,0.26599836349487305,0.026000261306762695,16.434970140457153,3251.4444177150726,31.19923629639714,192,1930000,19.396286984610757,184.2470324960485,16.72696876525879,13.732830047607422,-0.007221493,100.43247145601543,100
57.11870996296446,2.431918144226074,8.6047185e-06,0.2630007266998291,0.022965669631958008,16.5180025100708,3268.2613854408264,30.810578807317242,193,1940000,12.27129517999211,189.16151192320478,16.803968906402588,13.82900881767273,0.004162973,97.77516460347033,100
57.99126353872045,2.4074792861938477,8.654526e-06,0.27299952507019043,0.022967100143432617,16.42300057411194,3284.9943537712097,34.287725630335444,194,1950000,-24.599336568258977,202.11562529886618,16.71896719932556,13.737577199935913,-0.0031007302,99.30288410992776,100
59.88384048203683,2.3915843963623047,8.705898e-06,0.2800016403198242,0.029997825622558594,16.362971305847168,3301.6803245544434,27.82488511182193,195,1960000,33.42924789551216,184.96754009993913,16.67297077178955,13.70771312713623,-0.0063717472,103.05826973698359,100
53.133716800165715,2.5509612560272217,8.7294775e-06,0.26399970054626465,0.020998716354370117,16.61557698249817,3318.5948972702026,31.1609147970917,196,1970000,24.926375547020623,160.1633493616352,16.901575565338135,13.817248582839966,-0.009236873,92.22888203043159,100
56.85866281154918,2.6182045936584473,8.759743e-06,0.27499914169311523,0.025967121124267578,16.89100456237793,3335.800867319107,28.117923852607383,197,1980000,21.205174181537306,186.78303342681204,17.192970514297485,13.978151798248291,-0.009842557,97.91664468606977,100
57.42242862321241,2.644968032836914,8.832718e-06,0.27299928665161133,0.031000375747680664,16.659970998764038,3352.824836730957,32.66542329244066,198,1990000,0.9787096597670693,179.21262441479433,16.964970350265503,13.744150400161743,-0.015107998,98.51527821091399,100
57.47896674391206,2.7058870792388916,8.892258e-06,0.2649979591369629,0.02897047996520996,17.911184072494507,3371.045019865036,31.904738684364546,199,2000000,5.585784043757693,174.07255349494906,18.2061824798584,14.90975022315979,-0.015603208,99.32593020115192,100
59.3890392338026,2.560415506362915,9.033216e-06,0.2749972343444824,0.028995037078857422,17.20849323272705,3388.5705049037933,26.951599719443387,200,2010000,31.478427622921235,147.98903570994148,17.51248550415039,14.392153024673462,-0.0125442855,101.5600077261708,100
58.38054436312642,2.546222686767578,9.124612e-06,0.26396751403808594,0.020030498504638672,17.198619842529297,3406.0671231746674,35.56549678767715,201,2020000,-55.465220078672466,181.80057026084677,17.48261785507202,14.35439157485962,-0.008127837,100.9652002391499,100
59.60095101903504,2.524439573287964,9.292523e-06,0.26600027084350586,0.026999950408935547,16.7968533039093,3423.169976711273,29.17432610051602,202,2030000,30.030439692222558,201.78117915777565,17.089853525161743,13.996872425079346,-0.008224988,102.05900596877889,100
60.23027242039483,2.577294111251831,9.40914e-06,0.2629983425140381,0.02096867561340332,16.817002296447754,3440.2849459648132,32.73715347739452,203,2040000,4.128143625093549,198.33832143167137,17.101969242095947,13.98238754272461,-0.007381083,103.6428325431896,100
60.94409538833832,2.587947368621826,9.580277e-06,0.26199841499328613,0.026973962783813477,17.138087511062622,3457.7260053157806,31.696223605413774,204,2050000,34.961806730197466,177.21374667912227,17.428059339523315,14.282925605773926,-0.013555821,104.35127615099088,100
63.57336236959596,2.532895565032959,9.7964175e-06,0.26399827003479004,0.022978782653808594,16.90965962409973,3474.9366416931152,30.3894648688771,205,2060000,15.810120738625962,175.84319118377283,17.197636365890503,14.116767883300781,-0.014524381,109.10840338480986,100
63.70988100577292,2.654899835586548,1.0077573e-05,0.3120005130767822,0.03399944305419922,16.916202783584595,3492.214844226837,29.24270431800339,206,2070000,29.03746290736239,177.00322770578913,17.264201879501343,14.020209074020386,-0.006025785,110.12616716740955,100
62.09731416053955,2.5664474964141846,1.0297588e-05,0.2709982395172119,0.023998737335205078,16.85240912437439,3509.3762514591217,32.15172153743057,207,2080000,40.305843400800086,196.81515905479682,17.14840531349182,14.009815454483032,-0.011869685,107.84978737729666,100
66.06180824903072,2.5925989151000977,1.0450965e-05,0.2609975337982178,0.02100062370300293,16.481106996536255,3526.1543266773224,33.45732418495296,208,2090000,11.366411933853463,197.07499814816057,16.765076637268066,13.62844705581665,-0.013583129,112.89808242220896,100
66.70875104239579,2.512146472930908,1.0615202e-05,0.2649984359741211,0.028969287872314453,16.7834734916687,3543.245768547058,29.758609291745255,209,2100000,6.162733031339921,213.63352423693829,17.0784432888031,14.02747893333435,-0.013741431,114.39075946051533,100
64.22566672992617,2.5759172439575195,1.072964e-05,0.2719993591308594,0.02099895477294922,16.87827467918396,3560.4310414791107,26.814914820750744,210,2110000,42.64835468721234,167.32130454899539,17.17227339744568,14.052041292190552,-0.0074471836,109.89263258449559,100
61.938106156056236,2.549743413925171,1.0876172e-05,0.26600122451782227,0.02099609375,16.838411331176758,3577.571449995041,30.746308758580916,211,2120000,28.47232956938336,177.563984975042,17.127408981323242,14.017619848251343,-0.011214026,106.58850986521122,100
64.28766866943717,2.5077478885650635,1.09676175e-05,0.2769968509674072,0.019970417022705078,16.901307821273804,3594.7827248573303,27.097295602128334,212,2130000,48.40945485860024,171.67125133487994,17.198275089263916,14.097448587417603,-0.008528876,110.27235504899727,100
65.7880934470059,2.5837581157684326,1.1036855e-05,0.266995906829834,0.02697134017944336,16.797560214996338,3611.888252019882,31.05830317417157,213,2140000,33.3486959193095,188.79743508037558,17.092527627944946,13.974633932113647,-0.010521652,112.77747872697446,100
64.22335313363303,2.492427349090576,1.1113378e-05,0.26600027084350586,0.028962373733520508,16.795056581497192,3628.9912712574005,31.380927568086868,214,2150000,-7.125333641643683,180.38634453224853,17.09001922607422,14.032243490219116,-0.008481619,109.73031983489173,100
62.8954947998152,2.537303924560547,1.1267358e-05,0.2630002498626709,0.026000499725341797,16.787386894226074,3646.0836265087128,25.233709656492106,215,2160000,39.95140032788493,175.45779227272686,17.0783531665802,14.003308534622192,-0.0113937,108.33246017583443,100
61.9527285043525,2.526888370513916,1.13990745e-05,0.2629971504211426,0.029999256134033203,16.481439113616943,3662.8740639686584,30.226398415084244,216,2170000,33.09884044486606,181.21610953451795,16.776437997817993,13.674022912979126,-0.01058121,106.38017401083744,100
64.2163912446788,2.495971202850342,1.148774e-05,0.26400065422058105,0.02799844741821289,16.828744411468506,3680.0088098049164,31.261086901293066,217,2180000,8.28770658570151,212.90249196494295,17.1207435131073,14.046615839004517,-0.015512767,109.66383149662579,100
66.12396978303325,2.5677640438079834,1.1601249e-05,0.26399850845336914,0.020968198776245117,16.821245193481445,3697.1290216445923,33.31199052917324,218,2190000,35.550742895497706,201.21888786046793,17.10621190071106,13.99176025390625,-0.012899629,113.73592572811161,100
66.27033019701807,2.496037006378174,1.1746873e-05,0.2550010681152344,0.02896714210510254,16.603424787521362,3714.030416250229,30.750938239522522,219,2200000,19.287875784032316,216.07475189255675,16.8873929977417,13.832334756851196,-0.01405938,114.00558469154747,100
68.35527560067074,2.520350933074951,1.1921509e-05,0.2649955749511719,0.02000260353088379,16.739546298980713,3731.0679597854614,29.3322356987475,220,2210000,22.21176580993361,181.1389323820855,17.02454447746277,13.963535070419312,-0.014610153,116.67445997249916,100
70.96791777402869,2.490161180496216,1.2158802e-05,0.2689995765686035,0.024998188018798828,16.46011519432068,3747.835071325302,24.634169357086293,221,2220000,65.49769381934327,187.88712524345516,16.75411295890808,13.702697038650513,-0.011256978,121.26094487739408,100
68.68234910274786,2.4673807621002197,1.2343806e-05,0.26999998092651367,0.02899765968322754,16.717970371246338,3764.8660407066345,29.51895565275019,222,2230000,29.842407970964643,197.95869452061106,17.01796817779541,13.996650218963623,-0.0032755686,118.12428715584592,100
70.85347339488621,2.566960096359253,1.2592052e-05,0.2609977722167969,0.022948741912841797,16.854040384292603,3782.01802778244,29.51373870775915,223,2240000,51.75972819420848,200.73651828208344,17.13798689842224,13.97644829750061,-0.011425466,122.75609660656502,100
72.4093774103809,2.596122980117798,1.27996545e-05,1.2229654788970947,0.07502985000610352,16.728971004486084,3800.05899477005,30.63954410068113,224,2250000,52.324449700944214,195.24116342349205,18.026966333389282,13.859795093536377,-0.00983921,125.08256100275098,100
72.93558546544924,2.5705981254577637,1.2946137e-05,1.4549946784973145,0.10300087928771973,16.934970378875732,3818.56996178627,29.063875230241933,225,2260000,52.710940269830175,202.46941284422505,18.493964910507202,14.079058647155762,-0.013959113,125.37000197794656,100
72.72897416350797,2.549830675125122,1.3171082e-05,1.6499969959259033,0.09396147727966309,17.09583306312561,3837.429751634598,27.588571527557672,226,2270000,-2.1371933129393126,175.75694294328912,18.84378981590271,14.265166997909546,-0.011728278,123.65977194391586,100
73.94066316964965,2.5784871578216553,1.333573e-05,0.2709980010986328,0.030034780502319336,17.08985948562622,3854.8476128578186,26.167883871768638,227,2280000,50.53669747855303,184.04015964691584,17.391860961914062,14.234116315841675,-0.0070044114,127.19793593232978,100
75.1391917588549,2.5718939304351807,1.3502048e-05,0.26600027084350586,0.028967618942260742,16.718403100967407,3871.874984025955,30.646086058896593,228,2290000,54.437699871518355,191.2801923128481,17.014371156692505,13.885250329971313,-0.009789655,128.68987194071758,100
75.09683335082333,2.5272769927978516,1.3602992e-05,0.2649979591369629,0.029001474380493164,16.976271390914917,3889.1592552661896,29.637160823048575,229,2300000,20.985047845192828,192.3158179349321,17.270270824432373,14.199222803115845,-0.0031681298,129.67048589858481,100
74.17636314161466,2.5780062675476074,1.3654242e-05,0.26399707794189453,0.027001142501831055,16.488961219787598,3905.953214406967,29.26338491168609,230,2310000,54.761007390098186,197.21536206227566,16.779959440231323,13.646715879440308,-0.011565953,127.06657400346955,100
76.15192616390254,2.589454412460327,1.3673699e-05,0.4179978370666504,0.02500152587890625,16.373972177505493,3922.784186601639,27.640212243591215,231,2320000,60.70668934820768,189.10603695911092,16.81797170639038,13.535738229751587,-0.0108956145,131.8195000833575,100
76.4865484974377,2.5290091037750244,1.3837167e-05,1.4469940662384033,0.09496855735778809,16.73100519180298,3941.070155143738,31.737510613457427,232,2330000,46.869754564124435,204.14498475839926,18.27296781539917,13.932010412216187,-0.007469477,130.95699689897816,100
76.01753458395692,2.5325517654418945,1.39652075e-05,1.451997995376587,0.09296846389770508,16.677258253097534,3959.3103790283203,27.455159532772186,233,2340000,45.626207678186226,200.60349552739146,18.223223447799683,13.874473810195923,-0.010029801,130.80419117565734,100
78.33532020224759,2.5655677318573,1.4115482e-05,1.5709965229034424,0.09996414184570312,17.14464044570923,3978.1459798812866,28.900272999614675,234,2350000,26.61778503108618,207.5402149918827,18.815601110458374,14.237910032272339,-0.009485603,135.2594952737377,100
76.72144319672854,2.5588924884796143,1.4210377e-05,1.5719997882843018,0.1119987964630127,16.820695877075195,3996.667673587799,34.089391014662404,235,2360000,-1.6453353353940257,195.50096487307923,18.50469446182251,13.99815320968628,-0.0126892505,130.66380653953595,100
77.04182940828636,2.4749746322631836,1.434192e-05,1.581995964050293,0.1120004653930664,16.974685430526733,4015.3533527851105,26.0138280359593,236,2370000,72.06527338617813,186.9509534059767,18.668681859970093,14.243187665939331,-0.008466705,132.69764358016218,100
78.8229524807899,2.516794443130493,1.4478916e-05,1.6039979457855225,0.10699892044067383,17.113789558410645,4034.1961390972137,26.38544483232509,237,2380000,75.01500520066125,199.14233228610667,18.825786590576172,14.311482429504395,-0.012403275,135.41834663143868,100
80.27873864736642,2.543278694152832,1.4586985e-05,0.7049999237060547,0.11700034141540527,17.139110565185547,4052.1772491931915,27.145914728586224,238,2390000,67.91165082026961,198.12611104265594,17.964110136032104,14.325433731079102,-0.0094495285,138.47041979226032,100
81.38523746417681,2.5060713291168213,1.46975935e-05,0.27900004386901855,0.021995067596435547,16.96676206588745,4069.459005355835,28.17437637426261,239,2400000,57.903086324438135,211.60030658625513,17.267757177352905,14.19445276260376,-0.00784913,139.7378771306412,100
80.46915281684437,2.61064076423645,1.4839157e-05,0.2859976291656494,0.019968271255493164,16.54209852218628,4086.322068452835,28.84730329088958,240,2410000,64.14279548420517,198.66501492184688,16.850064516067505,13.672815799713135,-0.007917422,138.58118714310797,100
80.75195565597764,2.5142433643341064,1.4954446e-05,0.37599945068359375,0.02399921417236328,16.7855806350708,4103.5206463336945,30.50755392540393,241,2420000,70.67795469962806,205.69464801388352,17.185579299926758,14.026219367980957,-0.005541697,138.9246574649681,100
84.56036004723431,2.640000343322754,1.5051131e-05,0.2709977626800537,0.02896404266357422,16.93458652496338,4120.768194198608,32.186280316602065,242,2430000,57.60911751062656,232.5758005769464,17.234548330307007,14.024080514907837,-0.0023465615,146.34545801353764,100
76.7972869321707,2.53112530708313,1.5122083e-05,0.27399754524230957,0.021000385284423828,16.743724584579468,4137.819916725159,31.477742403649586,243,2440000,38.77944435999474,214.62870843418344,17.0387225151062,13.961188793182373,-0.004006952,133.74115470445295,100
84.26736861248565,2.4700875282287598,1.5193064e-05,0.2690000534057617,0.0299985408782959,16.541571378707886,4154.676452875137,32.691466421916424,244,2450000,-15.718801130303635,217.07957817953402,16.841538190841675,13.832459926605225,-0.01246622,145.48940688293436,100
86.36272589637339,2.5222067832946777,1.5278898e-05,0.2740013599395752,0.026998043060302734,17.173723459243774,4172.165175199509,26.070595409133112,245,2460000,72.22278628253817,203.21677089902045,17.474722862243652,14.107390403747559,-0.0067469026,149.18797858977405,100
86.47880934667883,2.596041440963745,1.5374017e-05,0.28100109100341797,0.023998022079467773,17.082419395446777,4189.568593740463,31.247730880579745,246,2470000,78.38635935033072,222.61872422935545,17.38941788673401,14.219298362731934,-0.0011734414,149.86128827873,100
83.12497757254178,2.5581653118133545,1.5461488e-05,0.27100086212158203,0.026967763900756836,16.85392737388611,4206.734489440918,28.765534875435904,247,2480000,76.45511952171552,216.9188442401568,17.1528959274292,14.043858289718628,-0.012797572,143.47643163343753,100
84.09232375580497,2.5186009407043457,1.5668984e-05,0.2760000228881836,0.02097296714782715,16.502004384994507,4223.547460079193,30.69572947074203,248,2490000,63.15577175638741,230.9802056176783,16.799970626831055,13.728209972381592,-0.012557263,144.75041858282083,100
85.84306223443835,2.5728113651275635,1.5749192e-05,0.3100013732910156,0.022999048233032227,16.862979650497437,4240.7564396858215,33.4341532294825,249,2500000,31.75783448887879,212.89623203222084,17.195980072021484,14.03582215309143,-0.009900266,148.3606296513376,100
89.45384718721724,2.6055588722229004,1.5819485e-05,0.3279998302459717,0.020974397659301758,16.9393093585968,4258.058723211288,29.65155099755583,250,2510000,56.92140369311346,229.78410244672747,17.2892849445343,14.09339427947998,-0.009696716,153.49319572292669,100
88.7001647478065,2.5028183460235596,1.5899132e-05,0.2630009651184082,0.02696704864501953,16.7824490070343,4275.147138118744,32.374203896656965,251,2520000,33.699805784615904,218.2730228788252,17.073416709899902,14.020265340805054,-0.012457745,152.55549835819468,100
86.78276410255079,2.5989391803741455,1.5985705e-05,0.2649984359741211,0.025967836380004883,16.68969702720642,4292.141801118851,30.686505455870737,252,2530000,62.2987023151073,224.95168883248266,16.981664180755615,13.827341794967651,0.0020875353,150.545326007805,100
85.68518587403753,2.5750505924224854,1.6041764e-05,0.26399898529052734,0.023973464965820312,16.78947162628174,4309.233245134354,32.01877964652025,253,2540000,47.90237708267601,216.1219653902694,17.077444076538086,13.975602865219116,-0.008882106,147.75958858090294,100
91.51310316686042,2.5584447383880615,1.6174094e-05,0.26599931716918945,0.020999670028686523,16.681538343429565,4326.215782403946,32.35965185001885,254,2550000,64.29191286982247,236.3561411753689,16.96853733062744,13.870012998580933,-0.008624982,156.79989963494646,100
89.75226829905233,2.559751510620117,1.624679e-05,0.26200079917907715,0.028968095779418945,16.858457326889038,4343.379207849503,29.853291921594398,255,2560000,83.29810980143647,216.77577682761753,17.149426221847534,14.036466836929321,-0.0075067687,153.19878973866255,100
90.49825982516789,2.498744249343872,1.631197e-05,0.2669980525970459,0.024970293045043945,16.56170105934143,4360.245876312256,29.068750365448096,256,2570000,72.8932971196177,219.5939924900673,16.85366940498352,13.755717039108276,-0.010044568,155.38309396978883,100
90.80885131107095,2.533357620239258,1.6485777e-05,0.2650003433227539,0.02199864387512207,16.879573583602905,4377.426447629929,26.694763913675608,257,2580000,80.89313576436984,209.77829391255102,17.16757321357727,14.095862865447998,-0.011299937,155.823035311569,100
88.33378154075758,2.5474936962127686,1.6612206e-05,0.270000696182251,0.022998809814453125,17.079923629760742,4394.812370061874,27.866881719771865,258,2590000,91.19946869334285,224.07166244222338,17.372923135757446,14.260087013244629,-0.006133554,152.78449068157215,100
90.89773370383799,2.480703830718994,1.6725442e-05,0.2950015068054199,0.020969390869140625,16.907737016677856,4412.049077749252,27.701674628631384,259,2600000,75.75903000393144,221.2825551176915,17.223707914352417,14.16182827949524,-0.013878529,156.04631207355777,100
89.99323112368282,2.5338544845581055,1.6878892e-05,0.2690005302429199,0.026972293853759766,16.891338348388672,4429.250388622284,32.70175459298048,260,2610000,1.0915551881032661,240.4972857196892,17.188311338424683,14.100516319274902,-0.01186035,154.14118252145607,100
94.14714237697135,2.5152084827423096,1.7079092e-05,0.260998010635376,0.02397322654724121,16.823944330215454,4446.37230348587,27.192687395376165,261,2620000,76.4369601043058,229.28692307695928,17.10891556739807,14.044793128967285,-0.011311136,162.41030913165716,100
93.32764872772233,2.5440587997436523,1.7236722e-05,0.2690010070800781,0.02096700668334961,16.87761378288269,4463.552883863449,29.73599743888951,262,2630000,73.2507417162613,236.79767965336578,17.167581796646118,14.097734451293945,-0.006834419,161.06299932284014,100
93.57845797517278,2.5929596424102783,1.738007e-05,0.2619967460632324,0.019999265670776367,17.435583353042603,4481.2854616642,28.227923115464034,263,2640000,74.9589946051788,227.11306916613182,17.719578504562378,14.581220865249634,-0.0077369707,160.49201260684526,100
97.89999383693058,2.5007247924804688,1.753062e-05,0.26200199127197266,0.019996166229248047,16.970696687698364,4498.5521585941315,26.76387461338023,264,2650000,91.83439614693356,242.57708709209092,17.252694845199585,14.196334838867188,-0.0053712176,167.5925560543997,100
93.21171195118797,2.5956897735595703,1.7688122e-05,0.2649989128112793,0.021971702575683594,17.056893348693848,4515.909021854401,31.107380404101196,265,2660000,72.44147807752016,216.44219587765295,17.34386396408081,14.188949584960938,-0.00344333,160.28708993330312,100
93.2394313084681,2.5146756172180176,1.7873592e-05,0.2629983425140381,0.020996809005737305,16.75367569923401,4532.9596927165985,34.638916282549836,266,2670000,12.207251897218061,236.25984249461726,17.037670850753784,13.964512586593628,-0.013160035,160.90047731565156,100
95.20695141413744,2.528517007827759,1.7984317e-05,0.2819676399230957,0.023970365524291992,16.92798948287964,4550.208649396896,31.864680629699933,267,2680000,63.98162493749306,226.34219651526462,17.23595690727234,14.090368270874023,-0.0032954083,162.7814644836173,100
97.16175500001572,2.60567307472229,1.806445e-05,0.2669999599456787,0.02096843719482422,17.30775475502014,4567.819401025772,26.735484240674033,268,2690000,86.277598188216,225.6465314007504,17.59675168991089,14.461840629577637,-0.003776556,167.0574852809988,100
99.63009887771024,2.569276809692383,1.8178087e-05,0.27300024032592773,0.021997451782226562,16.673454761505127,4584.804851770401,26.44695194830398,269,2700000,89.95257893771485,230.65778209194113,16.970450162887573,13.833699226379395,-0.00021928466,171.41932590244744,100
96.5762310384776,2.5449728965759277,1.8210374e-05,0.25699830055236816,0.019970417022705078,17.031959295272827,4602.127779960632,32.54899350753769,270,2710000,65.95566229868467,249.29468036035888,17.3089280128479,14.210959434509277,0.0012499954,166.4583372431646,100
101.59747020338494,2.525012731552124,1.835136e-05,0.25800251960754395,0.023998022079467773,16.825974225997925,4619.248754262924,28.747189529075694,271,2720000,100.87903326856144,257.19876045588916,17.107974767684937,14.015817403793335,-0.0063250656,175.8238966972291,100
97.98116276492473,2.5136866569519043,1.8382176e-05,0.25999951362609863,0.020967483520507812,16.582006216049194,4636.125725269318,32.88898006443793,272,2730000,71.4871014495253,240.6144219696183,16.8629732131958,13.808254480361938,-0.0012798652,168.57699701307504,100
101.75558542161713,2.6096692085266113,1.8392355e-05,0.27499914169311523,0.029000520706176758,17.140628337860107,4653.584352731705,31.116052747617722,273,2740000,68.20945290855309,235.30116110422256,17.445627689361572,14.281611204147339,0.0047811703,175.06129210383438,100
95.57399267108187,2.631218671798706,1.8387824e-05,0.33499836921691895,0.01997518539428711,17.083744287490845,4671.037096500397,31.39985537646436,274,2750000,35.58875417697651,228.19662968872018,17.439743518829346,14.199470281600952,0.0054158885,164.89207067081878,100
99.07145335238563,2.5939455032348633,1.841322e-05,0.26400041580200195,0.02099895477294922,17.279929876327515,4688.617025613785,32.768871552621455,275,2760000,62.20090592760588,226.51007676118854,17.56593084335327,14.428909063339233,0.0016591656,170.38860452702048,100
96.67433976494455,2.5691568851470947,1.8475042e-05,0.27499890327453613,0.02100086212158203,17.065595626831055,4705.993621110916,33.80853484657492,276,2770000,20.22130659158419,253.14847657560574,17.363596439361572,14.208476781845093,-0.007178885,168.09935205061524,100
96.43000552308052,2.545783281326294,1.8568408e-05,0.26199841499328613,0.02700042724609375,16.90811586380005,4723.204738140106,35.025660986083324,277,2780000,4.98365523260926,234.62327124352933,17.19811701774597,14.110125303268433,0.0030867583,165.11480789624216,100
101.55382734930771,2.6708762645721436,1.8636712e-05,0.27500033378601074,0.01996755599975586,17.365585803985596,4740.878292560577,28.29658415026812,278,2790000,68.10819362923904,239.84503875114677,17.660553693771362,14.370659351348877,0.009864746,174.1682238430272,100
98.7316325064787,2.674257516860962,1.8746152e-05,0.28800034523010254,0.02200007438659668,19.32183337211609,4760.524126291275,30.070984651877083,279,2800000,98.21597793135723,237.64473300849698,19.631833791732788,16.383185863494873,0.015707843,171.5876776681972,100
100.71767303071545,2.6512022018432617,1.8870374e-05,0.26999926567077637,0.02299952507019043,18.01760768890381,4778.852730989456,26.852585049048937,280,2810000,92.00341082676451,236.64116514444686,18.313604831695557,15.091252565383911,-0.004882216,174.57567799858774,100
102.13073985490274,2.5526351928710938,1.8963632e-05,0.26596832275390625,0.02202892303466797,17.15752935409546,4796.31125831604,29.015522587383792,281,2820000,69.10178379114463,243.17320787388581,17.445526599884033,14.348342418670654,-0.009688847,175.6745990030274,100
102.33137539017761,2.638524055480957,1.8999333e-05,0.2629990577697754,0.02700066566467285,17.451452493667603,4814.066709756851,30.130928223410024,282,2830000,92.64547402206063,256.01414645734,17.74145221710205,14.549560070037842,-0.0037375356,176.19185065982236,100
103.03984731807788,2.617238998413086,1.9050125e-05,0.27199840545654297,0.028967857360839844,17.24068856239319,4831.621363162994,32.087951040984855,283,2840000,71.76568729345713,251.23655851706545,17.54165482521057,14.39159083366394,-0.010603176,177.39058534880266,100
102.36858492362119,2.5341427326202393,1.9008317e-05,0.26099681854248047,0.027971982955932617,17.288480281829834,4849.211812019348,34.63006564200483,284,2850000,41.70246863653836,233.09949059212812,17.577449083328247,14.472791194915771,0.00771029,175.30020435490053,100
104.13593216332202,2.6399447917938232,1.9006184e-05,0.26999878883361816,0.02200007438659668,17.384315013885498,4866.902125120163,29.3737765526605,285,2860000,109.12992826699703,249.6889172484158,17.676313877105713,14.48210597038269,-0.0057192477,179.7399907741141,100
98.00479677206796,2.5810952186584473,1.9037063e-05,0.2609679698944092,0.023030996322631836,17.242246866226196,4884.44137096405,33.75439391248414,286,2870000,54.35401063504551,235.2261000148132,17.526245832443237,14.411404132843018,-0.002577116,168.91608129887493,100
105.09371159561091,2.5282678604125977,1.9153185e-05,0.26999878883361816,0.024001598358154297,17.27814555168152,4902.026516914368,31.54689192829563,287,2880000,91.87824224691136,245.88305737915545,17.57214593887329,14.500144004821777,-0.006519852,181.45808855114103,100
105.76555727871742,2.5571391582489014,1.9271825e-05,0.2689976692199707,0.030001163482666016,17.16595983505249,4919.50647521019,28.921851742685202,288,2890000,96.92355560279869,248.94176259793954,17.465959310531616,14.34868335723877,-0.01005149,182.24890339421736,100
101.77149578075387,2.5057976245880127,1.953357e-05,0.2910001277923584,0.026000022888183594,17.20009756088257,4937.038574457169,38.14882285066737,289,2900000,2.284706307877954,230.85105168086895,17.51709771156311,14.396602392196655,-0.014210271,174.86159710868435,100
105.66787004425554,2.5210702419281006,1.968551e-05,0.26999831199645996,0.019973039627075195,16.88588547706604,4954.230433225632,27.897286248838228,290,2910000,104.50702311631802,235.53513772950896,17.178860187530518,14.08206844329834,-0.009776707,182.55936169656692,100
104.81830638079629,2.4839844703674316,1.9817015e-05,0.26399683952331543,0.0240023136138916,16.846975088119507,4971.379407167435,30.856525981271297,291,2920000,106.08572534846083,242.07837373863586,17.135973691940308,14.097293615341187,-0.005694266,180.9467459055431,100
108.46460444798421,2.4125514030456543,1.9924919e-05,0.2709958553314209,0.030002355575561523,16.82500171661377,4988.52038192749,27.817195567811403,292,2930000,114.96106467458564,242.27896960972677,17.127975463867188,14.146403789520264,-0.009079709,187.02207695707477,100
109.98841259478985,2.6578550338745117,2.0034942e-05,0.26399874687194824,0.022000789642333984,17.099562406539917,5005.919943332672,25.54648372982762,293,2940000,120.90981058090307,248.4372273036547,17.386561632156372,14.190236330032349,-0.0064914785,189.66490891068017,100
107.80866353922401,2.5301413536071777,2.0075544e-05,0.2629997730255127,0.02599644660949707,17.091110944747925,5023.314049482346,29.862923884916842,294,2950000,91.95680181008228,247.02055970192805,17.381107807159424,14.297313213348389,-0.008843707,187.36327671557063,100
107.66765451078233,2.5486371517181396,2.0191072e-05,0.2690002918243408,0.023998022079467773,17.274188995361328,5040.89523601532,27.54315196585242,295,2960000,92.72190477290619,247.93463284351776,17.567187309265137,14.467233657836914,-0.001934855,187.0253131905013,100
107.29844611009749,2.5895943641662598,2.0296267e-05,0.5359983444213867,0.02499985694885254,17.20194983482361,5058.67218542099,32.08135670930198,296,2970000,43.56220743436475,239.40605869628934,17.762948036193848,14.344144344329834,-0.008209821,185.86824677382793,100
108.30859687324228,2.652737617492676,2.0398411e-05,0.2599673271179199,0.028029441833496094,18.62603187561035,5077.601215600967,25.31226876230135,297,2980000,131.58599620914762,251.7119624402076,18.915031671524048,15.71530294418335,0.0028344735,187.00358711686448,100
107.64267336713529,2.4595413208007812,2.0542917e-05,0.2650012969970703,0.02699899673461914,17.15355634689331,5095.060771942139,25.564927231179762,298,2990000,123.91621193288654,251.1333973549653,17.445556640625,14.41556453704834,-0.008942189,186.62149877116687,100
108.69990904326285,2.5534961223602295,2.079524e-05,0.26199936866760254,0.02199840545654297,17.117406845092773,5112.476176261902,25.11638660585508,299,3000000,125.40265062772333,261.65468292343246,17.402405977249146,14.267266035079956,-0.010779005,188.769707811421,100
