LossAfter,Time-Optimization,train-StdReturn,train-MaxReturn,ItrTime,Time,n_timesteps,train-EnvExecTime,Itr,train-MinReturn,train-AverageDiscountedReturn,Time-SampleProc,LossBefore,Time-Sampling,train-NumTrajs,train-PolicyExecTime,train-AverageReturn
0.13481513,0.332000732421875,66.45121675399375,134.2416333621002,17.147422313690186,17.147422313690186,10000,2.8503644466400146,0,-159.02741987408584,20.244403161847067,0.10897278785705566,-1.4189385e-05,16.705448150634766,100,13.5919349193573,17.79061630336311
0.06138196,0.3020000457763672,78.73891888550702,148.01872875456212,17.06252408027649,34.225947856903076,20000,2.9897220134735107,1,-265.30562757698004,-30.890256997898646,0.023999452590942383,-1.4200999e-05,16.735525369644165,100,13.508281469345093,-73.24998871268876
0.0059717176,0.24806737899780273,77.01374571661364,138.0229091762816,17.403116941452026,51.64306402206421,30000,2.936096429824829,2,-233.82180338835872,-4.6594726594418026,0.018001317977905273,-1.4240186e-05,17.136051416397095,100,13.927032709121704,-20.007502185441968
-0.0059593646,0.2665126323699951,73.51079675669426,132.51066784617123,17.96088147163391,69.61784791946411,40000,3.0443077087402344,3,-192.40397383271082,15.605036338974546,0.018967390060424805,-1.4241267e-05,17.67540144920349,100,14.351070404052734,15.125713809135009
-0.004593922,0.26099729537963867,48.68075265640696,169.70183069668008,18.122008085250854,87.75285720825195,50000,3.0796830654144287,4,-55.79941306919127,38.70364196126019,0.020998477935791016,-1.4227416e-05,17.8390109539032,100,14.471129655838013,58.66842097841732
-0.0054561915,0.2680380344390869,39.113343390335324,194.6255389760721,18.513795137405396,106.27965450286865,60000,3.169203281402588,5,-28.954052916512076,53.47308092474942,0.019994735717773438,-1.4193171e-05,18.225762367248535,100,14.762609720230103,84.42408642370725
-0.0041181413,0.2615468502044678,39.77731331668834,172.29928609973533,18.377054452896118,124.66970825195312,70000,3.056002378463745,6,-52.411160070307155,65.26027243073729,0.024000167846679688,-1.4171973e-05,18.09050750732422,100,14.692599773406982,106.16448370214381
-0.002719424,0.2735104560852051,38.049686331265484,201.1755697042534,18.075307607650757,142.75801420211792,80000,2.981415033340454,7,18.766822786456604,74.11164646265304,0.02599954605102539,-1.4143647e-05,17.774797916412354,100,14.515228509902954,121.83557331528378
-0.007010659,0.27300119400024414,37.47676753073229,184.70726810686025,17.785142421722412,160.59415793418884,90000,2.9810192584991455,8,-32.21246036135569,80.93907190580371,0.025996923446655273,-1.4100833e-05,17.486144304275513,100,14.238637924194336,134.57289605902787
-0.006245665,0.24992895126342773,34.103793232406005,204.39538515822775,18.716204166412354,179.32336163520813,100000,3.121805429458618,9,17.524090605042044,88.34570480774312,0.02507162094116211,-1.4036088e-05,18.44020414352417,100,15.0341477394104,147.27953731103435
-0.004823606,0.2500004768371582,27.64296693726508,230.1547557316561,18.035217761993408,197.37157940864563,110000,3.0135679244995117,10,78.68168312423259,98.53960069923913,0.02299976348876953,-1.401668e-05,17.760221242904663,100,14.485302925109863,164.35175990298455
-0.004397509,0.2510340213775635,23.356864549581445,234.40572077104548,17.98306107521057,215.3686399459839,120000,2.9362263679504395,11,121.08981620641566,105.29988737383806,0.0189974308013916,-1.3945942e-05,17.713029623031616,100,14.496389865875244,176.52154216905936
-0.0057791346,0.27100372314453125,21.498872227719474,225.94930824383636,17.907328367233276,233.2899672985077,130000,3.03233003616333,12,122.11036572053847,110.07913518286938,0.02400803565979004,-1.39034255e-05,17.612316608428955,100,14.270366907119751,184.37314655064299
-0.005012647,0.24300026893615723,25.877706481508465,239.81997819827092,18.0771644115448,251.3801302909851,140000,2.9989423751831055,13,109.44044980431794,113.33122782486484,0.026998519897460938,-1.38389905e-05,17.806166887283325,100,14.53119158744812,190.46707414151058
-0.00453662,0.30556726455688477,16.500731224170504,230.01739140211848,18.67139434814453,270.06458592414856,150000,3.1551990509033203,14,154.51222495668173,116.86396027649616,0.029998779296875,-1.3782142e-05,18.333887815475464,100,14.887776136398315,196.23364632012442
-0.0041522468,0.26000022888183594,15.971213027938813,227.92051262877482,18.866191864013672,288.94577836990356,160000,3.1682982444763184,15,132.98672448525986,120.73823462834231,0.021999359130859375,-1.3746925e-05,18.58319330215454,100,15.101303577423096,204.64826416613184
-0.0042082677,0.24399876594543457,11.683221294692157,227.3239837449972,18.241233587265015,307.20001101493835,170000,3.0463438034057617,16,169.56221562624748,121.21226511693743,0.018997907638549805,-1.36708495e-05,17.97823691368103,100,14.638405323028564,205.54904848649429
-0.0030274203,0.25600123405456543,9.407048976017093,233.59400803637328,18.272324800491333,325.4863352775574,180000,3.04339861869812,17,182.8256577533809,123.97263109094183,0.021999120712280273,-1.3601988e-05,17.994324445724487,100,14.613914251327515,211.82001186741974
-0.002745142,0.2600381374359131,8.684386769336939,227.97894678331718,18.593398809432983,344.0937340259552,190000,3.1234607696533203,18,178.06856046566537,124.2581664590818,0.02199840545654297,-1.3503819e-05,18.311362266540527,100,14.905386686325073,212.81602790820142
-0.0031784049,0.24299883842468262,8.172208728934844,230.56737277097105,19.009202480316162,363.1159362792969,200000,3.183769941329956,19,192.50693434234813,124.51318504971752,0.018997907638549805,-1.3408138e-05,18.746203660964966,100,15.251182794570923,213.36076356443095
-0.0028180215,0.24700021743774414,7.480782739994866,229.8806096315388,17.977258920669556,381.108195066452,210000,3.02370285987854,20,185.0867230413607,125.7496935191382,0.017997264862060547,-1.3295439e-05,17.71226143836975,100,14.405733585357666,216.2288233111837
-0.0021337646,0.25406932830810547,7.691434546461968,227.31414679985215,17.888636112213135,399.0098309516907,220000,2.9884440898895264,21,184.81414698076932,125.17276818173117,0.024998903274536133,-1.3213392e-05,17.608569145202637,100,14.353877067565918,215.25045694944183
-0.0044321874,0.24752068519592285,7.423565715141547,231.2095543416273,18.372262716293335,417.3950915336609,230000,3.0669021606445312,22,193.81007427936996,125.61654319004732,0.0189974308013916,-1.3139534e-05,18.104745388031006,100,14.754207134246826,216.1308103007729
-0.0042432616,0.24900150299072266,12.20710192047165,232.33496737169978,18.341320037841797,435.7494115829468,240000,3.083268404006958,23,149.0768462210474,125.68323808274283,0.025995254516601562,-1.30460485e-05,18.06532335281372,100,14.70719575881958,217.01077548090583
-0.0032369436,0.2780003547668457,6.74573525590143,232.466590605961,19.23751950263977,455.0009319782257,250000,3.2815473079681396,24,192.59793191331318,126.60787239774434,0.02599787712097168,-1.3026533e-05,18.932520627975464,100,15.350141048431396,218.79573716896087
-0.0044702757,0.2499988079071045,10.348383749127757,232.5731176787571,18.444319486618042,473.4602494239807,260000,3.0862104892730713,25,138.61983473975403,126.48639347039585,0.02199840545654297,-1.2953807e-05,18.17032027244568,100,14.79307222366333,218.235622911344
-0.004560452,0.25499987602233887,6.369566395732304,234.2211144654639,18.045776844024658,491.5190272331238,270000,3.0541481971740723,26,198.77771975981432,127.48452966283523,0.027998685836791992,-1.2870618e-05,17.762778282165527,100,14.435134172439575,220.58571835736075
-0.002280228,0.2585289478302002,6.501306790849014,236.24851588712303,18.57543110847473,510.1074583530426,280000,3.120739221572876,27,203.61712395675013,127.58543681520553,0.0240023136138916,-1.27957255e-05,18.291902542114258,100,14.857005834579468,220.82334360026044
-0.0036138918,0.24451923370361328,7.67966582620833,248.7242276353219,18.075246334075928,528.1967034339905,290000,3.001283884048462,28,199.604095993721,127.7101139971517,0.01999950408935547,-1.2697081e-05,17.807655811309814,100,14.537632942199707,221.29355715479014
-0.0022313623,0.25600123405456543,7.344290768526557,240.11018969992614,18.360656261444092,546.5713596343994,300000,3.069849729537964,29,203.11477538790078,129.5652118867188,0.024998903274536133,-1.260379e-05,18.078657150268555,100,14.70846152305603,225.78364982178897
-0.005065786,0.2560007572174072,6.896301778769079,240.42765412713666,18.163835525512695,564.7491948604584,310000,3.0466532707214355,30,200.37059068706458,129.20219737167557,0.02599930763244629,-1.2491616e-05,17.881835460662842,100,14.552686214447021,225.14839560583638
-0.0012305332,0.2525150775909424,6.563575640083306,240.32194754497573,18.459115266799927,583.2213099002838,320000,3.0900471210479736,31,210.43414474594988,130.1295199377221,0.017996788024902344,-1.239892e-05,18.18760323524475,100,14.786784410476685,226.69479017478824
-0.003708856,0.2550010681152344,8.069014763473042,243.16699283736884,17.86419415473938,601.0985040664673,330000,2.987506866455078,32,187.6332192189132,130.92467472728265,0.020997285842895508,-1.2265468e-05,17.58719515800476,100,14.314931392669678,228.38279809457498
-0.0019457537,0.30151844024658203,7.878846012121623,243.82931901442527,19.22424054145813,620.3382558822632,340000,3.2788541316986084,33,206.06656957958108,131.20680838469477,0.025999784469604492,-1.2133551e-05,18.896722316741943,100,15.273871660232544,229.48673186160033
-0.0021385846,0.24851179122924805,7.635049560779034,244.0942105218257,18.925200939178467,639.2774555683136,350000,3.192542552947998,34,206.44719417371803,131.5113465393874,0.025005578994750977,-1.2051945e-05,18.649683713912964,100,15.169611930847168,230.8088295444921
-0.003002042,0.2539989948272705,7.447609333602491,247.34258911856347,18.429767370224,657.7202219963074,360000,3.0896129608154297,35,196.28397732341094,132.19875647811924,0.018000364303588867,-1.19698225e-05,18.15776801109314,100,14.77637767791748,232.58655230431722
-0.0032169048,0.2780003547668457,8.686856360601608,247.90401500223294,18.30693221092224,676.0401546955109,370000,3.069136381149292,36,200.27482488499078,132.0189573250388,0.02499842643737793,-1.188086e-05,18.003933429718018,100,14.609028339385986,232.39221350840904
-0.0019437692,0.2555100917816162,7.613950436154002,248.89535438935582,18.504714965820312,694.5588686466217,380000,3.080698251724243,37,211.21543235863743,132.83012346812987,0.026743412017822266,-1.1771704e-05,18.220459938049316,100,14.855201005935669,233.71250636337612
-0.003666069,0.26999855041503906,9.872791007804855,251.42276165775843,18.352717638015747,712.9245882034302,390000,3.064312696456909,38,177.24152547768608,132.37502129913696,0.026000261306762695,-1.1661627e-05,18.055718183517456,100,14.648037433624268,233.42850346142544
-0.0024891184,0.26400113105773926,7.7472955114006306,251.2753447505537,18.114099979400635,731.0516881942749,400000,3.0732004642486572,39,199.49315085959537,133.54857320565205,0.02499675750732422,-1.1579723e-05,17.82310175895691,100,14.487621784210205,235.78034384748153
-0.0030988727,0.2539989948272705,6.27930897552012,250.97159371652924,18.03775954246521,749.1034467220306,410000,2.984476089477539,40,216.69931415990658,134.44610336548874,0.020998477935791016,-1.1487741e-05,17.76276206970215,100,14.488826036453247,237.81163156113328
-0.002521992,0.25099945068359375,7.882311345453666,249.6511966721158,17.74662494659424,766.8630721569061,420000,2.9435653686523438,41,208.9791439800661,134.16696465600518,0.01799917221069336,-1.1351351e-05,17.47762632369995,100,14.25387167930603,237.04734690348087
-0.0017218832,0.24851226806640625,7.451706975143643,254.93272363243457,17.639426469802856,784.515496969223,430000,2.917771100997925,42,213.1178445291816,135.12840913653366,0.021996021270751953,-1.1240671e-05,17.365917205810547,100,14.181100606918335,239.81573940246585
-0.002247262,0.2455129623413086,6.151073015706629,253.29095816517477,17.811986923217773,802.3404836654663,440000,2.931332588195801,43,215.6996373430897,135.55035040849532,0.023000240325927734,-1.1116633e-05,17.542474031448364,100,14.340038537979126,241.19767344478035
0.00048763267,0.2440013885498047,8.404654938341551,253.7741837512837,17.774139165878296,820.1276216506958,450000,2.9745562076568604,44,208.20733095297447,135.46244221693576,0.02699899673461914,-1.1004072e-05,17.500139474868774,100,14.245914697647095,241.06536647571895
-0.0039287554,0.25299835205078125,6.4245085839745615,254.8621033112644,17.879798650741577,838.0204193592072,460000,3.020756959915161,45,218.70899068964923,136.42742829315657,0.01801586151123047,-1.0887219e-05,17.607784748077393,100,14.319056987762451,243.46617770124936
-0.0051952936,0.25100159645080566,5.540301446935949,258.4370243269983,17.861668348312378,855.8960874080658,470000,2.990987539291382,46,233.58473273180564,137.99062107569318,0.020998477935791016,-1.07668575e-05,17.58966827392578,100,14.322474718093872,247.4484185392508
0.0007092041,0.24207401275634766,6.5039368915295945,263.0321236910256,17.73232674598694,873.6424136161804,480000,3.0257465839385986,47,220.2041532336534,137.71917672817096,0.025008678436279297,-1.0647001e-05,17.463245630264282,100,14.173537254333496,247.32051106190792
0.01115322,0.2690005302429199,6.561032944602865,259.2438534633317,17.99011993408203,891.6454606056213,490000,2.9999008178710938,48,228.26088815928406,138.36868135484437,0.02199864387512207,-1.0510218e-05,17.69912075996399,100,14.42306661605835,248.6293814500815
0.011377994,0.32200098037719727,7.710444274352199,266.31331736106546,18.320866584777832,909.9803266525269,500000,3.0715699195861816,49,220.9541511065464,139.164701128935,0.019997119903564453,-1.0398491e-05,17.97786784172058,100,14.572391748428345,250.3029136874562
0.0012405872,0.25003743171691895,6.503743512791116,265.4700647292686,19.182100534439087,929.1754250526428,510000,3.1704089641571045,50,230.73035843272586,140.32972177152612,0.018996477127075195,-1.0327994e-05,18.913066625595093,100,15.450340747833252,252.94953871409237
-0.00043619165,0.25100016593933105,6.694339590280416,270.11597637991065,18.821643114089966,948.0110669136047,520000,3.125340223312378,51,226.22910546271325,141.01428945570078,0.017999887466430664,-1.0228412e-05,18.552643060684204,100,15.117014169692993,254.86001154223877
-0.00258994,0.2885162830352783,5.698405461253023,268.42870253337077,18.564863204956055,966.5889298915863,530000,3.024789333343506,52,236.40694593842068,141.42896488255855,0.022998809814453125,-1.0163202e-05,18.253348112106323,100,14.938912391662598,255.2246505435425
-0.004078377,0.25490260124206543,6.865096091758084,272.4575498480361,18.984391689300537,985.5873181819916,540000,3.1549999713897705,53,230.138854861221,141.76915177847525,0.024098634719848633,-1.0072569e-05,18.704392671585083,100,15.23578405380249,255.8739337675114
-0.0022834847,0.24982786178588867,7.301754256059666,273.4205864990417,18.67541003227234,1004.2757270336151,550000,3.1403307914733887,54,231.5225449876872,141.82102671619842,0.026000022888183594,-9.96857e-06,18.399582147598267,100,14.97069239616394,255.97033928869547
0.0033580111,0.2645540237426758,5.922592510526708,271.041295080426,18.882462978363037,1023.1711883544922,560000,3.146514654159546,55,228.83437240119727,143.47839274519802,0.028996706008911133,-9.871258e-06,18.58891224861145,100,15.163615703582764,260.02731229479724
0.008616134,0.2550945281982422,5.492356796818985,274.8947433565266,18.358608961105347,1041.5427968502045,570000,3.0764424800872803,56,245.59172680813415,144.98906294158192,0.02399897575378418,-9.785343e-06,18.07951545715332,100,14.718457221984863,263.30416698880026
0.0024226517,0.2585294246673584,6.0295241441838,272.542902911327,18.099186658859253,1059.6558890342712,580000,3.0482065677642822,57,231.61935978988078,144.2436099251731,0.019996166229248047,-9.699392e-06,17.820661067962646,100,14.472561359405518,261.62259699865723
0.0008832484,0.25053930282592773,7.089926008818291,275.04444364581286,18.49970769882202,1078.169596195221,590000,3.0741686820983887,58,240.56635045179914,144.76047994235768,0.018000125885009766,-9.6175745e-06,18.231168270111084,100,14.85692024230957,262.70824380211417
-0.0038722714,0.27309083938598633,6.909545984494786,272.73809724073476,19.579299926757812,1097.7628960609436,600000,3.3021719455718994,59,232.1961620760484,144.3333809575509,0.029999494552612305,-9.543357e-06,19.274208068847656,100,15.637884616851807,262.1202359225984
-0.0037110164,0.2825279235839844,4.6336801893891755,273.713847289231,20.93065357208252,1118.7089757919312,610000,3.7275893688201904,60,253.8549539650674,145.74946197864583,0.026996612548828125,-9.440224e-06,20.621129035949707,100,16.485965490341187,265.11434907511904
-0.0012153808,0.26999878883361816,5.680001979668836,277.4935236624246,19.900365114212036,1138.6243393421173,620000,3.428941488265991,61,246.42490101235924,146.36655945426156,0.026001691818237305,-9.33354e-06,19.60436463356018,100,15.850146055221558,266.1179669052192
0.001447323,0.27803516387939453,6.445685293686328,276.9426633588191,19.444624423980713,1158.0859625339508,630000,3.269855499267578,62,226.74087000120298,146.66656438386383,0.025000333786010742,-9.238478e-06,19.14058804512024,100,15.566819429397583,266.525659510678
0.0048481333,0.26189279556274414,8.358899364679667,278.5028055784285,19.172022581100464,1177.2740993499756,640000,3.3497509956359863,63,235.74152413527784,146.7034333494307,0.028105735778808594,-9.114532e-06,18.881139516830444,100,15.200051307678223,266.65150650966353
0.007347475,0.2690005302429199,4.534152179095332,278.8569487999531,18.983461380004883,1196.2705607414246,650000,3.233884334564209,64,254.97477172578579,148.05172993670715,0.023999929428100586,-9.009361e-06,18.688461303710938,100,15.16463327407837,269.5346406320386
0.012563722,0.2525172233581543,5.884066400594404,279.7188099321542,18.904791355133057,1215.191351890564,660000,3.2589566707611084,65,243.9211964320743,148.53333355580102,0.025007009506225586,-8.909642e-06,18.626267433166504,100,15.070832967758179,270.1556791511282
-0.00332454,0.2550020217895508,6.301626323344739,279.6340452541204,18.984062671661377,1234.1894159317017,670000,3.2486400604248047,66,228.7088353783118,147.3103544721228,0.02799701690673828,-8.833176e-06,18.701063632965088,100,15.142358303070068,267.7852596284851
-0.00051816576,0.33500099182128906,9.933953213001658,277.87600424308073,19.904158115386963,1254.107573747635,680000,3.467742681503296,67,217.43708954471873,146.0374166831013,0.03399991989135742,-8.759562e-06,19.53415560722351,100,15.744218587875366,265.29354807472066
-0.001757976,0.2650027275085449,16.779705105776223,278.62797259319507,20.122199296951294,1274.2557730674744,690000,3.4647324085235596,68,111.34356069780615,147.70725864103767,0.031998634338378906,-8.68398e-06,19.823203802108765,100,16.034200429916382,268.1246142856312
-0.0024920339,0.26199841499328613,5.152542165361595,277.1420406117162,19.12272834777832,1293.3925042152405,700000,3.2609810829162598,69,253.54284879560106,148.4109993452418,0.026000261306762695,-8.607718e-06,18.83372974395752,100,15.249571323394775,269.9380150929853
0.0017190115,0.2810041904449463,4.897669771489129,280.3569671982086,19.012845754623413,1312.4193494319916,710000,3.273230791091919,70,251.8832909770455,149.20290610633492,0.025997400283813477,-8.518e-06,18.705844163894653,100,15.119557857513428,271.5231640858177
0.00041647433,0.2590007781982422,4.3237685513355455,277.3664103777833,19.08254361152649,1331.5188918113708,720000,3.236363649368286,71,256.231380517434,148.60295472694708,0.02399730682373047,-8.443699e-06,18.799545526504517,100,15.20522952079773,270.40016709193753
0.008338658,0.2595205307006836,9.214199278738773,280.5395161069527,18.94504737854004,1350.4770157337189,730000,3.2881569862365723,72,205.3631158611887,148.92424441235957,0.02499842643737793,-8.365468e-06,18.660528421401978,100,15.085119485855103,270.7134368481673
0.0058026244,0.2650003433227539,5.327119856036719,283.6514313645687,18.540693044662476,1369.0317103862762,740000,3.1403253078460693,73,251.45436617052218,150.36779186673164,0.026999235153198242,-8.292577e-06,18.248693466186523,100,14.780601978302002,273.9084709019242
-0.0023206205,0.3320455551147461,6.054232356295865,283.91981506968614,19.4691059589386,1388.5148167610168,750000,3.322835683822632,74,240.88102331325783,150.50555121733203,0.05000042915344238,-8.213638e-06,19.07805895805359,100,15.442896604537964,274.0180585095252
-0.0029343525,0.2665138244628906,7.952657352567063,283.6663280286281,19.81634545326233,1408.3481614589691,760000,3.3956634998321533,75,222.7641037969049,150.68042295076648,0.02700066566467285,-8.149477e-06,19.522830963134766,100,15.791389465332031,274.4306115230459
0.0012249036,0.27500057220458984,5.008016642225322,283.86161446721223,18.953689098358154,1427.314849615097,770000,3.20558500289917,76,261.4252302184199,150.85547158760852,0.022997140884399414,-8.094412e-06,18.654691457748413,100,15.14431357383728,275.07064143310913
-0.00082495116,0.31499552726745605,4.191733144821592,282.05541282656077,19.995319604873657,1447.3231682777405,780000,3.4298126697540283,77,261.2412354091406,150.91869114413896,0.029003620147705078,-8.046217e-06,19.649317979812622,100,15.889532327651978,275.3518813895389
0.005539379,0.2669997215270996,3.9932785286512815,282.73163165666034,20.289860725402832,1467.6280255317688,790000,3.341546058654785,78,261.3420516476584,151.4513267995619,0.026998281478881836,-7.960536e-06,19.99586272239685,100,16.339126110076904,276.1933806988749
0.006185486,0.26409196853637695,4.22849788931898,282.03779092886015,18.881428718566895,1486.522453069687,800000,3.170196294784546,79,259.43303666895434,150.46396161588385,0.01999807357788086,-7.881043e-06,18.596339225769043,100,15.13480281829834,274.54050741200047
0.022275664,0.2545149326324463,4.820299574252388,283.4541590885577,18.389107704162598,1504.924468755722,810000,3.1031768321990967,80,253.51506099468872,150.86257603179385,0.023007631301879883,-7.797852e-06,18.10943102836609,100,14.726907968521118,274.79830410607315
-0.002590534,0.2550013065338135,5.546563559215619,286.2068255129756,18.696474075317383,1523.6339423656464,820000,3.1477861404418945,81,252.46721954982164,151.12552659520776,0.018999338150024414,-7.74609e-06,18.422473430633545,100,14.98932409286499,274.9782341737153
0.021547459,0.26651978492736816,6.568979228207062,283.12315786037135,18.900068283081055,1542.5480103492737,830000,3.0927844047546387,82,242.2256256933835,150.7470491280828,0.025997161865234375,-7.642144e-06,18.607551336288452,100,15.1937415599823,274.2214292866743
-0.0026890712,0.27500295639038086,5.112391760618318,284.76408639515404,18.721794366836548,1561.2828044891357,840000,3.112826347351074,83,252.06666566382978,151.7144251216307,0.02199721336364746,-7.5772814e-06,18.42479419708252,100,15.026261806488037,276.7376092877782
-0.0032527903,0.2800424098968506,4.837576207359165,285.49439436045327,18.401276111602783,1579.7010786533356,850000,3.057009220123291,84,260.8230800601507,151.8690345394866,0.025996923446655273,-7.4673217e-06,18.095236778259277,100,14.761552572250366,276.9574531843692
-0.0011697847,0.28200244903564453,4.01223970420149,284.2771947154481,18.796958208084106,1598.5110366344452,860000,3.1890368461608887,85,261.03170431985035,151.72064784978082,0.02799820899963379,-7.367295e-06,18.485960245132446,100,14.984356164932251,276.5761497504384
-0.0013931785,0.26100683212280273,4.473628550349846,282.58733054131415,18.902010440826416,1617.4260454177856,870000,3.1949331760406494,86,260.7154936609796,151.7576092456793,0.025996923446655273,-7.2679813e-06,18.613003969192505,100,15.130301237106323,276.40153372380115
-0.0016953078,0.298999547958374,4.493565588149552,285.09254134130214,18.411934852600098,1635.8579761981964,880000,3.0658349990844727,87,261.7437565600852,151.98504915197285,0.022001028060913086,-7.176818e-06,18.08993434906006,100,14.753613471984863,276.68497150668725
-0.0037450714,0.2559998035430908,3.63047496397463,283.70252744073525,18.843138694763184,1654.7141132354736,890000,3.1997005939483643,88,266.1049362923646,152.53629839584661,0.018997907638549805,-7.090697e-06,18.567058086395264,100,15.084253549575806,278.129988965929
0.0007963122,0.24799871444702148,5.1155941655455095,286.0080457940388,18.690407276153564,1673.4185202121735,900000,3.121117115020752,89,257.4127549442913,152.42331213728718,0.024999380111694336,-6.9640337e-06,18.416406869888306,100,14.992498874664307,277.96706581741654
-0.0024147283,0.2824251651763916,3.6125000803807454,285.2338290280864,18.501527309417725,1691.9341206550598,910000,3.1075761318206787,90,264.89317053345667,152.87222866834455,0.026085376739501953,-6.837232e-06,18.192004203796387,100,14.791755437850952,278.90243148686096
-0.0009388881,0.2759988307952881,3.7357730391717103,286.17334589660993,18.792033433914185,1710.7391529083252,920000,3.2268178462982178,91,267.66767561245854,152.85777623106787,0.02399921417236328,-6.726454e-06,18.492035388946533,100,14.997079133987427,279.0725205647984
-0.0021853107,0.24501585960388184,4.233881764030706,284.94668709689074,17.738765001296997,1728.4909179210663,930000,2.903386116027832,92,264.3451875306513,153.0628193628525,0.022998332977294922,-6.631014e-06,17.46975040435791,100,14.30116605758667,279.26927319686786
0.00062610034,0.2570018768310547,4.5521621533954155,289.99665020959475,17.831140518188477,1746.3350567817688,940000,2.9729082584381104,93,267.04334430461444,153.07486871083,0.026996374130249023,-6.520474e-06,17.547142267227173,100,14.249440670013428,279.3046960011375
-0.0044690887,0.2500016689300537,6.328272340177965,287.924858817492,17.800851583480835,1764.1489067077637,950000,2.94720721244812,94,248.2546351994362,152.57053406193944,0.022996187210083008,-6.4039064e-06,17.526854038238525,100,14.295392990112305,278.7462934038395
-0.000411462,0.26000213623046875,4.607559298740952,287.38001862635355,17.59192132949829,1781.7539076805115,960000,2.9318840503692627,95,264.0065626906321,152.7973061448494,0.025000572204589844,-6.3018792e-06,17.305997371673584,100,14.098475456237793,279.1162724386347
-0.0019412597,0.28600049018859863,3.83500187293393,288.06040377109224,17.873188972473145,1799.6410965919495,970000,2.959707260131836,96,264.5662871171193,153.36082226084267,0.04600191116333008,-6.1977216e-06,17.541186571121216,100,14.321349143981934,280.0657428817295
-0.0014854367,0.343519926071167,3.5349257957070557,287.37340484259,17.805779933929443,1817.4608762264252,980000,2.886111259460449,97,269.9498227941767,153.1863113833008,0.025999069213867188,-6.0973402e-06,17.43626093864441,100,14.290531396865845,279.63503620286286
0.0034598878,0.33100271224975586,3.8250608258092877,286.18016406819413,17.795588493347168,1835.2774641513824,990000,2.9557278156280518,98,268.7269245240805,152.9372109207658,0.017998456954956055,-6.011562e-06,17.44458818435669,100,14.221787452697754,279.4731704179917
0.000635121,0.3285205364227295,3.8456776066840725,285.8075887796019,18.070832014083862,1853.37229180336,1000000,3.0599780082702637,99,263.24322176110593,153.02395031439107,0.01999950408935547,-5.936806e-06,17.721306085586548,100,14.401654958724976,279.7974299982536
-0.0006404302,0.2539989948272705,4.888625214023361,287.9403779183632,17.572087287902832,1870.967383146286,1010000,2.9552037715911865,100,261.03334840733226,152.72215375140317,0.022112131118774414,-5.846698e-06,17.294087648391724,100,14.059340476989746,278.8770196591162
-0.0021665895,0.26000070571899414,3.2699763262044383,287.5130045327094,17.660600423812866,1888.6409833431244,1020000,2.975633382797241,101,269.84253642442513,153.41845670349988,0.025997161865234375,-5.7196394e-06,17.373602390289307,100,14.137962579727173,280.16624095498497
-0.0004433573,0.33300065994262695,4.044786588401194,286.6237524145241,17.97058129310608,1906.6245648860931,1030000,2.96488356590271,102,263.99454051859453,153.3410261314685,0.018999814987182617,-5.627546e-06,17.617581605911255,100,14.390626430511475,280.17800343285023
-0.0003151859,0.2633848190307617,4.036303343058437,288.3987260709135,17.470695972442627,1924.1142637729645,1040000,2.9291651248931885,103,267.3245067899459,153.53264761444743,0.017998695373535156,-5.530753e-06,17.18931245803833,100,14.00062370300293,280.77041202664884
0.0046457,0.3130044937133789,3.255775466821866,291.44860010048774,17.917654514312744,1942.0449192523956,1050000,2.951908826828003,104,271.6600813302385,154.11024431063618,0.026998519897460938,-5.4446946e-06,17.576651334762573,100,14.28630542755127,281.69450757578284
0.006716322,0.2830028533935547,4.713158652171267,290.4837897474739,17.780011415481567,1959.8569269180298,1060000,2.934828519821167,105,260.43966126549316,153.61794713335345,0.02099776268005371,-5.3757517e-06,17.47601079940796,100,14.261897087097168,281.0932401657951
-0.0035656563,0.26399779319763184,6.351718579529343,290.3926258395102,18.024704456329346,1977.8986287117004,1070000,3.005932569503784,106,234.65897585533332,154.367943032118,0.020002126693725586,-5.3006825e-06,17.73870325088501,100,14.462035894393921,282.2749913962192
0.0054400773,0.265000581741333,4.458582840316051,288.61680167708886,17.81533670425415,1995.7269649505615,1080000,2.9628491401672363,107,266.32727179778436,153.90649453721915,0.02399730682373047,-5.24371e-06,17.526338815689087,100,14.293190240859985,281.5393436779052
-0.0027682758,0.2649979591369629,4.459931189899183,290.8244748449962,17.948243379592896,2013.689207315445,1090000,3.046628713607788,108,265.6958652300942,154.06424969509678,0.024000167846679688,-5.1738834e-06,17.659245252609253,100,14.343506813049316,281.7667568536405
-0.002371866,0.26600027084350586,4.343811898051393,289.4355960809604,17.799581289291382,2031.502789258957,1100000,3.009401321411133,109,259.4469144442185,154.07958360110527,0.026997804641723633,-5.0387384e-06,17.506583213806152,100,14.239884853363037,282.09766888591713
-0.0040560383,0.2740013599395752,8.676264352815737,290.9167798103301,17.854456424713135,2049.3697593212128,1110000,2.929600954055786,110,230.3471254841837,153.47451461145894,0.02499842643737793,-4.928688e-06,17.55545663833618,100,14.332155227661133,280.92305375224254
0.0020611456,0.273998498916626,5.10959988278923,289.803277558508,17.815598726272583,2067.1993567943573,1120000,2.8971405029296875,111,260.64339030393745,154.2001905961628,0.02299809455871582,-4.816339e-06,17.516600847244263,100,14.337700843811035,282.27078938823996
-0.00096960133,0.26600003242492676,4.835914479421363,291.1851444444063,17.674399375915527,2084.885756254196,1130000,2.9208810329437256,112,266.01127231733483,153.94315949439712,0.022998332977294922,-4.692899e-06,17.38340139389038,100,14.175544500350952,281.6536436834637
-0.0043342924,0.2550013065338135,4.48379042996901,291.2333034250316,17.7269606590271,2102.6267173290253,1140000,2.9250049591064453,113,260.0303811180995,154.585986637771,0.02499675750732422,-4.56836e-06,17.446962594985962,100,14.24190640449524,282.61839297349024
-0.0014821988,0.26000261306762695,4.526536341668122,293.2859185768653,17.714011907577515,2120.3537290096283,1150000,2.930149555206299,114,268.67678953968493,154.33565829740564,0.026009321212768555,-4.4675585e-06,17.427000999450684,100,14.235473871231079,282.07906513976553
-0.0022138436,0.253002405166626,2.9498190543675857,290.1066760328439,17.700319290161133,2138.0680470466614,1160000,2.937642812728882,115,275.07917202594825,155.03712596551082,0.023997068405151367,-4.3729997e-06,17.423319816589355,100,14.16822600364685,283.59657088709275
0.0004770206,0.28099822998046875,3.8194314205660174,289.6931297048477,17.95766544342041,2156.0397119522095,1170000,3.032604455947876,116,264.43601032899005,154.78468815468443,0.031999826431274414,-4.285431e-06,17.644667387008667,100,14.344406843185425,283.01717911817065
0.0011360109,0.2662374973297119,5.059172241359836,290.56024762649434,18.035869121551514,2174.089579105377,1180000,3.1114280223846436,117,259.6124194456739,154.85223023253224,0.024996280670166016,-4.1987146e-06,17.742634057998657,100,14.351449012756348,283.1855269501993
-0.0024287435,0.27699851989746094,4.4765364161382575,291.5115133139755,18.233863830566406,2192.3374423980713,1190000,3.1006457805633545,118,265.1655474710235,155.1783243455362,0.02399897575378418,-4.0708696e-06,17.93286633491516,100,14.558438539505005,283.7264756317101
-0.00048622658,0.2724792957305908,4.364174945513844,294.2557647370606,18.48170757293701,2210.832149028778,1200000,3.0991625785827637,119,271.0281599082502,155.3087898644818,0.022554636001586914,-4.021994e-06,18.184672117233276,100,14.767835140228271,284.1330553820193
-0.0016845562,0.2747678756713867,4.250852214220566,293.26294949810546,18.482043981552124,2229.3281919956207,1210000,3.130964994430542,120,263.3679680457834,155.60154147047874,0.024999380111694336,-3.9744436e-06,18.181278228759766,100,14.75982141494751,284.9411344775998
-0.0010726963,0.2759997844696045,4.018756086903898,291.87103289647234,18.203948497772217,2247.54513835907,1220000,3.1035594940185547,121,266.01452934441954,155.61759054810148,0.0260012149810791,-3.8830003e-06,17.900876998901367,100,14.538315057754517,284.8733043589187
-0.0057119275,0.27299976348876953,6.691837489257031,293.9945675141226,18.255333185195923,2265.8134701251984,1230000,3.1633286476135254,122,250.5456303785515,155.1893491453985,0.018951892852783203,-3.822626e-06,17.961380004882812,100,14.501145124435425,283.80978881844976
-0.0016130176,0.27251744270324707,5.5453969613676355,293.3909300842454,18.492551565170288,2284.319020986557,1240000,3.0887720584869385,123,263.8778564688528,155.363437059029,0.025998830795288086,-3.7593757e-06,18.19203543663025,100,14.798461437225342,284.285745879701
-0.0018831702,0.2650001049041748,4.387763514270714,292.65743851699165,18.033793210983276,2302.365890979767,1250000,3.0461502075195312,124,269.3981017973901,155.5168332375694,0.024999141693115234,-3.711295e-06,17.7418692111969,100,14.406017541885376,284.53827222823185
-0.003357976,0.2649960517883301,4.554340365361687,291.6404680345583,17.88883924484253,2320.2677285671234,1260000,2.9584271907806396,125,262.79570246184005,155.33151734581213,0.022000789642333984,-3.6200236e-06,17.60084319114685,100,14.383520126342773,283.95374698100034
-0.0018535116,0.2609999179840088,2.9975681933312566,291.26701832782646,18.067898511886597,2338.3486268520355,1270000,2.9726405143737793,126,276.196485536132,156.08264750767256,0.022528648376464844,-3.5311698e-06,17.783370971679688,100,14.49375319480896,285.6180574513906
-0.0020572864,0.26602840423583984,3.6359132685358433,291.62826192245603,18.10187029838562,2356.4635605812073,1280000,2.992610454559326,127,273.7916299585536,156.05296736163658,0.02499699592590332,-3.4474683e-06,17.810844898223877,100,14.526001691818237,285.47826794392165
-0.0026414378,0.2609982490539551,4.200694683382454,291.72109195005794,17.940926790237427,2374.418487071991,1290000,2.9390244483947754,128,273.48011109460435,156.14276139984398,0.0220029354095459,-3.3404706e-06,17.657925605773926,100,14.448904037475586,285.7760571779439
-0.00212192,0.26200032234191895,5.080678176713838,292.39764947200314,17.706235885620117,2392.138722896576,1300000,2.924403429031372,129,246.0422415258123,156.1033508786222,0.023996591567993164,-3.296908e-06,17.420238971710205,100,14.238138437271118,285.57859864547623
-0.0052844537,0.2630000114440918,4.130497867570228,292.74638719513706,17.804651021957397,2409.9573743343353,1310000,2.952078342437744,130,265.9652160525734,156.10143967103696,0.024998903274536133,-3.2308803e-06,17.515652179718018,100,14.27995491027832,285.4173345043282
0.002781521,0.25999975204467773,4.717607055554296,295.34234914557476,17.551143169403076,2427.5215182304382,1320000,2.932908058166504,131,263.9807560421662,156.29412738991536,0.020001649856567383,-3.127427e-06,17.270068645477295,100,14.066203355789185,285.82613513253233
-0.0038643167,0.2625124454498291,4.134316819161022,293.56558209322986,17.83314561843872,2445.367663860321,1330000,2.9805526733398438,132,266.1888037414676,156.1735055184126,0.019001483917236328,-3.015649e-06,17.551631689071655,100,14.288752794265747,285.6736382875347
-0.00227936,0.2650003433227539,3.4501614838753296,292.33403099197795,17.72390651702881,2463.1045684814453,1340000,2.934842109680176,133,274.56589494912464,156.21950090466748,0.02399754524230957,-2.8788984e-06,17.434908628463745,100,14.203735589981079,285.89550231282016
0.0027303994,0.26151394844055176,3.8904489421927506,293.56811227107585,17.73823881149292,2480.8558073043823,1350000,2.902336597442627,134,272.72399364593707,156.6712366679604,0.019001245498657227,-2.7516674e-06,17.45772361755371,100,14.269328355789185,286.8383383822612
-0.0011789523,0.2690005302429199,4.983027330859547,293.9512020087439,17.70627498626709,2498.5760827064514,1360000,2.9083545207977295,135,259.78269882386115,156.5506978099055,0.02500128746032715,-2.639073e-06,17.410197257995605,100,14.226816415786743,286.7243135812725
0.0012360439,0.26600003242492676,5.479344256840521,295.1164959788623,17.606509685516357,2516.1965923309326,1370000,2.906892776489258,136,259.35970555900326,156.41277082996174,0.01899862289428711,-2.5464499e-06,17.321511030197144,100,14.146438360214233,286.3331672262449
-0.0030129019,0.2690005302429199,4.817090363611493,293.9009109703075,17.827032327651978,2534.0376250743866,1380000,2.9253804683685303,137,267.87655440306133,156.3582739197259,0.030997514724731445,-2.4527776e-06,17.526034593582153,100,14.28302812576294,286.2568696770203
-0.004753343,0.25951528549194336,4.177456403933547,295.27030836208917,17.74766516685486,2551.7982885837555,1390000,2.9147939682006836,138,274.4549913208586,156.54985856817336,0.01799917221069336,-2.3710202e-06,17.46910071372986,100,14.281323432922363,286.57875693676664
-0.0031953824,0.27700018882751465,3.869271636530667,292.90192513560714,17.854560613632202,2569.6659276485443,1400000,2.964890956878662,139,275.3033527970899,156.8552274015028,0.023999452590942383,-2.2987067e-06,17.55263924598694,100,14.331977844238281,286.6975371382667
-0.0012389979,0.2630007266998291,4.980926833702864,293.2520886861012,17.83386731147766,2587.5137939453125,1410000,2.9644827842712402,140,263.22151144060246,156.3120271387109,0.019997596740722656,-2.2441816e-06,17.549869298934937,100,14.303518056869507,285.75164440002254
0.012902867,0.26552438735961914,4.211721196482393,293.7299126822454,17.7171049118042,2605.2448983192444,1420000,2.9027204513549805,141,267.5195784399391,156.79043260396153,0.01699686050415039,-2.1722828e-06,17.4335834980011,100,14.256888151168823,286.9738377352836
-0.0026109456,0.2589986324310303,4.392558414155573,295.4859029954993,17.616451025009155,2622.8743472099304,1430000,2.912128448486328,142,269.87754396099353,156.77473825551425,0.018999099731445312,-2.0631708e-06,17.33845329284668,100,14.15023136138916,286.80765395984764
-0.0013803134,0.2824268341064453,4.521107591815189,293.42352890534323,18.456175088882446,2641.343522787094,1440000,3.124267816543579,143,258.8126808679245,156.90260231728772,0.021997690200805664,-1.9964446e-06,18.151750564575195,100,14.705286741256714,287.158084758716
0.011065608,0.26800084114074707,3.9668148602025743,294.69190249487815,17.79223918914795,2659.148760318756,1450000,3.037558078765869,144,273.5817279842558,156.41995187686007,0.018997669219970703,-1.9212114e-06,17.50524067878723,100,14.226569414138794,286.3716721424907
0.014393585,0.2665128707885742,4.536067923693717,295.08906022213614,17.94092059135437,2677.104679584503,1460000,2.98404598236084,145,265.63697475780475,157.26995351674603,0.027001380920410156,-1.864177e-06,17.647406339645386,100,14.398958206176758,287.64494362520605
-0.0034880564,0.28100037574768066,5.384552995638219,296.0579873065042,17.91133737564087,2695.0290167331696,1470000,3.020299196243286,146,264.8160645499963,157.06647040237266,0.022997140884399414,-1.7914546e-06,17.606339693069458,100,14.329787969589233,287.6067552013477
-0.0014168656,0.2650001049041748,5.050002263190785,295.28979358261677,17.853066444396973,2712.895083665848,1480000,2.931710958480835,147,265.888265140168,157.33221288131196,0.02400064468383789,-1.6955602e-06,17.56406569480896,100,14.380876541137695,288.3991408371372
-0.00014802409,0.26599812507629395,4.093148221047615,295.5960423504435,17.594340562820435,2730.50342297554,1490000,2.903341054916382,148,275.1557696223999,157.55315502661338,0.0189974308013916,-1.6121709e-06,17.307341814041138,100,14.07709550857544,288.94491743319145
-0.0039702603,0.26752567291259766,4.349942292116784,295.3189158947443,17.679461002349854,2748.195883512497,1500000,2.915598154067993,149,270.4302952501766,157.64783349201835,0.026000261306762695,-1.5336072e-06,17.384934425354004,100,14.214894533157349,288.8715553977556
-0.0032442356,0.2670013904571533,4.975595232345579,297.5419818523671,17.83978843688965,2766.048671722412,1510000,2.9198997020721436,150,258.5423508280127,157.69031939882083,0.022999286651611328,-1.4952016e-06,17.54878807067871,100,14.348039150238037,289.0826037225644
0.006642375,0.2650017738342285,4.258817415158801,295.4618919372132,17.753272771835327,2783.814943790436,1520000,2.895719528198242,151,274.72834587905135,157.89416439977626,0.0169980525970459,-1.4210068e-06,17.470274448394775,100,14.298163175582886,289.317444058648
0.0036292477,0.26999998092651367,5.193489956248113,296.8227329203243,17.753188848495483,2801.581132888794,1530000,2.9084877967834473,152,269.7400366122448,157.3894464969408,0.019999027252197266,-1.3457727e-06,17.46218991279602,100,14.28846263885498,288.82188225958237
-0.002285548,0.26799774169921875,4.603839400549872,295.3669029602752,17.539944887161255,2819.134598493576,1540000,2.9320733547210693,153,265.3200148251081,157.83911518986787,0.0260012149810791,-1.2684941e-06,17.245945930480957,100,14.055964469909668,289.66777741494343
0.00482326,0.2735097408294678,3.1555819824032567,296.0447725286548,17.614643096923828,2836.7622406482697,1550000,2.8927643299102783,154,279.52583596854004,158.21973338091712,0.02699756622314453,-1.2156999e-06,17.313135147094727,100,14.161057233810425,290.33537979761326
-0.0014615406,0.26651501655578613,3.4715943349521643,298.1689643307745,17.55668020248413,2854.331920862198,1560000,2.9221959114074707,155,281.6883472258788,158.10888840126125,0.01799750328063965,-1.1753701e-06,17.270167589187622,100,14.091361284255981,289.96055418093425
-0.0032961771,0.2739987373352051,4.782898340866297,296.7772320487827,17.70340871810913,2872.048328638077,1570000,2.8936688899993896,156,265.5062692780612,157.9550844448998,0.018999576568603516,-1.0890901e-06,17.40941095352173,100,14.23726511001587,289.4278218447807
-0.0032092216,0.26599812507629395,4.176689401536353,297.15678599305653,17.740231037139893,2889.801611661911,1580000,2.912158489227295,157,270.25564552787114,157.73079333068176,0.01999974250793457,-1.0225499e-06,17.453285694122314,100,14.275408029556274,289.09913297395144
0.0059368555,0.26799869537353516,4.324160129889294,295.0710746962977,17.5445556640625,2907.360167503357,1590000,2.865663766860962,158,274.76575113142195,158.00711187880756,0.02500128746032715,-9.384834e-07,17.251555681228638,100,14.089491844177246,289.58538395388575
0.016429072,0.26652956008911133,4.01921901138448,297.34914179331616,17.751973152160645,2925.1241402626038,1600000,2.9365596771240234,159,274.7015570110924,158.3349853263475,0.021999835968017578,-8.298862e-07,17.46144437789917,100,14.205408573150635,290.4943879322074
0.015702669,0.2760021686553955,3.751680252332496,296.4313873123609,17.778900861740112,2942.916040658951,1610000,2.9206740856170654,160,277.6409173402414,158.0867651821667,0.026000022888183594,-7.0854304e-07,17.476898670196533,100,14.274748802185059,290.4341310140324
0.0019800432,0.26400065422058105,5.752687545067122,297.13813229895965,17.709739446640015,2960.638779401779,1620000,2.924957513809204,161,271.03685221422904,157.0659569618687,0.023996591567993164,-6.049215e-07,17.419743061065674,100,14.230383157730103,288.26577900688795
-0.0012368344,0.2799997329711914,4.696511185724249,297.97938495436034,17.756441354751587,2978.407219648361,1630000,2.9025259017944336,162,270.4841969718526,157.9780706200372,0.019010066986083984,-5.109608e-07,17.456359386444092,100,14.298754930496216,289.95823529898695
-0.0025293685,0.273998498916626,4.696169568814755,296.8334097719468,17.681946516036987,2996.1021645069122,1640000,2.8455681800842285,163,274.9726441309567,157.6441976991324,0.017998933792114258,-4.6051858e-07,17.3889479637146,100,14.26616907119751,289.63073412238884
-0.00070185494,0.26399779319763184,4.537861718780082,297.5892546622431,17.736216068267822,3013.851380109787,1650000,2.9410111904144287,164,274.2239689643035,158.26936307561675,0.021014928817749023,-3.8903474e-07,17.4492027759552,100,14.264549493789673,290.6979340073722
-0.0025184553,0.2700021266937256,4.182883910654139,297.20459753924564,17.819628477096558,3031.684009075165,1660000,2.927363872528076,165,272.9856421147663,158.34130073149637,0.018996715545654297,-3.3365725e-07,17.530629634857178,100,14.333333730697632,290.6991445499784
-0.002606085,0.2760298252105713,4.470547216690067,297.5581377496058,17.88635516166687,3049.583363056183,1670000,2.9396703243255615,166,273.72622434406003,158.52138868195416,0.01800084114074707,-2.606356e-07,17.5903263092041,100,14.37019419670105,291.1457312819208
-0.0038843767,0.2630000114440918,3.8598002877219453,297.06168101556324,18.258432626724243,3067.85479593277,1680000,3.0567424297332764,167,275.7296565208548,158.795544653139,0.019000530242919922,-1.3726711e-07,17.97543215751648,100,14.655291080474854,291.5470702226012
-0.004084926,0.2630016803741455,4.19516838142371,297.9476059197254,17.676401138305664,3085.544196844101,1690000,2.8776285648345947,168,275.8139250962909,158.5595947178192,0.019906997680664062,-9.523272e-08,17.393399953842163,100,14.249947547912598,290.9312194202407
-0.0024715788,0.26800012588500977,3.931823558450686,297.0675966634578,17.74390411376953,3103.3020992279053,1700000,2.898674249649048,169,278.8940759026114,158.81712292461492,0.026000499725341797,-4.9611327e-08,17.447903633117676,100,14.28659987449646,291.4214625115949
-0.0046122815,0.25800037384033203,3.6144172522856763,296.64717321818256,17.712186574935913,3121.028284072876,1710000,2.954239845275879,170,276.7279098155558,158.7994199867523,0.02299785614013672,1.078844e-08,17.431188344955444,100,14.165267705917358,291.42649523607344
-0.0031518794,0.26800036430358887,3.774931578993095,297.4947831817919,17.801924228668213,3138.8432083129883,1720000,2.8572492599487305,171,277.40012464786156,158.84111956712292,0.021999835968017578,9.621739e-08,17.509925603866577,100,14.375555515289307,291.4328406330159
-0.0027406912,0.2719995975494385,4.098279619659729,298.14858658438925,17.749139308929443,3156.6053471565247,1730000,2.9271280765533447,172,272.67468141790715,158.67674921547126,0.028998613357543945,2.1715044e-07,17.44814109802246,100,14.23711371421814,291.31657000603883
-0.00247543,0.2675204277038574,3.4989186791390967,297.79864517222063,17.803693771362305,3174.422040939331,1740000,2.8641700744628906,173,278.39982972129985,158.84318478678242,0.026000022888183594,3.091085e-07,17.50917410850525,100,14.369391679763794,291.44476089486693
-0.0024515835,0.2700004577636719,4.004075846527958,298.08779427852267,17.688408136367798,3192.1254477500916,1750000,2.887071371078491,174,271.4862050129911,158.93600168320611,0.018999099731445312,4.0476442e-07,17.398409366607666,100,14.211132526397705,291.57343384080707
-0.00026165912,0.2669978141784668,3.4884349286042173,297.9459378775308,17.72056770324707,3209.859014749527,1760000,2.960073471069336,175,278.54488902225296,158.9897713824562,0.024999618530273438,5.221939e-07,17.42756986618042,100,14.207268714904785,291.7926519480601
-0.00028103395,0.272000789642334,4.122531158358068,298.55784340060757,17.874497175216675,3227.746512413025,1770000,2.937796115875244,176,268.762947270616,159.00430041770883,0.019999027252197266,6.02833e-07,17.582497358322144,100,14.365297555923462,291.7338359563192
-0.0030122022,0.27100062370300293,3.8756940477894295,297.56696558798956,17.74765920639038,3245.5071716308594,1780000,2.919313907623291,177,269.8370860084489,159.20212462460483,0.02001023292541504,7.073772e-07,17.45564866065979,100,14.248130083084106,292.2163511133967
-0.0034076625,0.26400184631347656,3.345582391838114,296.7299950654431,17.791112184524536,3263.311283349991,1790000,2.934453248977661,178,281.1289312952866,159.05906962375528,0.01799631118774414,8.3276626e-07,17.508113861083984,100,14.28122591972351,291.75248625966293
-0.0026541667,0.26800060272216797,4.399728283206825,296.83964475144734,17.7527015209198,3281.0769827365875,1800000,2.922683000564575,179,271.3867532610345,158.6668946046978,0.02799820899963379,9.375655e-07,17.455700635910034,100,14.270607709884644,291.1847702428111
-0.0033147503,0.28151917457580566,3.0189341908875322,297.660132039795,17.832807779312134,3298.923790693283,1810000,2.8950374126434326,180,282.18779913004886,158.99354310707199,0.017998218536376953,1.0823118e-06,17.53329038619995,100,14.306496620178223,291.56108402134277
-0.003496809,0.26600027084350586,4.586062703194676,297.3653853765575,17.92822265625,3316.8655214309692,1820000,2.9731128215789795,181,266.28602468863363,158.5453931904248,0.022998571395874023,1.2317979e-06,17.63922381401062,100,14.398187637329102,290.6352120622152
0.013780547,0.26286768913269043,3.504918971918873,297.200615761939,17.84637212753296,3334.724893093109,1830000,2.9107251167297363,182,280.33993328108704,158.902568272139,0.02499866485595703,1.3325453e-06,17.557507276535034,100,14.373071193695068,291.3650692497763
0.0018849892,0.26851344108581543,4.1012335326792035,296.6404405110736,17.882982969284058,3352.620876312256,1840000,2.9775469303131104,183,269.53247250244874,159.0654674172868,0.02699732780456543,1.4511013e-06,17.587472200393677,100,14.347622632980347,291.77111443090456
0.00088150543,0.27300262451171875,3.3151866949378204,297.199567084179,17.734505653381348,3370.3683817386627,1850000,2.905163049697876,184,275.9733876150862,159.28690333513788,0.02699756622314453,1.5618098e-06,17.434505462646484,100,14.259645700454712,291.96666843337556
-0.0020851546,0.26199960708618164,4.1683303863899015,297.4787405369516,17.968266487121582,3388.350647687912,1860000,2.978742837905884,185,265.38249114504424,159.1933148601953,0.021998167037963867,1.6271733e-06,17.683268547058105,100,14.439255714416504,291.9088613691953
0.00038902732,0.26000022888183594,3.8642590541648807,297.371771783415,17.620407581329346,3405.9850556850433,1870000,2.9459822177886963,186,274.6932406059715,159.17661601103885,0.017996788024902344,1.6892313e-06,17.340408086776733,100,14.11229681968689,291.8617340324309
-0.0039146915,0.26952552795410156,3.338246431246736,297.2131445699379,17.77203369140625,3423.770087957382,1880000,2.851153612136841,187,276.2312994614414,159.50634372338337,0.017998456954956055,1.7867183e-06,17.484509706497192,100,14.36172866821289,292.4981786227407
0.00111753,0.2709779739379883,3.702507887105872,298.4908971631642,17.675148248672485,3441.45823597908,1890000,2.9597020149230957,188,279.58422693572203,159.35463500956607,0.024892568588256836,1.9315814e-06,17.378254413604736,100,14.15944528579712,292.41389287385505
0.0013446369,0.2720012664794922,3.971231203084822,299.24141758915914,18.26272487640381,3459.734960079193,1900000,3.056508779525757,189,276.9374114742473,159.51023539409735,0.02499699592590332,2.0381844e-06,17.964726448059082,100,14.626194953918457,293.0696652917566
0.0010088771,0.5699987411499023,3.9886088123263588,298.105429341693,20.294442653656006,3480.043401002884,1910000,3.3533825874328613,190,274.69570225244314,159.52802720503766,0.0299990177154541,2.1015644e-06,19.69444489479065,100,16.019009351730347,292.7093642341564
-0.00023902536,0.3020007610321045,3.296505128488875,299.23349414569793,19.815151929855347,3499.877555370331,1920000,3.3780853748321533,191,280.15252118796985,159.54419825902536,0.02386188507080078,2.1540523e-06,19.48928928375244,100,15.730405807495117,292.93368384849515
0.005951032,0.26000094413757324,3.1049725387156046,298.4574059055035,18.220974922180176,3518.113531589508,1930000,3.033231258392334,192,280.25074227651714,159.48473185975547,0.01999664306640625,2.2366917e-06,17.940977334976196,100,14.620714664459229,292.5526029325126
-0.0008739944,0.2595086097717285,3.801793553407944,299.42441939198375,18.69218945503235,3536.8187234401703,1940000,3.175051689147949,193,279.1587816260147,159.39477982767255,0.02299976348876953,2.2984718e-06,18.40968108177185,100,14.952592372894287,292.58810023038393
0.0078429645,0.30500268936157227,4.189749270230797,299.2668289876876,18.541547775268555,3555.3733370304108,1950000,3.1033880710601807,194,272.80802270758716,159.84573074861044,0.021998882293701172,2.3796713e-06,18.21454620361328,100,14.84670352935791,293.5673598948108
0.014799708,0.2969644069671631,4.132550128571655,298.7282915277463,18.57284140586853,3573.9601798057556,1960000,3.1088201999664307,195,271.6464653582812,159.4333407838193,0.02190566062927246,2.4915446e-06,18.251877784729004,100,14.860113859176636,293.10897681440736
0.031866003,0.2739996910095215,3.5553247775564136,300.1249806344586,18.265397310256958,3592.238574028015,1970000,3.1432902812957764,196,279.53813659558216,159.8565577129839,0.03399825096130371,2.572745e-06,17.95639705657959,100,14.547735214233398,293.8827540044205
0.021147875,0.3209969997406006,4.1687902771341685,299.99840790004276,18.660764932632446,3610.9123373031616,1980000,3.1760849952697754,197,279.03950010551046,159.4490369549183,0.030999183654785156,2.6347338e-06,18.30776619911194,100,14.869502782821655,292.69497476973305
0.0010093016,0.26948094367980957,4.5412104527498425,298.6604924462119,18.72299361228943,3629.6503319740295,1990000,3.13295316696167,198,273.65889637537805,159.06029565350408,0.025027990341186523,2.756363e-06,18.428484678268433,100,15.005319356918335,291.8660227234075
-0.0040433877,0.259998083114624,4.463320354529772,299.9847978908677,18.057270765304565,3647.720605134964,2000000,3.0025060176849365,199,275.46246205786747,159.49158685230702,0.020000934600830078,2.8197671e-06,17.77727174758911,100,14.512209177017212,292.79079993445583
-0.0054109367,0.29799795150756836,3.7232815178086147,298.7761998391842,18.028907537460327,3665.7625138759613,2010000,3.0345711708068848,200,277.6444835773526,159.73936883877542,0.02300095558166504,2.8821064e-06,17.707908630371094,100,14.393517971038818,293.5080059109559
0.0014362969,0.27499818801879883,4.994990403516379,300.274945385368,18.993706464767456,3684.7722220420837,2020000,3.2089552879333496,201,273.59096538228255,159.51561133627183,0.02296757698059082,2.9878986e-06,18.694738149642944,100,15.211874961853027,293.11374510410985
-0.0020937377,0.2700004577636719,4.144788768109582,300.7123970681012,18.546133756637573,3703.331354379654,2030000,3.052752733230591,202,275.588342857879,159.50254212167377,0.02499842643737793,3.1074535e-06,18.250133275985718,100,14.8739652633667,292.6310881704922
-0.00042583165,0.27699756622314453,4.104019538150471,301.12354646587943,18.54552173614502,3721.890874862671,2040000,3.065793991088867,203,278.45737959737534,159.19235006142725,0.022904396057128906,3.2348835e-06,18.245619773864746,100,14.902994632720947,291.92049552652526
-0.0015419739,0.27500009536743164,3.6123877900995667,299.63932779590976,18.19551968574524,3740.0993950366974,2050000,3.037095308303833,204,283.28445584125404,159.65485460539506,0.024000167846679688,3.347746e-06,17.895519733428955,100,14.586172580718994,293.0291799193966
-0.0030901467,0.2700011730194092,3.6783961198966604,300.929019884118,18.21393871307373,3758.326333284378,2060000,2.9973275661468506,205,282.51949773681605,159.60205429960968,0.022998332977294922,3.4614288e-06,17.918940544128418,100,14.630069494247437,292.76279295216835
0.0017760304,0.2719998359680176,4.580643335966445,300.85411784729143,18.46251130104065,3776.801844596863,2070000,3.0389461517333984,206,268.875497136877,159.9529471445803,0.02500176429748535,3.583437e-06,18.164509773254395,100,14.852210283279419,293.73520614700703
0.004485986,0.2779991626739502,3.80345203058524,299.6863405615873,18.29471230506897,3795.109555721283,2080000,3.0328738689422607,207,278.2980093548354,159.8767680329396,0.02499842643737793,3.6778783e-06,17.98971390724182,100,14.68128752708435,293.60934302792737
0.003827734,0.274996280670166,4.09161461983081,300.96462557689773,18.2775661945343,3813.4001235961914,2090000,2.997798204421997,208,277.76069011226014,159.97708506049378,0.024001598358154297,3.7355483e-06,17.97756838798523,100,14.702746152877808,294.06567836970726
0.020521836,0.2750585079193115,4.092698554976647,300.739242988438,18.74449372291565,3832.1576199531555,2100000,3.025583028793335,209,278.4832424765753,159.94332874395775,0.018999099731445312,3.804954e-06,18.450436115264893,100,15.141773223876953,293.68486356617245
0.0153001435,0.30300092697143555,4.126493040161647,299.7562777858232,18.741377115249634,3850.9119958877563,2110000,3.070960521697998,210,279.51675492684967,159.48641620345796,0.030001401901245117,3.866001e-06,18.408374786376953,100,15.063602447509766,292.5589240159909
0.004555231,0.2885115146636963,5.086489205959483,301.47276292031256,18.934197187423706,3869.86119222641,2120000,3.166780948638916,211,267.44255984521817,160.21724395185518,0.020999908447265625,3.9157153e-06,18.623684883117676,100,15.174550771713257,294.55065050468687
-0.0025665723,0.2759988307952881,3.9381656217883076,300.93865598362413,19.073862075805664,3888.948056936264,2130000,3.1263740062713623,212,279.82906251449447,160.00976123765918,0.025998353958129883,3.9755078e-06,18.77086591720581,100,15.341267824172974,294.0588735164984
-0.0025015797,0.2878844738006592,4.134165282141124,300.2834878121965,19.077624797821045,3908.03968167305,2140000,3.136385440826416,213,282.299102017173,160.10684971543165,0.026083946228027344,4.0339005e-06,18.76365637779236,100,15.28230619430542,294.1411319320371
0.0015963439,0.29000306129455566,3.635855928596671,300.4100036506109,19.096298933029175,3927.149981021881,2150000,3.120007276535034,214,279.4539567541787,160.18621686726993,0.02396368980407715,4.0649807e-06,18.781298398971558,100,15.384183883666992,294.4670614079475
0.005513032,0.27100133895874023,4.6766513249068415,301.57811298783355,18.58395552635193,3945.7469351291656,2160000,3.0728390216827393,215,275.615657333662,160.02369097674924,0.022968292236328125,4.1504477e-06,18.28898549079895,100,14.931739568710327,294.29960053426663
0.00034643145,0.3020002841949463,3.936341946425278,301.76846115969005,19.001514434814453,3964.762448310852,2170000,3.102146625518799,216,279.0356966925634,160.33244358437537,0.02595829963684082,4.1596304e-06,18.673555850982666,100,15.287155151367188,294.33137865177446
0.004443919,0.27700185775756836,4.271206305659858,300.9318333559518,18.55803394317627,3983.333480358124,2180000,3.0872864723205566,217,283.6985515979613,160.18418165183576,0.023998737335205078,4.2126812e-06,18.256033182144165,100,14.891310453414917,294.07598416477447
0.007973763,0.28800249099731445,4.352748490835248,300.8734290396371,18.77021622657776,4002.1166949272156,2190000,3.0765740871429443,218,278.4309845649981,160.4932182489489,0.020967483520507812,4.3010064e-06,18.461246252059937,100,15.092939138412476,294.9059677419347
0.0009650807,0.2949998378753662,4.3773516010205356,301.0752199731238,19.111843585968018,4021.2425367832184,2200000,3.1379268169403076,219,277.34030686493503,160.2062493092384,0.019968271255493164,4.3969785e-06,18.796875476837158,100,15.361153364181519,294.199986592688
0.013896485,0.2969975471496582,3.446915522672484,300.87409748928053,19.7798330783844,4041.035370349884,2210000,3.362483263015747,220,282.49173316022,160.80032156321337,0.027999401092529297,4.48552e-06,19.454836130142212,100,15.788578510284424,295.5631081194585
0.0021740124,0.30899906158447266,4.458784005163415,300.5311553031129,20.08073353767395,4061.1291060447693,2220000,3.3179726600646973,221,277.9100723036869,159.84779463705468,0.027000904083251953,4.5597135e-06,19.744733572006226,100,16.125287532806396,293.3769516955009
0.020594915,0.26392650604248047,4.724800131959283,301.0980608198606,19.733322143554688,4080.8754284381866,2230000,3.2134509086608887,222,266.6270748555497,160.2618642936689,0.021039247512817383,4.603314e-06,19.44835638999939,100,15.927987098693848,294.32503758545465
-0.0024802315,0.2850005626678467,4.167696326294202,302.1139804402613,19.087547063827515,4099.97697353363,2240000,3.23722767829895,223,280.5414957992006,159.98902846649236,0.018969297409057617,4.674999e-06,18.781577587127686,100,15.249545097351074,293.768415490355
0.0027995356,0.2670004367828369,3.85695856319692,302.34808570111744,19.597492456436157,4119.588465929031,2250000,3.260934352874756,224,280.76650828275723,160.3493588702643,0.020998716354370117,4.7082685e-06,19.30849552154541,100,15.71013355255127,294.6088979476314
0.007751712,0.2669975757598877,3.428318942102957,301.73814839845693,19.148952960968018,4138.756417989731,2260000,3.102766752243042,225,279.5309259524293,160.56213482904647,0.02297043800354004,4.7479875e-06,18.85798454284668,100,15.46985912322998,295.0783581276242
0.011880445,0.266995906829834,3.777460383051403,302.79488147647993,18.539337635040283,4157.308755397797,2270000,3.161534547805786,226,281.3438990578526,160.4790120623866,0.0240020751953125,4.761407e-06,18.248339653015137,100,14.805904865264893,295.32619845708234
0.009806563,0.26599931716918945,3.413944554385614,300.47251894379576,19.362659215927124,4176.684415340424,2280000,3.236238718032837,227,286.7131654675612,160.40394495963065,0.019733667373657227,4.798988e-06,19.076926231384277,100,15.550058126449585,294.98287830261125
0.013029548,0.2780008316040039,4.65105714133627,302.4391338270576,18.84662365913391,4195.544054746628,2290000,3.1279232501983643,228,270.62335512729715,160.4000493233059,0.022967100143432617,4.8720085e-06,18.544655084609985,100,15.127108573913574,295.02818085175016
0.012710703,0.32695984840393066,3.334985743010474,301.5655795674133,20.395073413848877,4215.95312833786,2300000,3.3755087852478027,229,286.490433385066,160.5940590328789,0.030054092407226562,4.9432547e-06,20.03805947303772,100,16.349948167800903,295.49790788293546
0.020860948,0.2630000114440918,4.637442292087412,301.440902942867,20.521564245224,4236.489686965942,2310000,3.291980504989624,230,272.625936170481,160.22766097031933,0.029997587203979492,4.980588e-06,20.228566646575928,100,16.598087549209595,294.82989896363927
0.045226417,0.26199960708618164,4.265893068255761,301.06470067994235,18.54308533668518,4255.045774459839,2320000,3.0321929454803467,231,279.2614999254843,159.97651422713466,0.025967121124267578,4.9980877e-06,18.25511860847473,100,14.966604709625244,294.6084570171894
0.041691046,0.27299976348876953,3.983631775184411,301.7661587026798,18.34246277809143,4273.40123796463,2330000,3.0343003273010254,232,281.9378397028613,160.3381975083077,0.02496814727783203,4.996882e-06,18.04260492324829,100,14.752188682556152,295.653555501509
0.0051547266,0.2950000762939453,5.602221238007754,301.0111215128738,18.426275730133057,4291.840512514114,2340000,3.0310423374176025,233,272.49572991395996,159.5043966783198,0.027969837188720703,4.9777946e-06,18.10230326652527,100,14.819319248199463,294.09099105458915
-0.002216364,0.26400113105773926,5.044016038355441,302.8864174320416,18.596091985702515,4310.449604272842,2350000,3.1467604637145996,234,266.71631716542106,160.45910964890035,0.024889230728149414,5.0377307e-06,18.305091381072998,100,14.881616592407227,295.65593962578043
0.007229569,0.2519986629486084,3.23409647376703,301.96772992433836,18.62903094291687,4329.092633962631,2360000,3.0502004623413086,235,288.03473475509156,160.92372311456123,0.01896071434020996,5.0836047e-06,18.357069969177246,100,14.966894626617432,296.4139847669002
0.0034144672,0.2610034942626953,4.006021444706089,302.7943025004549,18.274975776672363,4347.380609750748,2370000,3.0200047492980957,236,284.5399977169248,160.67396278599185,0.01902937889099121,5.1962757e-06,17.994942903518677,100,14.70443344116211,295.6893770846833
0.0022794202,0.30300259590148926,3.946085581280863,302.5558863487923,18.277746438980103,4365.672355175018,2380000,3.0786118507385254,237,280.28368038303927,160.670966756877,0.0189974308013916,5.259191e-06,17.95574641227722,100,14.592681884765625,295.83713983424104
-0.0019509145,0.26199913024902344,4.92041406171225,303.2280484191363,17.955210208892822,4383.641565084457,2390000,3.0405240058898926,238,273.2782679866293,160.08484738568106,0.02200031280517578,5.318818e-06,17.670243740081787,100,14.375993728637695,295.10236030597093
0.0025803365,0.2669987678527832,4.198887865129786,302.1329780978823,18.37079119682312,4402.025357961655,2400000,3.032529354095459,239,286.165250142076,160.31476269772227,0.025968074798583984,5.384334e-06,18.076823711395264,100,14.776557207107544,295.39744343400895
-0.0051532546,0.2995169162750244,4.408638369131729,302.75485656433483,18.938725233078003,4420.978084087372,2410000,3.093080997467041,240,275.5901150053887,160.47166923320162,0.023955106735229492,5.4983266e-06,18.61525321006775,100,15.222298622131348,295.7392616969957
-0.004802008,0.26651525497436523,4.646417579384906,302.2042791742681,18.54509449005127,4439.536177396774,2420000,3.1029610633850098,241,274.3403149210832,160.3759813138597,0.026973724365234375,5.5642436e-06,18.25160551071167,100,14.86714506149292,295.64471430658074
0.013000697,0.27100133895874023,3.5245852015378794,302.61434679401253,18.97228765487671,4458.521465778351,2430000,3.1808512210845947,242,285.0671025878977,160.8983684811851,0.024997234344482422,5.6424724e-06,18.675288677215576,100,15.209527492523193,296.70785237780296
0.0051206658,0.27152514457702637,3.9519270238038025,303.40367538904,18.68317937850952,4477.217642784119,2440000,3.0815341472625732,243,277.8335130680872,160.61567615453538,0.020966529846191406,5.7448397e-06,18.3886878490448,100,15.051064491271973,296.1405956031145
0.023638817,0.2779998779296875,3.1639587601109307,302.80305980372367,18.033605813980103,4495.2652497291565,2450000,2.992526054382324,244,287.94566443259356,161.0328053504573,0.024996519088745117,5.8596934e-06,17.73060941696167,100,14.468084573745728,296.9393347083181
0.0029463987,0.28600406646728516,4.48911355070481,302.2721223059955,18.60547184944153,4513.883721828461,2460000,3.0699031352996826,245,279.6042215148029,160.44274070346762,0.022967100143432617,5.960952e-06,18.29650068283081,100,14.93493103981018,295.6315659038742
0.011232663,0.26199960708618164,3.2738795446267672,302.0680550659723,18.13728642463684,4532.041006326675,2470000,3.0019333362579346,246,286.931679120544,161.16226802850147,0.023006677627563477,6.022931e-06,17.852280139923096,100,14.552215337753296,296.9776262865686
0.007961464,0.28799867630004883,3.5665865595790485,302.90469945955806,18.358363389968872,4550.412368774414,2480000,3.041074514389038,247,285.02186669423094,160.82469040679828,0.02697014808654785,6.073504e-06,18.043394565582275,100,14.72953724861145,295.99488645094493
0.014808885,0.3061497211456299,3.8215647221061584,302.6205122803621,18.174387216567993,4568.600757598877,2490000,2.9534459114074707,248,283.72539962899765,161.25818134488898,0.01900029182434082,6.1574447e-06,17.849237203598022,100,14.643604278564453,296.8953778645995
0.004767507,0.31099891662597656,3.9474651552931386,304.53754357742577,19.814688205718994,4588.429296731949,2500000,3.3242359161376953,249,278.4465635755967,160.720384262812,0.03199934959411621,6.2111626e-06,19.47068977355957,100,15.836647510528564,295.6589581925078
0.0022626654,0.3260061740875244,4.708947997506118,302.3882662404653,20.93252158164978,4609.375817775726,2510000,3.303783655166626,250,276.02740929198416,160.54724538332349,0.025965452194213867,6.294707e-06,20.580549955368042,100,16.92670488357544,295.7142373590471
-0.0006037527,0.2739994525909424,5.1449428157557,303.20828843064896,20.1751389503479,4629.56595659256,2520000,3.3003532886505127,251,278.21813303798206,160.24236939106652,0.0260012149810791,6.378785e-06,19.875051498413086,100,16.28033709526062,295.1145761029383
0.0073298393,0.25803232192993164,5.0269202767359475,302.03929578739917,18.343692779541016,4647.923648357391,2530000,3.0515847206115723,252,278.74754326680784,160.19478402009034,0.023998260498046875,6.4096726e-06,18.061662197113037,100,14.719603300094604,295.1815912870111
-0.004002061,0.24299955368041992,6.822303003978377,302.2592454496549,18.1985080242157,4666.136155843735,2540000,2.9854936599731445,253,264.0230605949236,159.68092697650624,0.02499842643737793,6.5497434e-06,17.929508924484253,100,14.675723552703857,294.06275863714365
0.003897835,0.24200129508972168,4.517751343702714,302.9442435441287,18.127448558807373,4684.277605772018,2550000,2.9530093669891357,254,277.75667814246265,160.44523210073052,0.025997400283813477,6.6333855e-06,17.858449459075928,100,14.629877090454102,295.4868722896477
-0.0036305257,0.2735161781311035,5.012446914454608,302.37800865566464,18.658061265945435,4702.949667215347,2560000,3.0963046550750732,255,277.7896211397602,160.21020540241005,0.02599930763244629,6.714343e-06,18.357546091079712,100,14.975028038024902,295.12899646072077
-0.0009406669,0.2540287971496582,3.7927589029256725,301.14594616155404,18.863744020462036,4721.828411579132,2570000,3.1610536575317383,256,277.9104244069418,160.54555891223472,0.021998167037963867,6.791192e-06,18.587717056274414,100,15.12784719467163,295.7364059570715
0.00084963,0.2550017833709717,3.364249321894195,302.5497704353225,19.623202323913574,4741.465614080429,2580000,3.1736202239990234,257,281.60908759359023,161.00660619694156,0.02299785614013672,6.855081e-06,19.3432035446167,100,15.815442085266113,296.34522426741665
-0.002556822,0.27700066566467285,4.47243518403495,302.9091887351206,18.76765251159668,4760.248351097107,2590000,3.1405766010284424,258,271.2964025744536,161.16118060296102,0.027997970581054688,6.8870363e-06,18.461653232574463,100,15.009929895401001,297.0102452794926
-0.002314822,0.2520010471343994,5.816216356663487,302.9385405401245,18.903515338897705,4779.17086482048,2600000,3.0756676197052,259,270.0340557302625,160.21090033642494,0.025997638702392578,6.932214e-06,18.625516653060913,100,15.254956007003784,295.1397242199194
-0.0013565598,0.25800013542175293,4.019873664446356,302.0639268926786,17.92399287223816,4797.107856750488,2610000,2.913137674331665,260,280.0801278289081,161.08952841860116,0.019997596740722656,7.0132096e-06,17.645995140075684,100,14.457838535308838,296.3408832870148
-0.003987906,0.25699925422668457,4.437508317207087,303.3084249829081,18.023685932159424,4815.14454293251,2620000,2.9256980419158936,261,272.5157683168797,160.9740281177029,0.02595996856689453,7.1472086e-06,17.738726377487183,100,14.548377275466919,296.1072062731659
-0.0044698287,0.2650008201599121,3.7753242222194556,302.3345061716673,17.73914885520935,4832.896691799164,2630000,2.8638575077056885,262,281.1370875161977,161.2369705672926,0.017965316772460938,7.27059e-06,17.456182718276978,100,14.317138910293579,296.7155728047309
-0.0030199662,0.2649965286254883,4.406409142605938,303.5314527033792,17.943992614746094,4850.853684663773,2640000,2.8731706142425537,263,280.1632464395963,161.413237390031,0.01900339126586914,7.4023355e-06,17.659992694854736,100,14.520366191864014,297.19420416509485
-0.003158071,0.2759718894958496,3.774996372358308,302.69311028121894,18.120070934295654,4868.986755371094,2650000,2.895320415496826,264,275.0509298159991,161.17059158164105,0.025997161865234375,7.5162825e-06,17.817102193832397,100,14.687881469726562,296.6836241845851
-0.0025570292,0.268998384475708,3.613380371263604,302.9014981450862,18.117992162704468,4887.1187472343445,2660000,2.9633374214172363,265,280.43942963782587,161.1153772968026,0.02200031280517578,7.672955e-06,17.826993465423584,100,14.606381177902222,296.78038042566965
-0.003807525,0.26400113105773926,3.0752092485057587,303.3419065249411,17.751994371414185,4904.884740829468,2670000,2.8405961990356445,266,283.1737937903647,161.52550426545892,0.02096843719482422,7.832819e-06,17.46702480316162,100,14.376352310180664,297.54349180990937
-0.002743921,0.2630000114440918,4.407229310925125,303.4448663715525,18.069992303848267,4922.968732118607,2680000,2.8824093341827393,267,266.2130512047885,161.59088544778623,0.017958402633666992,7.962804e-06,17.7869930267334,100,14.645648717880249,297.59196050336664
-0.0040134373,0.2639954090118408,3.007190608873814,302.8686246155871,18.17799162864685,4941.158724069595,2690000,2.925954580307007,268,287.0935507076532,161.78281283986823,0.02097010612487793,8.053289e-06,17.89202618598938,100,14.658770084381104,297.8830123083218
-0.0017748558,0.26600003242492676,6.879417521975297,304.5173637325379,17.988992929458618,4959.161717891693,2700000,2.8664560317993164,269,236.83302026987894,161.47902260145787,0.018998146057128906,8.132692e-06,17.703994750976562,100,14.574312925338745,297.38099164601596
-0.00046051506,0.2759971618652344,3.4770860121870215,303.8852967451477,17.830992460250854,4977.005711078644,2710000,2.911224126815796,270,285.2213286981862,161.60370930854387,0.02097153663635254,8.198582e-06,17.533024311065674,100,14.34448790550232,297.6792644307582
-0.0019735417,0.2779974937438965,3.070823379659512,303.0999199864107,18.76099157333374,4995.7797021865845,2720000,3.0314650535583496,271,287.8870581711631,161.82950249378086,0.025998353958129883,8.28607e-06,18.456995725631714,100,15.13887071609497,298.08860948499483
-0.0030771357,0.26399874687194824,3.5476022672571874,303.3526496633765,19.023508310317993,5014.817212104797,2730000,3.130566358566284,272,282.60954844563946,161.74233581967158,0.02200007438659668,8.395136e-06,18.73750948905945,100,15.311930894851685,297.9218444949879
0.0043329094,0.2929990291595459,3.527882174903767,303.78888091617387,18.262994289398193,5033.093205690384,2740000,2.9598464965820312,273,286.97572771395045,161.62179145890005,0.02100086212158203,8.461469e-06,17.9480242729187,100,14.709990978240967,297.60160464077273
0.004279703,0.30100035667419434,2.9551019644531076,302.6594158695109,19.34299325942993,5052.450197458267,2750000,3.1477065086364746,274,289.3395728193906,161.82191980909028,0.028000354766845703,8.55089e-06,19.01399254798889,100,15.556396245956421,297.91671598644876
0.0011172207,0.28600025177001953,2.8637613677820655,303.5675802170171,20.18692183494568,5072.653119325638,2760000,3.222817897796631,275,286.20294479889475,162.11343210669133,0.02299809455871582,8.6471355e-06,19.876923084259033,100,16.368170738220215,298.53995387593704
0.0007654814,0.28398728370666504,2.4740259858300435,303.0275117875698,20.587992429733276,5093.254111528397,2770000,3.3869268894195557,276,291.617186200952,162.18252019335011,0.029996156692504883,8.7768085e-06,20.272021055221558,100,16.55991291999817,298.69255954510476
0.002289419,0.2690002918243408,3.132138257352514,304.2985569561297,20.45599126815796,5113.7261028289795,2780000,3.390565872192383,277,286.68487987733624,161.84902079420917,0.020998716354370117,8.849907e-06,20.165992259979248,100,16.442460775375366,297.9169124721609
-0.0013206318,0.27300095558166504,2.8357154297803633,302.86577119557904,18.305991411209106,5132.046095371246,2790000,2.943040132522583,278,285.45665800219564,161.93385190092087,0.02899622917175293,8.96253e-06,18.00399422645569,100,14.797993183135986,298.04150199367
0.0031719662,0.29199647903442383,2.671509198777616,304.07601620674063,18.321992874145508,5150.381088018417,2800000,2.903665065765381,279,289.62618894165865,162.23987243974926,0.02500128746032715,9.037452e-06,18.004995107650757,100,14.783561944961548,298.7675075674756
-0.0015780814,0.2759993076324463,2.599497107362663,303.140230897885,18.429991483688354,5168.82407951355,2810000,2.9568238258361816,280,290.3564400221334,161.98139164583117,0.02099776268005371,9.1459e-06,18.132994413375854,100,14.911630392074585,298.07682553638546
0.00097583194,0.2649998664855957,2.769668436376871,303.32593323140094,17.807993173599243,5186.646073818207,2820000,2.9089090824127197,281,291.62385773708394,162.06596304008727,0.020998001098632812,9.247717e-06,17.521995306015015,100,14.351222276687622,298.22434346269137
-0.0023652993,0.29399991035461426,3.0099125144558436,303.8046558188512,18.243992805480957,5204.903066635132,2830000,2.9777448177337646,282,288.7019735090883,162.12439817397123,0.025958776473999023,9.361578e-06,17.92303228378296,100,14.660074234008789,298.2508187956365
0.0016176637,0.26999950408935547,2.546889330486654,304.6244644326313,18.57499074935913,5223.491057634354,2840000,3.0224249362945557,283,291.66058722429443,162.3198204853117,0.02199530601501465,9.389501e-06,18.28199553489685,100,14.964100360870361,299.0536261775913
-0.002516298,0.25999975204467773,3.372824192010783,304.2048353115292,18.57199239730835,5242.076051473618,2850000,3.004650115966797,284,284.19928240807474,162.11136140597353,0.02500009536743164,9.497128e-06,18.28699254989624,100,15.010613679885864,298.57284577440345
-0.0041976776,0.2629985809326172,4.80974373938113,303.4602860735069,17.7939932346344,5259.883044242859,2860000,2.867194414138794,285,264.4627140185019,161.98160059082159,0.023966550827026367,9.640304e-06,17.504994869232178,100,14.357810974121094,298.2182038093535
0.0017651042,0.27100062370300293,2.8237819609086565,303.7315880125697,18.185993194580078,5278.082037448883,2870000,2.9716744422912598,286,288.9059110578508,162.2738678828945,0.0189669132232666,9.75339e-06,17.895026445388794,100,14.645896911621094,298.5166839342916
-0.00046501323,0.26000285148620605,2.9385818960560406,304.24838808582183,18.094992637634277,5296.191031217575,2880000,2.90559458732605,287,288.8156893597767,162.47965174674653,0.024996519088745117,9.848291e-06,17.808992385864258,100,14.636077404022217,299.00377779294035
0.0019303687,0.42000341415405273,3.291918434675222,304.3355622238804,19.094894886016846,5315.298924446106,2890000,3.0539839267730713,288,286.9530126116117,162.28080697437838,0.025968074798583984,9.918095e-06,18.6479229927063,100,15.320663690567017,298.6910019015484
-0.0024464088,0.279998779296875,3.0707855809156555,303.3056593233153,18.951992750167847,5334.264913320541,2900000,3.0723257064819336,289,287.73952925193385,162.1147028781465,0.018999576568603516,1.0053144e-05,18.651994466781616,100,15.307465076446533,298.1437732303805
-0.0006505035,0.2810041904449463,4.1065384779746665,304.78997640332295,19.044995546340942,5353.3249089717865,2910000,3.0785727500915527,290,281.5730272324999,162.03152259466646,0.0189969539642334,1.0140167e-05,18.74201726913452,100,15.32915186882019,298.0612696817765
-0.0015354563,0.26599693298339844,3.260404054916289,305.6179801771575,18.858992338180542,5372.20089840889,2920000,3.0674545764923096,291,288.0984650669207,162.49335684886088,0.018976211547851562,1.0214229e-05,18.574019193649292,100,15.220789432525635,299.04286845107725
0.0026524786,0.27696800231933594,3.721064505170164,305.03526540991055,18.38199210166931,5390.595890283585,2930000,3.027254343032837,292,286.24293143679915,162.37944958268955,0.026031017303466797,1.0335365e-05,18.076993703842163,100,14.782638311386108,299.1982747490816
-0.001743815,0.29599809646606445,4.268558763042503,304.8074679496795,18.96977686882019,5409.5786674022675,2940000,3.101647138595581,293,276.2095295775244,162.30194521488153,0.020000219345092773,1.0430752e-05,18.65282130241394,100,15.25884222984314,299.1862934042828
0.00060742645,0.3039979934692383,3.5415563054210426,305.2416447612148,19.148991107940674,5428.742660522461,2950000,3.1284523010253906,294,277.582270421089,162.50266155505471,0.02700066566467285,1.0503142e-05,18.816993474960327,100,15.39193320274353,299.4537357772886
0.019198855,0.2720026969909668,3.523696026558912,304.8360423443048,18.702992916107178,5447.459653377533,2960000,3.0424132347106934,295,289.8226157675427,162.51211494438377,0.02799701690673828,1.06433445e-05,18.402993202209473,100,15.078645706176758,299.12064818323034
-0.0009489337,0.3599967956542969,3.1581058211211017,304.6432982478055,18.96399188041687,5466.436644077301,2970000,3.136657476425171,296,290.9513070206568,162.5539423381473,0.05299997329711914,1.0771845e-05,18.550995111465454,100,15.134324789047241,299.4716849527183
0.0012213013,0.26400017738342285,3.2779024270842343,305.94811518243125,18.491992473602295,5484.941637039185,2980000,3.006513833999634,297,282.7082160004133,162.5462582822978,0.025997400283813477,1.0871607e-05,18.20199489593506,100,14.910978555679321,299.24263123385623
-0.005717177,0.27399778366088867,9.46865402158459,306.21764797631266,17.900992155075073,5502.85662984848,2990000,2.8880112171173096,298,235.35254614061233,162.12662696160444,0.051000356674194336,1.0977188e-05,17.574994802474976,100,14.425656080245972,298.58540974357095
-0.0025222402,0.28099942207336426,5.57896222408515,305.46590337690924,18.773991584777832,5521.644622802734,3000000,3.03182315826416,299,259.67849714258006,162.22416456827347,0.028990983963012695,1.10418705e-05,18.463001012802124,100,15.146105289459229,298.4298721009531
