LossAfter,train-NumTrajs,n_timesteps,train-PolicyExecTime,Time-SampleProc,Time-Sampling,LossBefore,Time,train-MinReturn,train-StdReturn,train-EnvExecTime,Itr,Time-Optimization,train-MaxReturn,train-AverageDiscountedReturn,ItrTime,train-AverageReturn
0.03662097,100,10000,14.924754619598389,0.030999422073364258,18.28599238395691,-1.4184808e-05,18.599990606307983,-314.95256698376966,66.72625003578825,3.0750479698181152,0,0.28299880027770996,-3.1301797799347857,-98.47058289960712,18.599990606307983,-190.07719294263197
0.026221419,100,20000,14.58181357383728,0.022001266479492188,17.977993965148926,-1.4311087e-05,36.865983724594116,-308.8924628456008,62.40502730386232,3.1002771854400635,1,0.24999666213989258,7.780822814256378,-81.96319386402588,18.250993728637695,-166.32221867610667
-0.0030568715,100,30000,14.490595579147339,0.026999235153198242,17.81173086166382,-1.4407054e-05,54.96471118927002,-239.12509156179428,89.7862957004368,3.0647058486938477,2,0.24599742889404297,190.2985064583551,-37.22205433994169,18.08472752571106,-90.08250332514112
-0.0036640812,100,40000,14.894366025924683,0.019998788833618164,18.29799199104309,-1.4445861e-05,73.55070495605469,-243.96929554356217,124.45219338845818,3.1368415355682373,3,0.2550008296966553,201.6480631284171,25.39920863270691,18.572991609573364,29.2860356470203
-0.010129843,100,50000,14.703608989715576,0.020998477935791016,18.0689959526062,-1.4477419e-05,91.9086971282959,-191.66862293524798,99.3286853789782,3.0840113162994385,4,0.2539980411529541,206.85423648768096,77.34077906542534,18.344993114471436,127.34216677824979
-0.006694099,100,60000,14.665135860443115,0.019990205764770508,17.93204617500305,-1.4448464e-05,110.12369847297668,12.598806557785114,30.010945839894426,3.0045883655548096,5,0.24996566772460938,205.9938244666614,106.40876805553067,18.20200204849243,178.92717338046026
-0.0063930214,100,70000,14.497701644897461,0.01900005340576172,17.893993139266968,-1.4409781e-05,128.3036925792694,94.1216601091854,15.729798131220667,3.083130359649658,6,0.25299739837646484,204.15568113101327,112.75113805692986,18.166993141174316,188.169209334289
-0.005858744,100,80000,14.78664255142212,0.021996021270751953,18.217994213104248,-1.433031e-05,146.8086838722229,155.59515874286595,8.039841698422707,3.1539385318756104,7,0.25100040435791016,204.62856831694873,115.98560040026996,18.49099063873291,193.1104837205967
-0.003911542,100,90000,15.736074686050415,0.023998737335205078,19.3630051612854,-1.41927285e-05,166.47969126701355,169.81105159160558,5.238953399558072,3.333369493484497,8,0.2700009346008301,203.12140719568728,117.30606833181862,19.657004833221436,196.25680263788334
-0.0046870876,100,100000,15.57794713973999,0.022973060607910156,19.17001724243164,-1.4054948e-05,185.94168281555176,163.40153726006005,5.239858309597333,3.315258026123047,9,0.2520015239715576,204.38476901213352,117.93017642216877,19.44499182701111,198.24364433629992
-0.0019754465,100,110000,14.442150831222534,0.020999908447265625,17.728992462158203,-1.3916797e-05,203.94667553901672,178.4858293419523,4.201345324384381,3.03424334526062,10,0.2409982681274414,204.794536915723,118.06059791354045,17.99099063873291,198.4470370862334
-0.0023011453,100,120000,14.258996725082397,0.0260012149810791,17.456024169921875,-1.3785648e-05,221.68966817855835,188.7938624050244,2.475292135909975,2.932464599609375,11,0.24696755409240723,205.20756746567466,118.56907878804387,17.729993104934692,200.01826695192395
-0.00016728391,100,130000,14.243711233139038,0.018999338150024414,17.509992122650146,-1.3645146e-05,239.48066091537476,192.6209646946829,2.4176381678961056,3.0103514194488525,12,0.24700069427490234,205.69617565294755,118.56089639176835,17.777992963790894,199.95068546365448
-0.003848183,100,140000,14.027558326721191,0.02399611473083496,17.25599193572998,-1.3499732e-05,257.0346562862396,184.07645982681726,2.615603430865717,2.9632840156555176,13,0.259002685546875,204.22091870936572,118.65208146909508,17.53999376296997,200.11428018106304
-0.0012131375,100,150000,15.550984621047974,0.02599787712097168,19.156994104385376,-1.3328856e-05,276.4886476993561,195.56875225463534,1.8281240945247175,3.2953460216522217,14,0.25800061225891113,204.16825150917845,118.90091478706465,19.44099259376526,200.7083974821358
-0.0015479743,100,160000,16.14321780204773,0.02598738670349121,19.91100573539734,-1.3172481e-05,296.7146384716034,192.077151619603,1.7905601419643462,3.433237075805664,15,0.2759969234466553,204.22957611854764,118.87122334482419,20.212990045547485,200.795781057578
-0.0028598462,100,170000,16.277597427368164,0.029001712799072266,20.04737138748169,-1.30006965e-05,317.0850143432617,196.60001459097037,1.5015500965690076,3.4332761764526367,16,0.2790031433105469,203.80745866149417,118.95192209861007,20.35737705230713,200.9272144812234
-0.0024759949,100,180000,16.567768335342407,0.025997161865234375,20.504994869232178,-1.2833724e-05,337.8890037536621,195.40391594695907,1.735239513403847,3.566476583480835,17,0.2590014934539795,204.9309406283469,118.96057514549882,20.78999352455139,200.94076004074768
-0.0022644533,100,190000,15.75040602684021,0.019968032836914062,19.36902403831482,-1.2660369e-05,357.56099462509155,196.3036230442621,1.5875470673810586,3.341615676879883,18,0.2680013179779053,204.548598221634,119.19887099065778,19.65799331665039,201.4193283725998
-0.0032867703,100,200000,15.924939393997192,0.02899909019470215,19.603992223739624,-1.2499307e-05,377.4889872074127,196.93578034456561,1.4944222721222733,3.3778529167175293,19,0.28100037574768066,205.37423487334664,119.19379518279875,19.914993286132812,201.410594441506
-0.0031449648,100,210000,16.460062980651855,0.020975828170776367,20.42701530456543,-1.2339501e-05,398.2049763202667,194.12508775688426,2.007989556146523,3.62960147857666,20,0.24999737739562988,207.46013460280815,119.21692188689714,20.69898796081543,201.212157953579
-0.00057022145,100,220000,14.32925820350647,0.018968820571899414,17.52502155303955,-1.2190349e-05,416.0069715976715,192.13439512073975,1.630787676933999,2.9209542274475098,21,0.24500155448913574,204.2218966594356,119.44739914083586,17.788991928100586,201.8648205877169
-0.0027428982,100,230000,13.976815700531006,0.0189669132232666,17.154024839401245,-1.2017571e-05,433.4329631328583,197.4821076787058,1.3468073545372568,2.9337761402130127,22,0.23900127410888672,205.32119906901136,119.37044022813001,17.4119930267334,201.76234260509193
-0.0022068003,100,240000,14.437491655349731,0.019957780838012695,17.71203112602234,-1.184655e-05,451.42095589637756,195.5074518883006,1.6695548921891783,3.0245866775512695,23,0.24200034141540527,206.45322964289554,119.4020047517451,17.974992752075195,201.76272616011542
-0.0021139712,100,250000,14.18807077407837,0.01996612548828125,17.385027170181274,-1.1673911e-05,469.0899512767792,193.70687395714978,1.9096260144267632,2.939629077911377,24,0.2500028610229492,206.77750311657562,119.38346336655539,17.65599513053894,201.47787721605616
-0.0052034175,100,260000,14.14348578453064,0.01999974250793457,17.38299322128296,-1.1518281e-05,486.75294184684753,196.88481082103962,1.6279584786183243,2.9868950843811035,25,0.24499845504760742,204.14625050442473,119.44254054396504,17.64899182319641,201.67875800539684
-0.0047557238,100,270000,14.139938116073608,0.019999265670776367,17.39827799797058,-1.1370063e-05,504.428218126297,194.92158099903892,1.4899865050886167,2.997609853744507,26,0.24300026893615723,206.61407771477442,119.64136677129726,17.66227650642395,202.2182340346354
-0.0062107127,100,280000,14.26502013206482,0.019950389862060547,17.445042371749878,-1.1198128e-05,522.1532111167908,192.32191262573158,1.708436465235134,2.8887784481048584,27,0.24700188636779785,205.53302048247843,119.82673192822566,17.711994647979736,202.4574571765037
-0.0058725993,100,290000,14.191049337387085,0.0240328311920166,17.39399480819702,-1.1027167e-05,539.8402028083801,196.52355469704102,1.480652477314128,2.9372072219848633,28,0.2559661865234375,207.6408813202989,119.95598909699389,17.673993825912476,202.7556523451068
-0.0056380453,100,300000,14.164448022842407,0.026998043060302734,17.399994373321533,-1.0869111e-05,557.5401961803436,194.8559769350462,1.7665571989963649,2.9844753742218018,29,0.2590010166168213,206.67062916275128,119.97151099259123,17.685993432998657,202.64165658407128
-0.007031039,100,310000,14.137494325637817,0.01900005340576172,17.355995655059814,-1.0714771e-05,575.1731879711151,197.22370179646214,1.6132377678020975,2.9494941234588623,30,0.24399709701538086,206.6658766814304,120.09787594354835,17.618992805480957,203.03592291870078
-0.0044004177,100,320000,14.164706707000732,0.028996706008911133,17.3239963054657,-1.0549233e-05,592.7811799049377,196.24177199155608,1.5689146541221046,2.9131417274475098,31,0.2409982681274414,207.8695566455486,120.32498701025662,17.59499216079712,203.5708197659995
-0.0042410167,100,330000,14.059049367904663,0.0240020751953125,17.27699375152588,-1.0390882e-05,610.3401756286621,198.85937918700816,1.551864981454967,2.9637932777404785,32,0.24399876594543457,209.43402954748018,120.5322435068243,17.545995712280273,203.85338932924785
-0.0058733863,100,340000,14.188362121582031,0.018970251083374023,17.352022886276245,-1.0241054e-05,627.9651691913605,199.84867991431886,1.7144053134148265,2.9159328937530518,33,0.24100041389465332,208.6990497379763,120.63078726019144,17.611993551254272,204.14270781763108
-0.0052500605,100,350000,14.168383359909058,0.02300238609313965,17.35999321937561,-1.0086665e-05,645.6131596565247,199.80730614756146,1.778050626232081,2.902070999145508,34,0.25099730491638184,209.73040327294623,120.92940963060019,17.634993076324463,204.70907532364322
-0.004964808,100,360000,14.118558406829834,0.027970552444458008,17.371024131774902,-9.941618e-06,663.2751536369324,199.76825705710894,1.8598641277620238,2.9902610778808594,35,0.24999761581420898,209.15232168465883,120.94655101756454,17.64899230003357,204.80872687450142
-0.008833157,100,370000,14.189306259155273,0.024999141693115234,17.412994146347046,-9.798463e-06,680.979145526886,199.9442939708601,2.0985030428176152,2.948864698410034,36,0.25299954414367676,211.45998699689122,121.1066525753533,17.690992832183838,205.33787458909185
-0.005854141,100,380000,14.616476058959961,0.021031618118286133,18.040993213653564,-9.631358e-06,699.3061382770538,194.24168283387147,2.6573558731333864,3.143235206604004,37,0.25096821784973145,213.02901809180128,121.47208576379803,18.31399369239807,206.2447979100174
-0.007274958,100,390000,14.179476737976074,0.025997400283813477,17.522996187210083,-9.472929e-06,717.1241316795349,201.0814207544812,2.1965654346266734,3.0308563709259033,38,0.2539999485015869,212.34644411286803,121.60470154700384,17.803992748260498,206.42838161691552
-0.0050132857,100,400000,14.648908615112305,0.02599644660949707,17.975995302200317,-9.3086055e-06,735.4081258773804,201.38626661903896,2.4678130649602594,3.077876329421997,39,0.2680022716522217,213.8484621981214,122.04621910699596,18.269994020462036,207.57791645021672
-0.004256681,100,410000,14.553977251052856,0.018994808197021484,17.842025995254517,-9.169731e-06,753.5351164340973,201.2344381086959,2.6556854403186874,3.0109217166900635,40,0.2520003318786621,213.57448852205485,122.22331752243151,18.11399006843567,207.73607109321904
-0.0021050507,100,420000,14.610964059829712,0.01996755599975586,17.960028171539307,-9.025143e-06,771.7721095085144,200.07030265691935,3.145248595032356,3.087693929672241,41,0.24199676513671875,216.12643323018105,122.35163337040893,18.223990440368652,208.40408922764865
-0.0046086116,100,430000,14.570842504501343,0.024996519088745117,17.85199546813965,-8.87754e-06,789.9051010608673,202.998267274899,2.5772043773556716,3.0256941318511963,42,0.24299883842468262,216.72582913090352,122.59472865707001,18.119990825653076,208.8331028331018
-0.005313601,100,440000,14.537605047225952,0.021996021270751953,17.872056007385254,-8.745976e-06,808.0531549453735,203.12562899276347,2.603396711379564,3.067323923110962,43,0.24100065231323242,215.57953662716733,122.64798036647927,18.13605284690857,209.0181893956312
-0.0037321688,100,450000,14.60033392906189,0.027995586395263672,17.914998531341553,-8.598973e-06,826.2651498317719,201.8840212343955,2.62910393104669,3.0526046752929688,44,0.2550010681152344,215.88791249567197,122.86180688530145,18.198995113372803,209.51833099104147
-0.004532346,100,460000,14.668365240097046,0.024999380111694336,17.988022804260254,-8.462854e-06,844.5361423492432,202.66092370199604,2.932898991331272,3.0656309127807617,45,0.24497008323669434,217.94687337354094,122.97656196452401,18.257992267608643,209.5893156169812
-0.0063341972,100,470000,14.473174333572388,0.01999688148498535,17.814995288848877,-8.315964e-06,862.6471338272095,203.19006934430195,2.71092203890015,3.068906545639038,46,0.26199936866760254,216.11025361311926,122.90093720025848,18.09799289703369,209.49593222795815
-0.004144949,100,480000,14.527929306030273,0.03200173377990723,17.890993118286133,-8.159974e-06,880.8731288909912,201.32366121798242,3.0986403540420775,3.096555233001709,47,0.2870008945465088,217.35469726262045,123.01258118715279,18.21199369430542,209.89318698045722
-0.0062606707,100,490000,14.675821304321289,0.026998519897460938,18.101994037628174,-8.012296e-06,899.2761206626892,204.20501823339347,3.2098245359231163,3.1497395038604736,48,0.2499988079071045,219.04217917817058,123.30053174957374,18.37899136543274,210.45620775249742
-0.0052763135,100,500000,14.534033298492432,0.01999807357788086,17.88699460029602,-7.844619e-06,917.4421117305756,203.8128768743989,3.0531253745700284,3.02215313911438,49,0.24499821662902832,218.3450820740253,123.80463403274358,18.15199089050293,211.8739618711387
-0.0032079564,100,510000,14.373481512069702,0.018999576568603516,17.68399429321289,-7.711883e-06,935.4071044921875,203.25613941002644,3.0329567596890508,3.0550899505615234,50,0.24899888038635254,218.94886578448734,123.72981070210513,17.951992750167847,211.67068748716164
-0.0027977978,100,520000,14.228495836257935,0.026969432830810547,17.418023586273193,-7.552253e-06,953.114099740982,203.68164889471072,3.183362520985163,2.9287688732147217,51,0.24700140953063965,218.2894096956306,123.87359446182253,17.691994428634644,212.15966526056192
-0.005000534,100,530000,14.517803430557251,0.021999597549438477,17.800992965698242,-7.3926244e-06,971.1990900039673,204.58655993508884,3.06368396313405,3.018528938293457,52,0.24799776077270508,219.48990083278179,124.139562277565,18.071991443634033,212.7987223376965
-0.0041727307,100,540000,14.45568299293518,0.025027751922607422,17.692995071411133,-7.261208e-06,989.1810839176178,203.88186714301102,2.9589210004914452,2.999817371368408,53,0.2499699592590332,223.942802715631,124.69087613305663,17.968992710113525,214.22840860218534
-0.0039591906,100,550000,14.308167695999146,0.021966934204101562,17.634023189544678,-7.1355853e-06,1007.0940759181976,205.61237654059929,3.149466968527712,3.0774054527282715,54,0.2440013885498047,224.01246250841936,124.59728623748184,17.899991512298584,214.0704689338332
-0.005558019,100,560000,14.260855913162231,0.027998685836791992,17.48099637031555,-7.003366e-06,1024.858068704605,199.00957165679176,3.4338710849291716,2.971313238143921,55,0.24199867248535156,220.99447956805233,124.7646390067201,17.750993728637695,214.2633573004062
-0.0037199475,100,570000,14.216796398162842,0.02703118324279785,17.440995693206787,-6.8592585e-06,1042.591061115265,206.21317556202837,3.5003293156367628,2.9484527111053467,56,0.25096726417541504,228.92485303091104,124.83487040880846,17.71999192237854,214.7871780271208
-0.0019197058,100,580000,14.238558053970337,0.01999950408935547,17.457996368408203,-6.712082e-06,1060.322054386139,199.86380263023094,3.598946081080233,2.965726852416992,57,0.2389965057373047,222.28492210698323,124.99817652132724,17.716992378234863,214.98035412948823
-0.0028523924,100,590000,14.14335012435913,0.02199840545654297,17.367995262145996,-6.5705403e-06,1077.9930469989777,205.7360087866195,2.773671082928828,2.979663610458374,58,0.2669994831085205,226.10384191135986,125.30054522101818,17.65699315071106,215.59514478398657
-0.00643198,100,600000,14.042853593826294,0.03300023078918457,17.279993057250977,-6.451434e-06,1095.5670425891876,205.57261284414346,3.513093415605252,2.9706742763519287,59,0.24700093269348145,223.11264298506296,125.23371270097961,17.559994220733643,215.4747990728995
-0.0030189164,100,610000,14.08694314956665,0.02097630500793457,17.339017629623413,-6.314629e-06,1113.185033082962,205.72733985321534,3.1635104951459043,2.954310417175293,60,0.2449967861175537,223.13717011735756,125.35310993098011,17.6049907207489,215.8777991844753
-0.0029628787,100,620000,14.050071716308594,0.018999814987182617,17.202024459838867,-6.224148e-06,1130.6680264472961,206.14092317841448,3.4356074916993524,2.90592360496521,61,0.24896836280822754,225.37403493896605,125.86231472557787,17.469992637634277,217.0475644873708
-0.0055360547,100,630000,14.13371729850769,0.025975704193115234,17.32201886177063,-6.0862703e-06,1148.2720201015472,204.02464571796102,3.8275817691938645,2.936936855316162,62,0.24299883842468262,227.12809769978026,125.82300008355551,17.590993404388428,216.99346477363827
-0.0034311528,100,640000,14.073282480239868,0.018000364303588867,17.2339928150177,-5.957675e-06,1165.7910141944885,205.31038574395475,3.883718948422484,2.9057276248931885,63,0.25300049781799316,228.0630188868685,126.46603014376905,17.50599503517151,218.56359695040916
-0.0019344229,100,650000,14.111743211746216,0.026000261306762695,17.34901738166809,-5.8416117e-06,1183.4250049591064,205.5862014499249,3.82934434662681,2.9899823665618896,64,0.2429673671722412,229.22913787817697,126.50892613592346,17.6209933757782,218.7652588833995
-0.003689491,100,660000,14.149524450302124,0.026997089385986328,17.301993131637573,-5.7058314e-06,1201.0090000629425,204.14580265363918,3.8544011514583514,2.902374744415283,65,0.24100089073181152,229.46814179957587,126.48010780448645,17.570992946624756,218.5591572016345
-0.005830647,100,670000,14.148462772369385,0.018969297409057617,17.340025663375854,-5.596536e-06,1218.6359918117523,203.08337260820028,3.99456457301874,2.9575793743133545,66,0.25299859046936035,227.6445259618728,126.77464989432728,17.613994359970093,219.33166354874564
-0.004113209,100,680000,14.069904565811157,0.026970624923706055,17.220024585723877,-5.4911548e-06,1236.140986442566,196.67861667829047,4.776692644109191,2.9026172161102295,67,0.24400091171264648,232.82970143170954,126.89586322846404,17.49199604988098,219.8657857023746
-0.0035351939,100,690000,14.096412897109985,0.025997161865234375,17.26599669456482,-5.3872523e-06,1253.705977678299,207.6959738888182,4.301252901385421,2.916173219680786,68,0.2589988708496094,231.4286996641,126.93153972354258,17.550992727279663,220.0798303726394
-0.00412119,100,700000,14.10095477104187,0.021997928619384766,17.316994190216064,-5.2866385e-06,1271.3119699954987,208.492152616517,4.763535021325833,2.9564414024353027,69,0.25299954414367676,231.77653655682644,127.43487890632707,17.592993021011353,221.1532036615681
-0.0034318205,100,710000,14.137700319290161,0.02500128746032715,17.28699541091919,-5.184843e-06,1288.8759620189667,205.2516226508587,4.921618919666594,2.883533000946045,70,0.23899531364440918,233.07477207325968,127.8756888339648,17.550992012023926,222.15236593151747
-0.003963151,100,720000,13.856319665908813,0.01799798011779785,17.081995487213135,-5.071027e-06,1306.2399551868439,201.45354287610405,6.151285381986463,2.925635814666748,71,0.24899792671203613,236.06058375678126,127.90781248063183,17.350990772247314,222.40806074847492
-0.0035210485,100,730000,14.042060375213623,0.018998384475708008,17.202995777130127,-4.9604246e-06,1323.716948747635,209.32130162418397,5.321855561155407,2.915113925933838,72,0.2389965057373047,234.64247010786673,127.78434084128223,17.463990926742554,222.1084119000501
-0.00328894,100,740000,14.071718692779541,0.026999473571777344,17.265995740890503,-4.860358e-06,1341.2869436740875,201.41053445441952,6.479231253132467,2.936758041381836,73,0.26200008392333984,236.99635212752847,127.81143985009425,17.556994438171387,221.94785393128655
-0.0029770304,100,750000,14.00667428970337,0.025000810623168945,17.179993391036987,-4.745674e-06,1358.7469351291656,207.93843006689542,4.9849709839257725,2.9240126609802246,74,0.24199819564819336,233.33142479503005,128.33985231842496,17.44699239730835,222.9419552512802
-0.0032460717,100,760000,14.110616683959961,0.02399730682373047,17.270995616912842,-4.6552814e-06,1376.2979283332825,208.3700307747635,5.529521108820946,2.9170374870300293,75,0.24199652671813965,234.16634624520015,128.30825330681503,17.53799343109131,223.15091022038385
-0.0016438388,100,770000,14.186683654785156,0.02200150489807129,17.359992265701294,-4.5525608e-06,1393.9359230995178,203.30145108347565,6.395644956629189,2.9190256595611572,76,0.24299931526184082,237.53017110693128,128.30060208883452,17.624993085861206,222.96539599622366
-0.00025844778,100,780000,13.993743181228638,0.01999807357788086,17.245996952056885,-4.4856047e-06,1411.4649131298065,186.10299328705392,6.5469668597767186,3.0069429874420166,77,0.24699831008911133,236.55954735438218,128.4864243004124,17.51498770713806,223.46006298805034
-0.0032495488,100,790000,14.003719091415405,0.02399730682373047,17.223994970321655,-4.4270955e-06,1428.966906785965,200.6722267260119,7.045018068577803,2.975536584854126,78,0.24000072479248047,242.9476616237808,128.75243908582718,17.488992929458618,223.7979099074565
3.325859e-05,100,800000,14.168179988861084,0.018976926803588867,17.324018001556396,-4.3829446e-06,1446.5738999843597,201.85509265559014,5.617564109348943,2.9039998054504395,79,0.25099802017211914,236.97957215275446,128.92074862700662,17.593992948532104,224.25194365864488
-0.002487239,100,810000,14.074674606323242,0.020966529846191406,17.32102608680725,-4.3177033e-06,1464.1698927879333,202.53865487449158,7.215941504088707,2.9771175384521484,80,0.2409985065460205,252.27809327133406,129.15261536436813,17.582991123199463,224.79839015603102
0.0047379564,100,820000,14.118394136428833,0.01802825927734375,17.300995588302612,-4.2358215e-06,1481.7588860988617,171.91183966990974,11.627921899272977,2.9360947608947754,81,0.25499796867370605,252.03636431138887,128.54582323518136,17.575992584228516,223.3207737565101
-9.002409e-05,100,830000,14.104735851287842,0.020030975341796875,17.31699252128601,-4.1900453e-06,1499.3478798866272,164.49761861079847,14.406055369267067,2.8995893001556396,82,0.23796844482421875,240.39115265627663,127.60298329588413,17.575992822647095,221.19415738966433
0.000527704,100,840000,14.169796705245972,0.026964426040649414,17.31102967262268,-4.1445765e-06,1516.9508719444275,174.60948357127745,10.398325088695383,2.893582344055176,83,0.25099873542785645,243.73300100660458,129.33011189685328,17.588992834091187,225.0386021308343
0.0059260097,100,850000,14.118951797485352,0.02700185775756836,17.289994955062866,-4.0693817e-06,1534.5478641986847,209.67402978255697,5.99444479237822,2.9204883575439453,84,0.26599717140197754,239.47377796813885,129.3795499640511,17.58399271965027,225.09103741890303
-0.0007018102,100,860000,13.976847887039185,0.01897716522216797,17.168020009994507,-3.9993415e-06,1551.993860244751,180.87182080127917,8.417969508121146,2.9255690574645996,85,0.24599862098693848,248.6899511737868,129.7678643520341,17.433996200561523,226.11117871142133
-0.002508963,100,870000,14.256383895874023,0.018998384475708008,17.402995347976685,-3.937298e-06,1569.679851770401,204.03689716161298,8.528101122801804,2.8816068172454834,86,0.25099897384643555,250.07032696534776,129.90959177286132,17.672992706298828,226.53205163628655
-0.0039000956,100,880000,14.089948177337646,0.01899862289428711,17.235996961593628,-3.857904e-06,1587.195843219757,195.11093620169117,8.340707003909266,2.895354747772217,87,0.24599862098693848,251.5668341512791,130.29777937660168,17.50199294090271,226.95063380711474
-0.003976625,100,890000,14.0918607711792,0.0260007381439209,17.288994073867798,-3.7807404e-06,1604.7708368301392,208.93613721332264,7.780561336030927,2.943448305130005,88,0.24699831008911133,255.00261587900246,130.13009032689925,17.56199312210083,226.86044481843538
0.0024295845,100,900000,14.153252363204956,0.02599787712097168,17.312992334365845,-3.7324726e-06,1622.3948299884796,187.37412390446295,11.04848973995945,2.90548038482666,89,0.27100133895874023,247.66958792442085,129.2849080913075,17.610991716384888,225.3150300271849
-0.0005975956,100,910000,14.11607813835144,0.017998218536376953,17.250997066497803,-3.6644028e-06,1639.9358241558075,156.85504405607304,11.133263644626096,2.892040729522705,90,0.2569997310638428,257.10548629875393,129.79360674735784,17.527995586395264,226.00486328055
-0.0014303487,100,920000,14.266903162002563,0.019997596740722656,17.45799708366394,-3.6197196e-06,1657.672815322876,201.758317281678,7.575262961543288,2.9323809146881104,91,0.24599885940551758,245.38436496949834,130.3280347861782,17.72399353981018,227.44447939162893
-0.0037628496,100,930000,14.2695472240448,0.02799820899963379,17.48799729347229,-3.572614e-06,1675.478807926178,204.6674885484297,7.976668884753171,2.9467902183532715,92,0.2739982604980469,261.5554141499274,130.08787541876242,17.792991638183594,226.70779566200804
-0.0027575698,100,940000,14.187653303146362,0.022000551223754883,17.45699429512024,-3.5111725e-06,1693.2338020801544,205.24934410138985,9.43043423627974,2.959798812866211,93,0.26199960708618164,257.39603760245075,130.13557921066032,17.74199342727661,226.9544962728864
-0.003109077,100,950000,14.22817873954773,0.023977994918823242,17.4270179271698,-3.431555e-06,1710.9687955379486,201.42543748705438,9.110497921387907,2.922438144683838,94,0.2700023651123047,252.5211083725155,130.36963422776486,17.721991539001465,227.28212959811574
-0.0017179723,100,960000,14.169225454330444,0.032970428466796875,17.305022478103638,-3.3761119e-06,1728.5747878551483,200.970646106081,11.293481123798824,2.8936376571655273,95,0.2539985179901123,256.1265246458379,130.58216836770956,17.592992782592773,227.97603748137954
-0.0026840647,100,970000,14.221327543258667,0.02497267723083496,17.345017910003662,-3.3448732e-06,1746.2267801761627,176.01294651913602,11.234802589130364,2.878927707672119,96,0.2690002918243408,255.15727572609686,131.95207887047764,17.638990879058838,230.72753456594106
-0.004482486,100,980000,14.125114440917969,0.02799820899963379,17.260997533798218,-3.310777e-06,1763.8177733421326,155.38278995314545,13.297970957377428,2.8784806728363037,97,0.28699755668640137,264.65969916733076,130.35954246360205,17.577994346618652,227.492518221231
-0.0031835523,100,990000,14.195394515991211,0.024985790252685547,17.2770037651062,-3.2557762e-06,1781.4037659168243,182.55834314262864,13.741626509820447,2.833922863006592,98,0.27100110054016113,263.32667006372,131.73085807789735,17.572990655899048,230.1681514510874
-0.0005219694,100,1000000,14.204884767532349,0.022002696990966797,17.399994134902954,-3.2080113e-06,1799.1077613830566,208.66691216873366,10.937034104631948,2.9311840534210205,99,0.26799798011779785,260.57367485317405,132.5599718401093,17.68999481201172,231.7711299923185
0.0016719003,100,1010000,14.213525772094727,0.02499699592590332,17.397032976150513,-3.1621753e-06,1816.8077518939972,188.86528498191925,14.655042912716029,2.939286708831787,100,0.2629990577697754,262.52151913506725,132.4896896610044,17.68699312210083,231.89906721518247
-0.0029350037,100,1020000,14.16760540008545,0.025000810623168945,17.3779935836792,-3.1123816e-06,1834.4937448501587,194.78435120057813,12.440624118204239,2.9470691680908203,101,0.2689979076385498,262.1652860558358,132.4827008434529,17.672992944717407,232.1653655235911
0.0006963218,100,1030000,14.068558931350708,0.01800084114074707,17.20299196243286,-3.039652e-06,1851.998736858368,170.9498784325167,13.056576460054908,2.8908534049987793,102,0.26999711990356445,264.9004365170602,132.69145677827933,17.491990089416504,232.3308839326013
0.00834951,100,1040000,14.17640495300293,0.0190274715423584,17.34399724006653,-2.954925e-06,1869.632732629776,212.36824871499323,11.689912812868657,2.9044036865234375,103,0.2579686641693115,262.9570576793409,134.57424457574396,17.6209933757782,236.18151876857237
-7.868106e-06,100,1050000,14.3132004737854,0.022000551223754883,17.43899393081665,-2.8885186e-06,1887.3687267303467,200.9726843592663,12.595227739020357,2.8328585624694824,104,0.2609992027282715,265.0594131923289,134.54870379883877,17.721993684768677,235.9627333629629
0.019247089,100,1060000,14.131328344345093,0.02703237533569336,17.2759952545166,-2.8403354e-06,1904.9427168369293,168.01047410375702,15.25985941729317,2.8895511627197266,105,0.2579653263092041,264.15426702670635,135.01730236251814,17.5609929561615,237.64968097261226
0.043056004,100,1070000,14.134974241256714,0.021971702575683594,17.234023094177246,-2.780448e-06,1922.4747092723846,205.71532445336948,14.074196152070227,2.8421669006347656,106,0.2629971504211426,265.70329840033355,137.1265672933865,17.518991947174072,242.0519024769306
-0.0009170812,100,1080000,14.054717302322388,0.01902914047241211,17.11002016067505,-2.7120993e-06,1939.8797028064728,186.45900784308768,13.446036033075899,2.801832675933838,107,0.26196813583374023,260.5058001621721,135.4349051537624,17.3919939994812,238.38021165474012
0.009422116,100,1090000,14.052486181259155,0.025998830795288086,17.11799430847168,-2.6738476e-06,1957.2996954917908,70.52490203721328,21.190414972449506,2.805621862411499,108,0.2629997730255127,263.6403616237751,135.55461295965236,17.40699291229248,239.0245299493485
0.002870269,100,1100000,14.24009394645691,0.02699732780456543,17.29799723625183,-2.6360321e-06,1974.8946886062622,176.3272437891642,15.539497515032547,2.8070058822631836,109,0.25699949264526367,264.1506821413204,136.28337164432102,17.58199405670166,240.2453214443206
-0.0035760948,100,1110000,14.13543176651001,0.026001453399658203,17.272995710372925,-2.60705e-06,1992.4726822376251,190.69696736123566,15.773869501100622,2.8667454719543457,110,0.2649972438812256,264.50759876424496,136.67171994463064,17.56399440765381,240.93626053149612
0.006937039,100,1120000,14.045541763305664,0.02699756622314453,17.093995571136475,-2.577871e-06,2009.8696763515472,204.88566886126512,13.963766602291274,2.7985846996307373,111,0.26200103759765625,265.0309114118592,137.10113153572058,17.38399362564087,242.84669013072045
0.033103198,100,1130000,14.142411947250366,0.019994497299194336,17.216030836105347,-2.5605807e-06,2027.3786680698395,74.61646630092095,25.198375760191222,2.8243234157562256,112,0.25996828079223633,266.41880428442437,134.21759016398335,17.495993614196777,236.9559735480644
0.047502503,100,1140000,14.090760946273804,0.026971817016601562,17.20902132987976,-2.5673055e-06,2044.885660648346,209.6226623669144,13.830539803853782,2.8542301654815674,113,0.25699830055236816,264.4172841476141,137.0143478278548,17.49299144744873,241.8349197689192
0.053785905,100,1150000,14.091758489608765,0.024965763092041016,17.220025539398193,-2.5200377e-06,2062.404655456543,201.5623005259623,11.204800015183825,2.8806188106536865,114,0.2599961757659912,256.37183619394057,135.17638177745891,17.505993843078613,237.36502700777572
-0.0007946115,100,1160000,14.250319242477417,0.019030332565307617,17.321993827819824,-2.4791598e-06,2080.0266485214233,174.6099111983556,15.852427001148945,2.7739381790161133,115,0.2669692039489746,263.95992460630794,134.95571528403832,17.60899329185486,237.55803686522918
0.0025153118,100,1170000,14.10327696800232,0.019000530242919922,17.214608669281006,-2.4591625e-06,2097.5422537326813,194.5033527994986,14.148354948797314,2.8557181358337402,116,0.26799654960632324,264.1349632769812,136.0603468165077,17.50260615348816,239.98083176761753
-0.0032887005,100,1180000,14.181921243667603,0.020979881286621094,17.29401397705078,-2.432629e-06,2115.1322486400604,205.62760172632858,12.761915300420721,2.8785030841827393,117,0.2610008716583252,262.50204054444197,134.84940798898495,17.57699465751648,236.96563895619917
-0.0041730306,100,1190000,13.92328691482544,0.022969484329223633,17.003024339675903,-2.36624e-06,2132.429241657257,212.5876369339449,10.991374304480864,2.816528081893921,118,0.2570004463195801,260.79449758166913,135.96390339906264,17.282994270324707,239.34971384732123
-0.004158457,100,1200000,13.789575099945068,0.026999711990356445,16.899996757507324,-2.3122036e-06,2149.639232635498,198.99822316286395,13.406532356040778,2.862349271774292,119,0.26999688148498535,263.0162729197602,136.60381349406487,17.196993350982666,240.89503109874195
-0.0019066877,100,1210000,14.176498651504517,0.02297186851501465,17.24301791191101,-2.245313e-06,2167.1952271461487,208.7067448740018,11.686290722377306,2.808773994445801,120,0.2760021686553955,263.29427110172975,138.32009204827816,17.542993545532227,244.35381173959146
-0.0027709415,100,1220000,14.186196327209473,0.020000696182250977,17.301994800567627,-2.2222507e-06,2184.7932193279266,201.72852571186544,11.834416941399176,2.8540101051330566,121,0.2629978656768799,261.81749681821833,138.43803882286886,17.584993362426758,245.0455273434146
-0.0042480235,100,1230000,14.20789885520935,0.02303004264831543,17.368996381759644,-2.1578014e-06,2202.4612109661102,200.58258052667287,11.756211805659293,2.8726906776428223,122,0.26296472549438477,265.3194128575444,138.75387316465094,17.654991149902344,245.48702173278218
-0.0012512051,100,1240000,13.923002004623413,0.028031110763549805,17.088990688323975,-2.0930158e-06,2219.8752069473267,185.83266943391186,13.643859562957312,2.901993989944458,123,0.2819693088531494,261.01489699819575,138.14509880384696,17.39999270439148,244.0688225705731
-0.0012940017,100,1250000,14.225901126861572,0.025969505310058594,17.377022981643677,-2.0428336e-06,2237.557199239731,217.36891243993773,11.923529377072558,2.8645153045654297,124,0.265000581741333,266.094687857908,139.01307786693158,17.66799306869507,246.0700075266775
-0.005249922,100,1260000,14.119712114334106,0.02000117301940918,17.16599678993225,-1.9637346e-06,2255.0131912231445,188.3023472731645,15.880925029429378,2.817612409591675,125,0.25699663162231445,264.6821035853206,138.91296199737852,17.442994594573975,245.71726777954618
-0.0022221764,100,1270000,14.129090785980225,0.029996871948242188,17.258996725082397,-1.9088445e-06,2272.600184202194,164.26837034353287,14.909903471620375,2.819507360458374,126,0.2839999198913574,269.2590926232685,138.93219702415234,17.572993516921997,246.2382831189012
-0.0021635862,100,1280000,13.993446826934814,0.019997596740722656,17.032994031906128,-1.8395435e-06,2289.9281766414642,215.18197568453886,11.495230165327035,2.806654453277588,127,0.26000046730041504,266.2971603363685,140.1969670244913,17.312992095947266,248.3820742834114
0.00071850105,100,1290000,14.097958087921143,0.05199861526489258,17.211994886398315,-1.7780685e-06,2307.501169681549,215.6457042436501,13.249730115108811,2.8234200477600098,128,0.29599928855895996,265.8866116721063,139.43355290248775,17.559992790222168,246.83935231099022
0.002053806,100,1300000,14.093937158584595,0.05199861526489258,17.258992910385132,-1.7061675e-06,2325.118161678314,218.63368970097343,11.361287166882867,2.8992676734924316,129,0.2909975051879883,265.36253508388876,140.5210619739605,17.603991746902466,249.30017921763334
0.0051084,100,1310000,13.823369979858398,0.02699565887451172,16.958996295928955,-1.6168666e-06,2342.4541578292847,209.7446599456198,14.509539431849346,2.870610475540161,130,0.3360025882720947,268.17225583604113,139.17475409051653,17.322994709014893,246.42406032032306
0.0100721065,100,1320000,14.202371835708618,0.02596569061279297,17.375157594680786,-1.5563702e-06,2360.1532821655273,207.78427687738892,13.299334753302587,2.909010171890259,131,0.27499961853027344,266.79196410373055,140.07762498397008,17.676122903823853,248.6416428869212
0.018154128,100,1330000,14.12831425666809,0.02497553825378418,17.25101900100708,-1.4698612e-06,2377.702273607254,194.17752325138133,13.778498569702911,2.8814733028411865,132,0.25699567794799805,266.38680122079114,140.25790290888474,17.535993576049805,249.50094094045377
0.02434916,100,1340000,14.159762144088745,0.019002437591552734,17.306993007659912,-1.4007092e-06,2395.303278207779,199.34160556086297,13.813364968993096,2.886953830718994,133,0.26100897789001465,268.28236468660725,139.8743404935974,17.588005304336548,248.1358208774375
0.012738913,100,1350000,14.04608416557312,0.019002676010131836,17.163994550704956,-1.3719355e-06,2412.75826048851,211.99912423314962,12.384447693417039,2.8466989994049072,134,0.25899672508239746,267.70395032160985,138.47334199759268,17.441993951797485,244.79880710986015
0.024071792,100,1360000,14.169623136520386,0.02400040626525879,17.266995429992676,-1.3152157e-06,2430.340252637863,207.81832223643718,12.048564073902954,2.838918685913086,135,0.2779972553253174,263.82729116960877,138.2946747834461,17.568993091583252,244.6277652684647
0.024537062,100,1370000,14.124602317810059,0.02699589729309082,17.251995086669922,-1.2790167e-06,2447.8902475833893,204.74030136074092,11.723931703709695,2.8732926845550537,136,0.257002592086792,260.7189349405919,136.171673542641,17.535993576049805,240.02097883364252
0.014431644,100,1380000,14.032058238983154,0.02196979522705078,17.201022386550903,-1.246786e-06,2465.3882389068604,204.6831442533076,10.685706132864174,2.868340492248535,137,0.2609982490539551,257.888094887671,135.23358616912026,17.48399043083191,237.79007832265444
0.0031716363,100,1390000,14.216211557388306,0.027964353561401367,17.344992876052856,-1.2201047e-06,2483.0402307510376,196.80857120119163,12.080739872060372,2.8682096004486084,138,0.2630000114440918,259.6645354077201,134.00945669037208,17.637991428375244,235.28336571740238
0.005657574,100,1400000,14.033024311065674,0.022986650466918945,17.088005304336548,-1.1907493e-06,2500.4222254753113,196.37587171195403,11.501391755544816,2.7753703594207764,139,0.25800132751464844,254.711747219639,133.57432684110597,17.368993282318115,234.02126324821018
-0.0013867443,100,1410000,14.283326148986816,0.02699875831604004,17.392996311187744,-1.1511171e-06,2518.1152181625366,184.6999857391027,11.871616876462115,2.8675765991210938,140,0.2599983215332031,251.78576549270227,131.81879201016775,17.679993391036987,230.2149400213684
-0.0029434897,100,1420000,14.308368921279907,0.018001794815063477,17.38099217414856,-1.136409e-06,2535.79421043396,193.9744816902452,10.125054471523583,2.816638469696045,141,0.26599788665771484,248.74417763777902,131.37107946081517,17.665990829467773,229.45723088085427
-0.0033855278,100,1430000,14.229368209838867,0.01800084114074707,17.327018976211548,-1.0976875e-06,2553.416203737259,188.3701722185577,10.754944874998658,2.83804988861084,142,0.2629969120025635,250.86998679996074,132.66335589152067,17.608991622924805,232.1556656915061
-0.0048139147,100,1440000,14.14594841003418,0.02199864387512207,17.233996391296387,-1.0429382e-06,2570.9441962242126,209.60135620503675,9.046144553491851,2.8095574378967285,143,0.257997989654541,252.32130141252784,132.24564723666373,17.5149929523468,231.2824590330309
-0.002519323,100,1450000,14.210844993591309,0.02199697494506836,17.318997621536255,-9.5360156e-07,2588.5751914978027,206.35355807509782,9.951030803296629,2.8393540382385254,144,0.27500009536743164,253.30854255027361,133.94032081557177,17.617996215820312,234.83239247603615
0.0016226132,100,1460000,14.298669338226318,0.022001028060913086,17.389997720718384,-8.6884256e-07,2606.2591824531555,180.80106643650686,11.740541957563668,2.825613021850586,145,0.25699853897094727,257.71711638627636,136.08590718011,17.67099404335022,239.43810721658588
-0.0038607537,100,1470000,13.831010341644287,0.023999452590942383,16.978996515274048,-7.762122e-07,2623.5501778125763,198.05264897525703,9.918315570762578,2.89289927482605,146,0.2739989757537842,256.4677749798492,136.9071228907096,17.277996063232422,241.03082602393718
-0.0032081783,100,1480000,14.218747615814209,0.02703118324279785,17.2929949760437,-6.890225e-07,2641.142170190811,214.79980902494404,9.380849117886198,2.8051345348358154,147,0.2589683532714844,262.14417886974104,138.8740217511408,17.578994512557983,245.2946690917024
-0.0050531393,100,1490000,14.132465362548828,0.021996498107910156,17.32199501991272,-6.131923e-07,2658.7601630687714,218.41665821265198,9.768859782894596,2.864633798599243,148,0.2610015869140625,259.82250900738126,139.4608550675054,17.604993104934692,246.62712371748393
-0.0042301216,100,1500000,14.24786376953125,0.02496790885925293,17.34302568435669,-5.397856e-07,2676.4081542491913,210.27227699890585,8.30681357940995,2.8444395065307617,149,0.2669968605041504,263.3723119757938,140.78343412405275,17.634990453720093,249.51313475141768
-0.0028852073,100,1510000,14.215906381607056,0.022999286651611328,17.305994749069214,-4.700148e-07,2694.00914812088,217.5078490599985,8.810961308900653,2.830404281616211,150,0.2579991817474365,264.3508956558399,141.17968074674832,17.58699321746826,250.55786360995822
0.0017289575,100,1520000,14.246235132217407,0.026931047439575195,17.30809259414673,-3.7128805e-07,2711.6301403045654,223.73484185024589,8.755778167604369,2.8211112022399902,151,0.27196836471557617,264.5438192649122,141.5932725437608,17.60799288749695,251.39902241897917
0.0034864899,100,1530000,14.174388647079468,0.018999099731445312,17.306995391845703,-2.8134227e-07,2729.2291343212128,221.33786754596227,8.580209879136563,2.8921754360198975,152,0.25800037384033203,263.3392218511356,141.46707307065938,17.584994554519653,251.18125022588373
0.008020223,100,1540000,14.18655800819397,0.022970199584960938,17.303024291992188,-1.9529341e-07,2746.835125207901,206.05613422862453,11.030475713372962,2.8651816844940186,153,0.2649972438812256,266.9390657278938,142.00795758502295,17.592992067337036,252.62086133637206
0.00536394,100,1550000,14.131754875183105,0.02699875831604004,17.285996198654175,-8.358359e-08,2764.428118944168,216.63772347626607,8.036233221805272,2.878472328186035,154,0.2669980525970459,264.59337545801435,142.28001250221087,17.580992698669434,252.9337314167001
0.0036363937,100,1560000,14.163670301437378,0.018999099731445312,17.2519953250885,1.464963e-08,2781.979112148285,226.35034212913934,8.345850727270626,2.8538670539855957,155,0.264998197555542,266.23460357208364,141.97455161622264,17.53799295425415,252.22751771265175
-0.0016147883,100,1570000,14.268548488616943,0.024997472763061523,17.428995847702026,1.1829494e-07,2799.717105150223,218.84442770992933,8.665357067729852,2.857720375061035,156,0.2709987163543701,266.33390038700344,143.0796925918403,17.724992036819458,254.76923087103103
-0.0038001398,100,1580000,14.131911754608154,0.019000530242919922,17.206992626190186,2.1179318e-07,2817.218099594116,218.1523530280496,9.497001769056677,2.819161891937256,157,0.26199984550476074,269.6668632922051,143.23348073207563,17.488994359970093,255.38618042139194
-0.0014877786,100,1590000,14.146093368530273,0.019996166229248047,17.232996702194214,3.119838e-07,2834.746090888977,214.81483418367225,9.455496999517901,2.8483707904815674,158,0.26199984550476074,268.8973810201598,143.50060175675287,17.514992713928223,256.08044148821
0.008557052,100,1600000,14.166051864624023,0.0280301570892334,17.281997203826904,4.2338726e-07,2852.3290836811066,219.16091872406705,9.07860092903806,2.8269612789154053,159,0.259965181350708,271.74794509313506,144.29348405608312,17.569992542266846,257.4722116097991
0.0012015973,100,1610000,13.86081075668335,0.025997400283813477,16.99099564552307,4.877794e-07,2869.632077217102,220.02189481367404,9.075759985223772,2.888977289199829,160,0.2709982395172119,270.3918451525735,143.90546888160807,17.289993047714233,256.6712611667794
-0.0017737607,100,1620000,14.16227674484253,0.018998384475708008,17.224996089935303,5.8097356e-07,2887.1560702323914,221.09172323876027,10.537422300479669,2.7977592945098877,161,0.2669992446899414,267.49691116328825,142.5422797240219,17.510993719100952,253.86637890199822
-0.0018839862,100,1630000,14.048207759857178,0.021950244903564453,17.094043254852295,6.439042e-07,2904.568063020706,214.37811629783388,12.00522657773387,2.804891586303711,162,0.2819979190826416,268.16279391175465,141.96920651573197,17.398993968963623,252.4537916764237
-0.0019419597,100,1640000,14.083846807479858,0.023997783660888672,17.166993856430054,7.123172e-07,2922.0340576171875,205.38598453708642,12.134661807014156,2.841221332550049,163,0.26200079917907715,269.5280418702393,142.87419695808256,17.45299243927002,254.08668128736875
-0.001512914,100,1650000,14.061074495315552,0.023001432418823242,17.125991821289062,7.8014256e-07,2939.4550490379333,208.76475909131312,12.381939373358986,2.80776309967041,164,0.2579984664916992,267.70524692756896,142.85389265042969,17.406991720199585,253.55060297987401
-0.002768412,100,1660000,14.134765863418579,0.02699756622314453,17.225994110107422,8.570421e-07,2956.983043909073,197.33783077121578,9.752491854604873,2.8416049480438232,165,0.26000022888183594,267.7267660200718,143.66190130899096,17.514994859695435,255.7414878846972
-0.00080878317,100,1670000,14.14478611946106,0.02297186851501465,17.262021780014038,9.178769e-07,2974.543035507202,225.6222609191013,9.770266809608598,2.859173536300659,166,0.26099705696105957,267.85171688319576,142.62476340631665,17.54699182510376,253.60637246307255
-0.0025210448,100,1680000,14.178278923034668,0.019000530242919922,17.229994773864746,9.982764e-07,2992.0720298290253,233.05627000027437,7.860574886400175,2.8079566955566406,167,0.26399898529052734,269.57664969885184,144.35749772760127,17.514993906021118,257.2755423955639
0.00090509566,100,1690000,14.12570571899414,0.020997047424316406,17.205998182296753,1.0903084e-06,3009.5900208950043,224.2314504999777,11.034735225305948,2.812988042831421,168,0.27499818801879883,270.52801532899866,143.77248648882963,17.502994060516357,255.8741345664222
0.006870114,100,1700000,14.279149532318115,0.01999664306640625,17.448993921279907,1.1405884e-06,3027.3700137138367,224.15733466281065,9.818398080970583,2.908909320831299,169,0.296999454498291,273.1618608169521,144.23084553500053,17.765990018844604,256.9300666052789
-0.00041620835,100,1710000,14.321892499923706,0.023000478744506836,17.540993213653564,1.2250053e-06,3045.2150087356567,215.82314988664842,9.840833574907982,2.893364667892456,170,0.26599979400634766,270.04052936806863,143.22539124542482,17.83199381828308,254.42888228392638
-0.0038791897,100,1720000,14.337390422821045,0.018967866897583008,17.450023889541626,1.2808811e-06,3062.984000682831,225.74717932085494,10.207672542562356,2.860694169998169,171,0.285999059677124,270.137221582906,144.16656685098368,17.7559916973114,256.7781354314489
-5.5413988e-05,100,1730000,14.497602701187134,0.022029876708984375,17.666992664337158,1.3526451e-06,3080.94899392128,238.20416794295582,8.275005176090282,2.9298300743103027,172,0.2609875202178955,273.45480508312653,144.84425082060568,17.950992107391357,258.349039467711
-0.002701424,100,1740000,14.464951992034912,0.021996736526489258,17.60599708557129,1.4494145e-06,3098.8619854450226,220.33886466310622,9.37119549723749,2.895944356918335,173,0.2709991931915283,274.92818292701605,144.503133730918,17.899993896484375,257.54726048726405
0.010874788,100,1750000,15.076053619384766,0.03699994087219238,18.355642557144165,1.5164268e-06,3117.89262843132,232.0572577299161,7.624951284081042,3.032444715499878,174,0.6250007152557373,272.0250997191021,144.94094244895962,19.017643213272095,258.31137432173875
0.0010143219,100,1760000,16.3875732421875,0.0299985408782959,20.226990938186646,1.5990698e-06,3138.446617603302,224.47716990861923,9.074118590585918,3.5286471843719482,175,0.27899956703186035,272.1690165295251,145.06386492883345,20.5359890460968,258.4197113192501
0.01981255,100,1770000,15.128489255905151,0.019968271255493164,18.47619938850403,1.6510045e-06,3157.217788696289,235.65771977677386,8.425209297167179,3.0640487670898438,176,0.2610011100769043,269.7849528457373,145.22181721894515,18.758169651031494,258.9498136809728
-0.0023905039,100,1780000,14.460710287094116,0.0189969539642334,17.604997158050537,1.679027e-06,3175.122779607773,202.80508516321348,14.383590719001846,2.8769450187683105,177,0.26599693298339844,272.1638999627564,143.28663528292685,17.891993045806885,254.32491770612324
0.008421893,100,1790000,14.563642024993896,0.02097320556640625,17.83099365234375,1.7186104e-06,3193.2597737312317,190.64333856141758,12.519276140280152,3.000436782836914,178,0.26999950408935547,272.65611288609773,143.8037852317283,18.12399435043335,255.69252664340752
-0.0033004177,100,1800000,14.529515981674194,0.0280001163482666,17.67499303817749,1.6826093e-06,3211.2377650737762,204.99637295407004,10.960157851623723,2.8962481021881104,179,0.26199936866760254,270.05397796159724,144.75372200116814,17.96499252319336,258.41146285512053
-0.0039744363,100,1810000,15.160900115966797,0.027999162673950195,18.576924324035645,1.7292583e-06,3230.1336874961853,204.34543364015633,12.078195080388245,3.0610554218292236,180,0.27699828147888184,272.87510831318093,143.95612920396945,18.881921768188477,256.8826248755955
-0.0010734906,100,1820000,15.401378631591797,0.025964975357055664,18.765995502471924,1.762973e-06,3249.2236795425415,215.52952629370398,8.953393291660184,3.080207109451294,181,0.2819979190826416,270.6554138377868,144.8146987065201,19.07697868347168,258.51096238179025
-0.0049381345,100,1830000,15.121926546096802,0.027999162673950195,18.49799418449402,1.7932141e-06,3268.0446722507477,229.2019635450517,9.001118350802559,3.083407163619995,182,0.281998872756958,273.38708058222926,144.95314331480876,18.807992219924927,258.6964846063136
0.0041541075,100,1840000,15.092168092727661,0.02699899673461914,18.402995347976685,1.8406307e-06,3286.766664981842,218.76920728656594,10.035854272093744,3.030863046646118,183,0.2779974937438965,271.7521014313402,144.82637834012442,18.7079918384552,258.05860361887125
0.0007679386,100,1850000,14.76396131515503,0.02299976348876953,17.972991228103638,1.9008647e-06,3305.0406577587128,221.63141401576223,9.750700518056334,2.9395878314971924,184,0.265000581741333,273.26215195101577,145.72673128040756,18.26099157333374,260.3971577995972
-0.00064792135,100,1860000,14.520251750946045,0.018973350524902344,17.657914876937866,1.9138288e-06,3322.9905409812927,207.0143535930056,10.370099474588907,2.8799564838409424,185,0.2589998245239258,274.6892623656747,146.13734493546397,17.93688201904297,261.0215576908181
-0.0010912932,100,1870000,14.383637428283691,0.023972511291503906,17.569021224975586,1.9382858e-06,3340.8545355796814,212.2278749413245,8.946874689735642,2.9180424213409424,186,0.25499987602233887,272.60672326229496,146.63456776826777,17.849993228912354,262.0543746794624
0.010842964,100,1880000,14.464670419692993,0.02200007438659668,17.607112169265747,1.9486342e-06,3358.767644405365,206.0591745651742,10.36164245285828,2.8881094455718994,187,0.26999711990356445,274.88771754600054,145.81219671654503,17.900110244750977,260.4471695983025
0.0067659244,100,1890000,14.150727033615112,0.027001619338989258,17.27899479866028,1.9895886e-06,3376.351637840271,229.06763447818656,7.509711500907937,2.863624334335327,188,0.2649967670440674,273.10315270427225,146.58039614446344,17.570993185043335,261.92590457082855
-0.0017218123,100,1900000,14.299465417861938,0.024999141693115234,17.4319965839386,2.0388422e-06,3394.084630250931,219.33922430356967,8.764924356764828,2.8768796920776367,189,0.26099681854248047,271.933186494565,146.50933445249476,17.719993829727173,261.6830256145761
0.0024194957,100,1910000,14.323095560073853,0.02299952507019043,17.408994436264038,2.0847106e-06,3411.794622898102,238.0835484251498,7.3347919646306865,2.829127550125122,190,0.2649991512298584,275.3595233773688,147.09518541363715,17.696993112564087,263.0938738786836
-0.0032137847,100,1920000,14.341602325439453,0.018968582153320312,17.518024921417236,2.1694932e-06,3429.607616186142,230.74432128411036,8.373534181179943,2.847831964492798,191,0.2629997730255127,275.49296699350066,146.71147887898223,17.79999327659607,262.1411169924753
-0.004134089,100,1930000,14.246866941452026,0.0209958553314209,17.38101863861084,2.2645283e-06,3447.285607814789,212.12917450167967,8.336757977870281,2.867631435394287,192,0.26199984550476074,273.25341919270505,147.19229816640262,17.66499090194702,263.05250256209365
-0.0007316928,100,1940000,14.301460027694702,0.024999618530273438,17.360995292663574,2.3855937e-06,3464.953601837158,229.7034714443522,7.948648654379856,2.8018012046813965,193,0.2689979076385498,273.3905161150635,146.95339629030678,17.654992818832397,262.43459443914173
0.0030334909,100,1950000,14.351304531097412,0.019998788833618164,17.518994092941284,2.4975002e-06,3482.7675948143005,244.5568015207,7.125647635955371,2.8970139026641846,194,0.25999975204467773,273.09396252416695,147.42776974229878,17.800994157791138,263.5718569931337
-0.00050073105,100,1960000,14.647266149520874,0.01897120475769043,17.890023946762085,2.5969387e-06,3500.957587480545,224.79998771299478,8.96864570301406,2.954214572906494,195,0.2649979591369629,273.9190052367387,146.83227978203664,18.175992250442505,261.99930220328844
-0.0014640989,100,1970000,14.440670251846313,0.02599787712097168,17.651994228363037,2.659415e-06,3518.917580604553,220.8948398408364,7.4457682809094985,2.9597506523132324,196,0.26800012588500977,273.14789335805267,147.3759879246655,17.946993350982666,263.39024166370604
-0.003924742,100,1980000,14.185392141342163,0.01996636390686035,17.33899235725403,2.6918779e-06,3536.5495734214783,209.94532078617914,8.641871670691575,2.89282488822937,197,0.25899696350097656,274.4015563404773,146.95645611375375,17.618990898132324,262.5203483523687
0.009059519,100,1990000,14.159584760665894,0.022998332977294922,17.320993423461914,2.7320123e-06,3554.1735661029816,241.38623830346538,6.692212718836307,2.90453839302063,198,0.2629992961883545,272.90833407506267,146.8181768482082,17.6109938621521,262.35092065802957
-0.0010294666,100,2000000,14.491800546646118,0.01999640464782715,17.682992935180664,2.8079294e-06,3572.1635591983795,223.88983519355006,8.848103785713434,2.9280054569244385,199,0.27299976348876953,271.3042385221805,146.30035081401675,17.976991176605225,261.24789307154447
-0.00425027,100,2010000,14.349922895431519,0.0280301570892334,17.521994829177856,2.8696977e-06,3590.0015518665314,240.55631536531342,6.7304737421519985,2.877941370010376,200,0.27396631240844727,273.7069764460057,146.91036685459113,17.823991298675537,262.7174996776779
-0.0030780504,100,2020000,14.206029653549194,0.026996374130249023,17.320998668670654,2.931541e-06,3607.6265449523926,222.25929881501511,9.215022427130377,2.8425514698028564,201,0.26399946212768555,274.51350222937685,147.16687117167874,17.61199450492859,263.06273863470057
-0.003968414,100,2030000,14.638998031616211,0.026996850967407227,17.826128244400024,2.997731e-06,3625.755670785904,210.5463090728018,9.570364192883943,2.89310622215271,202,0.26199960708618164,273.3641467159361,146.84932253690545,18.116125345230103,262.29565162013427
-0.0041420646,100,2040000,14.622711181640625,0.04700064659118652,17.82499098777771,3.077227e-06,3643.934663295746,237.6349813100213,8.515318510195929,2.9236998558044434,203,0.29199910163879395,274.6595352698849,147.01018663071113,18.16399073600769,262.68572777635
-0.0028850373,100,2050000,14.162142276763916,0.02397608757019043,17.198018074035645,3.1394611e-06,3661.434656858444,235.46399917808642,7.8174769273478475,2.7824716567993164,204,0.26399755477905273,275.00966798580566,147.4240871580068,17.48699164390564,263.47584954157014
-0.0025897,100,2060000,14.379902839660645,0.01899862289428711,17.515994787216187,3.2254086e-06,3679.2406516075134,239.00769030977395,7.4526302874031725,2.89863920211792,205,0.25800013542175293,276.4462273698101,147.1960041760346,17.792993545532227,263.1712780529556
-0.004068747,100,2070000,14.376980066299438,0.022968292236328125,17.530025959014893,3.2609844e-06,3697.066642522812,232.8467061784985,8.666922775279067,2.903947114944458,206,0.25799989700317383,273.8832027295128,147.21626235099578,17.812991857528687,263.0013123115995
0.0006582695,100,2080000,14.388396978378296,0.026003360748291016,17.537021160125732,3.2903586e-06,3714.9076352119446,235.043844651291,6.60648230767368,2.8740293979644775,207,0.26399970054626465,275.2691116479841,148.18458309496876,17.827992916107178,265.15695592865205
-0.0035870355,100,2090000,14.235502243041992,0.02002882957458496,17.373997449874878,3.3821498e-06,3732.614629507065,232.48799451247024,7.359884282565958,2.8851394653320312,208,0.2989981174468994,275.4726024517692,148.09272574900208,17.693994998931885,264.9451693426061
-0.0003071149,100,2100000,14.626850366592407,0.02598738670349121,17.77900457382202,3.45006e-06,3750.6896216869354,238.76997367214287,7.294049861322577,2.8915457725524902,209,0.2550010681152344,274.2658394099369,147.6719508572621,18.060993194580078,263.8490439267359
0.0061960216,100,2110000,15.176161289215088,0.0270230770111084,18.53199553489685,3.5662567e-06,3769.538616657257,241.02498862581209,7.437186870962255,3.078878164291382,210,0.2769768238067627,273.9602979442535,147.64680153980703,18.83599543571472,263.86292857880767
0.0011543987,100,2120000,14.283212900161743,0.023002147674560547,17.413992166519165,3.6446868e-06,3787.2546072006226,207.36064482953446,9.365785963571309,2.871340274810791,211,0.2649977207183838,274.5386025362846,147.49838416531088,17.70199203491211,263.55916039814
-0.0034658974,100,2130000,14.840723037719727,0.023991107940673828,18.145002603530884,3.759347e-06,3805.727598667145,222.77153245440553,7.946026342415917,3.0391428470611572,212,0.28799915313720703,276.2264234839297,148.18121036081516,18.459991216659546,265.2398082207686
0.0012956023,100,2140000,15.501491785049438,0.02799677848815918,19.019996643066406,3.838401e-06,3825.1075913906097,228.40660102480376,7.8262149688564335,3.1678659915924072,213,0.3169991970062256,274.72878581264797,147.2239179114478,19.365991830825806,263.1762507662062
0.015157559,100,2150000,15.401979207992554,0.019962787628173828,18.850027799606323,3.861923e-06,3844.2895834445953,238.80126832973085,7.105032131557999,3.164898633956909,214,0.2970008850097656,274.408218077176,147.9188792817075,19.166991472244263,264.804722500785
0.0022674443,100,2160000,14.779024362564087,0.05399775505065918,18.08799386024475,3.976722e-06,3862.82457613945,237.55176769786044,7.0762432792935686,3.023653745651245,215,0.35899925231933594,274.33985295757964,148.09120776524935,18.500990867614746,265.3678554156741
-0.0033172714,100,2170000,14.241734027862549,0.02702808380126953,17.350994348526,4.047762e-06,3880.4835708141327,228.8785749030371,7.752723123343122,2.848463535308838,216,0.2650012969970703,274.82817662952834,147.90768757053337,17.64499282836914,264.7098522950203
-0.0048168846,100,2180000,14.739632844924927,0.02696847915649414,17.998023986816406,4.130648e-06,3898.81156373024,245.31469327461616,6.015955393607166,2.9780046939849854,217,0.29000115394592285,273.9456957320399,148.39837060941846,18.314993619918823,265.7380140819654
0.0043336614,100,2190000,14.813246965408325,0.04599761962890625,18.014995574951172,4.2305073e-06,3917.1825561523438,248.35186760582428,6.024577441829976,2.9509427547454834,218,0.2839980125427246,275.13567171160554,148.6951219259565,18.348989963531494,266.18041505331405
-0.002295921,100,2200000,14.793803215026855,0.01799798011779785,18.077312469482422,4.3270147e-06,3935.55583691597,194.1622418850203,14.82251633069349,3.0183181762695312,219,0.2629985809326172,276.4580339457721,146.93605529981028,18.360280513763428,262.24026434090234
-0.0032859028,100,2210000,14.652511596679688,0.022995948791503906,17.87889552116394,4.399992e-06,3953.7497265338898,190.99612366370064,11.21680988434503,2.9817750453948975,220,0.27699923515319824,274.99448918066474,147.51818937050655,18.17988896369934,263.5794317461667
-0.005476958,100,2220000,14.928781032562256,0.017968416213989258,18.111024141311646,4.4887784e-06,3972.16871881485,220.926243594118,8.993024675598365,2.902548313140869,221,0.2740004062652588,273.05565852412593,147.6642589439662,18.404991388320923,263.9882291489901
-0.0031444444,100,2230000,14.639488935470581,0.025998592376708984,17.804994106292725,4.5666193e-06,3990.284711122513,232.19899011503875,7.197310271624946,2.878194570541382,222,0.2719993591308594,273.77784204022,148.0593518655283,18.102992057800293,264.91014475867485
-0.0030878712,100,2240000,14.596931219100952,0.026000022888183594,17.747780323028564,4.66133e-06,4008.3354892730713,247.76432558579253,5.844068013591191,2.8800466060638428,223,0.2609994411468506,276.4615556654734,148.4546050502763,18.037777185440063,265.6829772928027
-0.0025287634,100,2250000,15.07598090171814,0.0260312557220459,18.48499345779419,4.711696e-06,4027.126480579376,237.17691162208172,6.481594789420053,3.040565252304077,224,0.26596665382385254,275.7986723709436,148.43188092991457,18.77799081802368,265.3462982308116
-0.0034370113,100,2260000,14.883829355239868,0.019000530242919922,18.088989734649658,4.794106e-06,4045.512474298477,244.15861752226715,5.119173388962501,2.937554359436035,225,0.2649984359741211,273.8454042886341,148.66297268615338,18.3729887008667,266.03192361893764
-0.0031975505,100,2270000,14.721869707107544,0.024997472763061523,17.86940622329712,4.9109135e-06,4063.7028470039368,202.051649619874,11.080099519702854,2.8995161056518555,226,0.28099966049194336,277.6415584565499,148.11074777006993,18.17637324333191,264.6296020691892
-0.002761749,100,2280000,14.69234848022461,0.025000810623168945,17.902993202209473,5.014776e-06,4081.9278416633606,239.38910814885733,8.169140329272349,2.944845676422119,227,0.28299951553344727,276.5429180521178,148.48988342406415,18.211993932724,265.4772445352515
0.0034738206,100,2290000,14.776516675949097,0.02797222137451172,17.994019508361816,5.0905214e-06,4100.230834245682,248.73389978390531,5.903526923934865,2.9585111141204834,228,0.26600217819213867,275.11139497313167,149.01692869640397,18.287993907928467,266.73598840708274
-0.0024084018,100,2300000,14.245211124420166,0.01995682716369629,17.380034685134888,5.176031e-06,4117.902827739716,245.13278887699605,6.01727042046902,2.8856565952301025,229,0.2590029239654541,275.7400867536559,149.0632871043521,17.658994436264038,266.7601706373012
0.0023730018,100,2310000,14.487114667892456,0.02299809455871582,17.572995901107788,5.2563496e-06,4135.807820320129,251.9103292427152,6.213630868895245,2.821352005004883,230,0.29600000381469727,276.5784502995601,149.05323828478222,17.8919939994812,266.96510807393753
0.0005299617,100,2320000,14.463336706161499,0.023001670837402344,17.525990962982178,5.356516e-06,4153.633811950684,230.33092958859814,7.592584438217306,2.806788921356201,231,0.26299619674682617,277.5206380256445,149.22010673985017,17.812990188598633,267.2430188218828
-0.004110859,100,2330000,14.570598602294922,0.02697014808654785,17.736897945404053,5.427072e-06,4171.66667842865,234.59789300260692,7.59202566061797,2.9233946800231934,232,0.25499844551086426,275.1193105297759,149.3099429530221,18.01986789703369,267.10140307117945
-0.00061632524,100,2340000,14.199066400527954,0.023001909255981445,17.26099419593811,5.462202e-06,4189.232672452927,208.74630563037283,8.517423821799017,2.8083724975585938,233,0.26799678802490234,276.24058832271345,148.9171637449881,17.551992893218994,266.317697855865
-0.0030508249,100,2350000,14.907037019729614,0.01999950408935547,18.16999316215515,5.4864513e-06,4207.693665266037,228.90642951403638,6.994005434786167,3.000298500061035,234,0.2569999694824219,277.94587143059465,149.2672154351833,18.44799280166626,267.47422415925246
-0.004745727,100,2360000,14.76940369606018,0.025002002716064453,18.029019594192505,5.534979e-06,4226.029657363892,247.71393086838052,6.346375487632026,2.9422109127044678,235,0.2649962902069092,276.5996323216245,149.1819548158709,18.321991682052612,267.1071215249846
0.0021490601,100,2370000,14.83165955543518,0.02703118324279785,18.04499363899231,5.5808982e-06,4244.38965010643,247.8383930372056,5.560837541866438,2.92258882522583,236,0.27196788787841797,275.79141036245534,149.69256348923972,18.345991611480713,268.15985211080044
0.0016538597,100,2380000,14.503094911575317,0.026000022888183594,17.656992435455322,5.622886e-06,4262.3556435108185,240.93861907773692,6.096867915796922,2.882713556289673,237,0.2690002918243408,276.89624007133307,150.00917311768268,17.952994346618652,268.92465121986953
-0.0017152858,100,2390000,14.513181686401367,0.02803349494934082,17.713992595672607,5.7015236e-06,4280.41663479805,217.4161623447185,8.239802219308071,2.9383647441864014,238,0.30396437644958496,276.0583594762003,149.9473444510653,18.04799246788025,268.6836424109141
-0.0016773731,100,2400000,14.599210500717163,0.021969079971313477,17.773406505584717,5.7834886e-06,4298.489010095596,204.94931333837377,11.46664405089198,2.9001975059509277,239,0.26399946212768555,276.3883532053418,148.0656275156227,18.059375047683716,264.71048726835534
-0.0029283392,100,2410000,14.390154123306274,0.026966571807861328,17.51102614402771,5.8850296e-06,4316.304005146027,246.93245887695352,5.617804981990125,2.8596014976501465,240,0.2630031108856201,276.1767220180821,149.71146010770903,17.801995754241943,268.38437809270533
0.0068843034,100,2420000,14.515918254852295,0.019966840744018555,17.62002444267273,5.9810554e-06,4334.221995830536,242.21504036664814,5.7013610800919245,2.8399598598480225,241,0.2650001049041748,275.6794694996438,149.7186756059651,17.904991388320923,268.26365275062307
-0.0011278928,100,2430000,14.747336864471436,0.028998613357543945,17.963943243026733,6.05945e-06,4352.54993891716,238.398547014953,5.683779522373413,2.948988676071167,242,0.32200074195861816,276.1338915906372,149.91963454552143,18.314942598342896,268.8874690492862
-0.00019038231,100,2440000,15.273896217346191,0.027003049850463867,18.82699179649353,6.1618816e-06,4371.693931102753,205.53507435161646,10.096673604267032,3.245020866394043,243,0.2759990692138672,275.7736446584639,149.2911667539731,19.130993604660034,267.1273000870495
0.0014941557,100,2450000,15.155590772628784,0.031998634338378906,18.57999348640442,6.2744866e-06,4390.6209235191345,241.4977761409188,7.91922504013101,3.1394832134246826,244,0.30100154876708984,276.86926684003595,148.79968961242255,18.913992166519165,266.15528606023025
-0.002824754,100,2460000,15.47577428817749,0.02399730682373047,19.091994524002075,6.3429557e-06,4410.030917644501,242.66581764657263,6.606788962277584,3.2912161350250244,245,0.27500319480895996,276.3516592959341,149.27789109386234,19.390995025634766,267.1712141128323
-0.0020812508,100,2470000,15.368618488311768,0.02500009536743164,18.86199140548706,6.3922485e-06,4429.200906038284,239.14190418253082,5.590754871555355,3.1304244995117188,246,0.26799941062927246,276.63399692599944,149.79940610927423,19.155991077423096,268.5087806150569
-0.00074214645,100,2480000,15.24118161201477,0.026996612548828125,18.58999490737915,6.493329e-06,4448.087900161743,243.68679383485733,5.566644455317965,3.0686941146850586,247,0.25600171089172363,276.2260995730434,149.54344891707032,18.872993230819702,267.82533324910577
-0.0017159611,100,2490000,22.0632541179657,0.02199697494506836,26.622004747390747,6.618887e-06,4475.007900476456,253.39776586985343,4.623904026450199,4.079785346984863,248,0.2570006847381592,277.3671083850053,150.24792180696286,26.901002407073975,269.45070421593283
0.014301944,100,2500000,14.871686220169067,0.0189666748046875,18.163997173309326,6.70766e-06,4493.463892221451,238.21305557377164,6.1996382747716225,3.0276737213134766,249,0.25699877738952637,277.4869029025873,149.93384758714245,18.44199228286743,268.6774000042987
0.002329781,100,2510000,14.90394139289856,0.018998146057128906,18.18899416923523,6.811057e-06,4511.941887617111,240.74867315628836,5.347419998726568,2.973984718322754,250,0.2550017833709717,276.5723373346295,150.33601399885973,18.463993787765503,269.55873553148047
0.0058293547,100,2520000,14.816880226135254,0.0260317325592041,18.06099224090576,6.893531e-06,4530.287877559662,248.29746893531535,4.943273356997974,2.975447177886963,251,0.2449665069580078,276.6923358791735,150.51009488198034,18.3329918384552,269.78880755022163
0.0039915117,100,2530000,16.69247078895569,0.04399824142456055,20.51599621772766,6.97358e-06,4551.17787694931,242.84795190331988,5.163472337339358,3.4872384071350098,252,0.31600427627563477,278.5753998105621,150.7951629667701,20.87699866294861,270.4635325512118
0.012350157,100,2540000,16.61524486541748,0.01797199249267578,20.301019430160522,7.0097267e-06,4571.767862081528,259.0158816057727,3.6904732823136217,3.357008457183838,253,0.25099706649780273,277.43630016007387,151.2773846059523,20.569988489151,271.30194446381086
0.0138747925,100,2550000,15.296663761138916,0.02402973175048828,18.655994415283203,7.057005e-06,4590.717854261398,240.99424753928335,5.370290542890414,3.060063123703003,254,0.25499916076660156,277.93025315301117,150.5633364147753,18.93599271774292,270.0775569850485
0.001635021,100,2560000,14.786266088485718,0.01999807357788086,18.07099461555481,7.0967753e-06,4609.082847118378,200.59874975512957,8.570875454054843,3.015604257583618,255,0.2610001564025879,279.17211317313007,150.0575619635075,18.35199284553528,268.8948008208246
-0.0018848868,100,2570000,15.129077196121216,0.021996736526489258,18.551994800567627,7.122582e-06,4627.9408411979675,251.6712014639771,4.959439023307954,3.1411526203155518,256,0.26899123191833496,276.87422008326376,150.9749608863045,18.843992948532104,270.8086125278696
-0.003762996,100,2580000,14.874159097671509,0.025977134704589844,18.22402548789978,7.1756326e-06,4646.476833820343,229.07265602716603,7.294709025320225,3.0148158073425293,257,0.27198338508605957,279.0470469270948,150.31125763962737,18.522994995117188,269.1311766332266
-0.0034725224,100,2590000,15.237059593200684,0.027996301651000977,18.55099582672119,7.219742e-06,4665.341824769974,254.1341595241235,4.945092751549676,3.030932664871216,258,0.2720005512237549,277.03905018289515,150.74837024804725,18.850992679595947,270.25453196007646
-0.003753167,100,2600000,15.413193702697754,0.024998188018798828,18.724990606307983,7.296425e-06,4684.3998165130615,246.55410035228897,4.652548164215463,3.0217111110687256,259,0.2929985523223877,277.59196153941565,151.3069041497867,19.043988466262817,271.26677841977124
-0.0034291865,100,2610000,15.688074350357056,0.027996301651000977,19.102997303009033,7.388893e-06,4703.829808473587,233.48863213813428,5.964889236025394,3.1108288764953613,260,0.285999059677124,277.09171400284737,150.8021406773327,19.416992664337158,269.9437128584863
0.0038450107,100,2620000,15.404383182525635,0.026997089385986328,18.805994272232056,7.4527943e-06,4722.955801486969,247.98251200542518,5.896460912801499,3.111783266067505,261,0.27899885177612305,280.1389039722087,150.9961380998335,19.112992525100708,270.4804483993263
3.7024412e-05,100,2630000,15.69082522392273,0.02299785614013672,19.236994743347168,7.5640833e-06,4742.5117955207825,250.83361042177893,6.249407576979136,3.2397706508636475,262,0.2830018997192383,277.6153872363931,150.38845154959546,19.542994499206543,269.6745173551359
-0.003128406,100,2640000,15.886869668960571,0.02500128746032715,19.32599186897278,7.656203e-06,4762.146785736084,248.859728698902,4.944962645035481,3.1345057487487793,263,0.26999878883361816,278.5822648901974,151.4619093075949,19.621991395950317,271.88190440933226
-0.0036455067,100,2650000,16.13129734992981,0.026000261306762695,19.72802448272705,7.764988e-06,4782.197777748108,256.1586264065772,4.619124211817364,3.277845621109009,264,0.2819998264312744,278.72300890590236,151.59405705934904,20.037992238998413,272.129618517489
0.0010179273,100,2660000,15.964278221130371,0.02099776268005371,19.477993488311768,7.884675e-06,4801.999771595001,251.80367980036155,5.001463784191694,3.2219085693359375,265,0.2890026569366455,278.0100438265783,150.92881909292,19.78899383544922,270.546240566567
0.0068880795,100,2670000,15.981422424316406,0.025997638702392578,19.48104500770569,7.983209e-06,4821.819762945175,250.6005819448191,5.529410547571849,3.202540397644043,266,0.2990000247955322,278.62332507281957,151.517691023291,19.80699133872986,271.71943446270944
0.00028551198,100,2680000,15.587547063827515,0.02699899673461914,18.94499182701111,8.106306e-06,4841.107754945755,254.88586356347253,4.709933642147126,3.071948528289795,267,0.2999997138977051,279.09860241303727,151.74794348895597,19.272992610931396,272.2381513560238
0.004114734,100,2690000,15.489608764648438,0.027967214584350586,18.962023973464966,8.206394e-06,4860.395746469498,256.49212672987136,4.307730563733468,3.1365487575531006,268,0.2839999198913574,279.11501618356556,151.83563617529552,19.273991107940674,272.43855144759823
-0.0012806589,100,2700000,14.933890104293823,0.02196955680847168,18.196022987365723,8.261901e-06,4878.913738250732,257.3289748767707,4.015013528068668,2.9890646934509277,269,0.28499722480773926,278.24098380501135,151.40072047019407,18.503989458084106,271.7185974971182
0.0016013486,100,2710000,15.35093903541565,0.025999069213867188,18.657994985580444,8.340841e-06,4897.8817319869995,248.46509588056398,5.508088211361446,3.0292086601257324,270,0.270998477935791,279.9194927991137,151.1544118026009,18.954992532730103,271.0757493515658
0.0037707712,100,2720000,15.333434581756592,0.024999380111694336,18.674996852874756,8.425165e-06,4916.866724252701,260.6621390903875,3.710545528922171,3.0447592735290527,271,0.27199649810791016,279.41538529611745,152.13826098003668,18.97199273109436,273.3027577398694
0.002762983,100,2730000,15.1558096408844,0.02700066566467285,18.581992149353027,8.5126985e-06,4935.782715559006,253.10055871107375,4.736606876152909,3.1512694358825684,272,0.2929983139038086,279.01012445306924,151.4500649352447,18.902991771697998,271.710381772828
0.007790784,100,2740000,16.23054528236389,0.0260009765625,19.723992824554443,8.606896e-06,4955.852710485458,261.47568093167035,3.3663967535908097,3.1793415546417236,273,0.3060009479522705,279.2726734680961,152.30504268520906,20.055994749069214,273.92754939198966
0.004458004,100,2750000,16.451746940612793,0.021969079971313477,20.156023263931274,8.708273e-06,4976.3517026901245,258.5421201210532,3.2127904203635085,3.382660150527954,274,0.27300095558166504,278.4968087589496,152.0398789311236,20.451992750167847,273.2766624949298
0.003922736,100,2760000,15.28346300125122,0.027995824813842773,18.638995885849,8.80318e-06,4995.315692424774,260.2235677784354,3.375990687875341,3.0555272102355957,275,0.28300046920776367,279.3075204535416,152.10780802874046,18.949992179870605,273.4153522415602
0.0028413385,100,2770000,14.749760866165161,0.024997949600219727,17.992995023727417,8.867434e-06,5013.635685920715,241.81170766297842,4.529662377566409,2.990875720977783,276,0.28799891471862793,278.9904757279095,152.0025950638734,18.306992769241333,272.95709566349933
0.007379546,100,2780000,14.747493982315063,0.02699565887451172,17.996994972229004,8.9686355e-06,5031.942677974701,245.4863041718113,4.724969352464009,2.9613263607025146,277,0.2670011520385742,278.72500610637763,152.1861389326774,18.293993949890137,273.26225420378796
-0.0019850745,100,2790000,14.783647060394287,0.030996084213256836,17.90699601173401,9.012252e-06,5050.159672498703,250.08001070232453,4.351285713415662,2.86318302154541,278,0.2650017738342285,280.0365031295112,152.0654115678733,18.202993869781494,272.9130806067145
0.0033825834,100,2800000,15.531707286834717,0.022971630096435547,18.95899534225464,9.067847e-06,5069.428661823273,253.83807260950692,4.243734165759648,3.0933949947357178,279,0.27299952507019043,280.9271439077648,152.46255347027991,19.255991458892822,273.66224674712095
-0.0015692747,100,2810000,15.360597372055054,0.024998903274536133,18.88099455833435,9.184073e-06,5088.625657320023,239.999406524148,4.99445030335963,3.235477924346924,280,0.2760007381439209,278.2456940523136,151.97154710219678,19.18299388885498,272.8254166310442
0.002151566,100,2820000,15.327439546585083,0.02596879005432129,18.663024425506592,9.2676e-06,5107.596649169922,258.9702096239232,3.8765445388961024,3.042562961578369,281,0.26800084114074707,280.1227484790214,152.494901660383,18.95699405670166,273.725086402577
-0.0021037864,100,2830000,15.188670635223389,0.019969463348388672,18.44602394104004,9.389184e-06,5126.353640317917,234.6904985404061,5.600088607761429,3.0102107524871826,282,0.27699804306030273,279.44268296052087,152.17046425467254,18.74399161338806,272.9960601831529
-0.0038753892,100,2840000,15.211914777755737,0.027997493743896484,18.478992700576782,9.509919e-06,5145.1516325473785,255.28348211091892,4.405711214683135,2.9771878719329834,283,0.27700066566467285,279.5903614195017,152.13893910762158,18.784992456436157,272.90750565878216
-0.0012712559,100,2850000,15.406554698944092,0.019000530242919922,18.828022241592407,9.6015865e-06,5164.368625164032,242.75315434456166,4.59835180542083,3.111936092376709,284,0.2859981060028076,280.22988162043816,152.50814351951266,19.17899250984192,273.721537742838
-0.0039348975,100,2860000,14.519745349884033,0.023998022079467773,17.81199550628662,9.717112e-06,5182.490619659424,247.94790178193944,5.9842153119526635,3.031162977218628,285,0.27300167083740234,279.4551708988492,151.8112027768769,18.109995126724243,272.31059631694563
-0.00060373417,100,2870000,14.419932126998901,0.026996850967407227,17.592995643615723,9.825951e-06,5200.389610290527,252.82119352367732,5.1448392151749625,2.920133352279663,286,0.2650001049041748,280.6381572246832,152.2528567343718,17.8859920501709,273.2554429686221
0.0015581526,100,2880000,14.753991603851318,0.020968198776245117,17.98602318763733,9.939233e-06,5218.682602405548,249.44311395332912,5.038177436416183,2.942770481109619,287,0.2719998359680176,279.7359353965533,151.73092525087404,18.278991222381592,272.34239662766186
0.014178738,100,2890000,14.382221221923828,0.02699875831604004,17.509992837905884,1.0035626e-05,5236.4955978393555,255.4168370865258,4.713607146285287,2.8706467151641846,288,0.26200103759765625,280.6852969636788,151.67799907843516,17.79999566078186,272.4748077915343
-0.0021307531,100,2900000,14.35094404220581,0.019999265670776367,17.494075059890747,1.01609485e-05,5254.301670074463,240.83671718601136,6.667722254579807,2.868880271911621,289,0.27899980545043945,279.6111939563812,151.3911070260629,17.793074131011963,271.36923343032345
-0.004044825,100,2910000,14.763314485549927,0.024974584579467773,18.012017965316772,1.0227438e-05,5272.621663570404,250.79039554419117,5.385951757158205,2.922656297683716,290,0.2689986228942871,281.26707820891613,151.84179663564774,18.306992769241333,272.56632117042636
-0.0009514098,100,2920000,14.673903703689575,0.019972562789916992,17.984020709991455,1.0329517e-05,5290.92565870285,240.18648784068054,4.956331607805584,3.0228822231292725,291,0.2850003242492676,279.9743951957496,152.02997101308839,18.290995597839355,273.37299093042895
0.00045790654,100,2930000,16.081024646759033,0.020996570587158203,19.61799192428589,1.0385238e-05,5310.86864900589,263.27429568012053,2.937320544655105,3.2341725826263428,292,0.28800129890441895,281.20127295007285,152.9344218895366,19.926989793777466,275.1748260363661
-0.00028739637,100,2940000,14.686928987503052,0.019962310791015625,17.909029483795166,1.05097115e-05,5329.076643228531,264.3925911299422,3.329805942974454,2.9521803855895996,293,0.2650012969970703,281.57817321271057,152.59869141294786,18.194994688034058,274.42138928322623
-0.0005750539,100,2950000,14.58903169631958,0.023960590362548828,17.741032123565674,1.0656604e-05,5347.121634960175,260.50863800229297,4.12240469695468,2.8758840560913086,294,0.2670011520385742,281.2515874827989,152.73886942394935,18.031993865966797,274.76318784247565
-0.0034830184,100,2960000,14.456329584121704,0.02596426010131836,17.594027042388916,1.0759974e-05,5365.025626182556,256.1283664083233,4.273681729080291,2.87947154045105,295,0.27100062370300293,283.00222924706503,152.99928830107442,17.890991926193237,275.3269512215865
0.006657156,100,2970000,14.459235191345215,0.023974895477294922,17.60167670249939,1.0896402e-05,5382.938277244568,269.03097906612675,2.9098991126897165,2.875147581100464,296,0.27399778366088867,281.13002152330114,153.35128631556313,17.899649381637573,276.14206716053474
0.0059405225,100,2980000,13.649024724960327,0.024029970169067383,16.71299457550049,1.1016465e-05,5399.960270881653,229.54989706024853,5.671424208592884,2.8064985275268555,297,0.27196836471557617,281.58282655239543,153.14887456347773,17.008992910385132,275.6323770931403
0.005385064,100,2990000,13.794498205184937,0.02198338508605957,16.848559617996216,1.1180068e-05,5417.107810974121,264.93775894133137,3.685488172078558,2.7782347202301025,298,0.26399683952331543,282.47615746607977,153.28294251682766,17.13453984260559,275.9529615993572
0.006202761,100,3000000,14.041020631790161,0.023000001907348633,17.19261646270752,1.1293405e-05,5434.60342669487,259.63577648057674,4.5005059731363835,2.900599956512451,299,0.2630002498626709,281.8704546753547,153.39359695414956,17.48161554336548,276.2371261124659
