Time-Optimization,train-AverageReturn,train-StdReturn,Itr,train-NumTrajs,train-AverageDiscountedReturn,Time-Sampling,Time-SampleProc,n_timesteps,LossBefore,LossAfter,train-MaxReturn,train-EnvExecTime,Time,train-MinReturn,train-PolicyExecTime,ItrTime
0.2649996280670166,1.519631906572211,4.390707336883469,0,100,1.3310309020489361,16.573121786117554,0.020998239517211914,10000,-2.670288e-09,-0.09949387,13.6992102931534,2.4326400756835938,16.86012101173401,-8.15248369792167,13.885196447372437,16.86012101173401
0.24699950218200684,26.752106963687456,3.91827947751291,1,100,20.16719389879984,16.6852548122406,0.01896810531616211,20000,-7.6293943e-10,-0.15211564,35.075238526939565,2.580545663833618,33.827343463897705,11.708352294463118,13.855109214782715,16.95322322845459
0.2799968719482422,27.142911236940016,1.5829687887819848,2,100,21.8589132445823,16.409979581832886,0.030999183654785156,30000,1.2207031e-08,-0.01666095,31.327292393864223,2.5557923316955566,50.58631992340088,22.305909608595176,13.608741044998169,16.72597622871399
0.24700140953063965,24.411450270994855,3.713114450698928,3,100,19.430948974038028,16.172977685928345,0.025996685028076172,40000,0.002481463,-0.0018962923,30.43404809749512,2.426368236541748,67.04629731178284,14.096283952841336,13.487627744674683,16.446975708007812
0.2330005168914795,24.82701093563991,3.960988691714964,4,100,19.845290641917746,16.056000471115112,0.022997617721557617,50000,-2.670288e-09,-0.1156271,30.56517336101564,2.4545023441314697,83.37227082252502,13.811782486456742,13.34560227394104,16.312974214553833
0.2390003204345703,27.01072532939782,2.645096189429074,5,100,21.204196096357904,16.706786155700684,0.01599907875061035,60000,4.577637e-09,-0.072707884,32.14181798414018,2.5680477619171143,100.34805727005005,17.67525461855029,13.850419044494629,16.96278667449951
0.23499631881713867,16.02887118386363,2.75089832837239,6,100,12.666340503050007,16.173976182937622,0.01900005340576172,70000,1.2207031e-08,-0.19346792,21.68825152009684,2.432239532470703,116.7890293598175,8.942582966842519,13.484087228775024,16.427972555160522
0.23299717903137207,25.866991477619422,1.959396066356074,7,100,19.01344212745443,16.24445366859436,0.01999807357788086,80000,-6.1035155e-09,-0.17447418,30.160372589299886,2.5273373126983643,133.30047917366028,20.369459368238328,13.463465452194214,16.497448921203613
0.23299956321716309,22.781611229917974,9.106000152929152,8,100,16.09743155482075,16.414802074432373,0.017000198364257812,90000,1.5258789e-09,-0.026449032,34.50271030380309,2.539825201034546,149.97828197479248,0.5021691268955286,13.639736652374268,16.664801836013794
0.23999691009521484,17.6071148603369,8.753227378526562,9,100,14.461861893176172,16.78937077522278,0.024002552032470703,100000,-6.1035155e-09,-0.07172008,32.659951549687,2.546867609024048,167.04465126991272,4.159426742555169,13.988390922546387,17.053370237350464
0.23399782180786133,27.42871725395061,1.3057075357044057,10,100,21.819213170396996,16.449548959732056,0.017963171005249023,110000,-4.577637e-09,-0.19410774,31.15114546374049,2.60274600982666,183.75916123390198,23.527501412483133,13.591686964035034,16.701509952545166
0.22600197792053223,26.378044157061968,2.576771647091932,11,100,20.804782578113503,16.40400743484497,0.0169675350189209,120000,0.0036142578,0.031743158,31.055780304521935,2.459787607192993,200.4191381931305,17.95563617771502,13.68981146812439,16.646976947784424
0.23600006103515625,26.06963622574559,2.7475183118556368,12,100,20.55357504575664,16.53002429008484,0.020958423614501953,130000,9.155274e-09,-0.15466975,31.668276244674182,2.485924243927002,217.2191185951233,14.062023349681784,13.784788846969604,16.786982774734497
0.23800015449523926,27.40496368799716,1.128685824292256,13,100,22.300212177768067,16.280006885528564,0.02496814727783203,140000,-8.392334e-09,-0.03509905,29.939973122073074,2.531381130218506,233.77509474754333,24.51777848494453,13.479697704315186,16.542975187301636
0.23200082778930664,27.108708429130466,1.0051295694399094,14,100,22.020392755093923,16.20694327354431,0.01799774169921875,150000,-9.918213e-09,-0.026551507,29.080287215866417,2.4089629650115967,250.24503660202026,24.793331093884103,13.540636777877808,16.456941843032837
0.23396778106689453,27.06904910252554,1.0448763576598126,15,100,21.386360188078132,16.338011026382446,0.024996280670166016,160000,1.449585e-08,-0.0037474197,29.75784607686411,2.6034154891967773,266.8550112247467,24.939615696551144,13.510498762130737,16.596975088119507
0.2350015640258789,27.004091494089216,1.065905215471446,16,100,20.842415397627306,16.3840115070343,0.01996326446533203,170000,-0.0017916504,-0.0134814195,29.251623075290688,2.498305082321167,283.50698685646057,24.13817642021676,13.589322566986084,16.638976335525513
0.23600220680236816,27.0216547895571,1.14544504016837,17,100,20.767222309061207,16.239968299865723,0.01899886131286621,180000,-2.5367736e-08,-0.034608085,29.669121172386056,2.4510998725891113,300.01495599746704,24.35385108182267,13.542987823486328,16.49596929550171
0.23799967765808105,27.10280172756469,1.0256570480141016,18,100,21.25697679404398,16.73956060409546,0.0189974308013916,190000,-4.9591065e-09,-0.08266936,29.725548340267185,2.6612699031829834,317.02451252937317,25.33755698373463,13.841458082199097,16.997557640075684
0.2369997501373291,27.233988985159648,0.865953931035443,19,100,22.088026042471387,16.377687692642212,0.018996000289916992,200000,2.4604798e-08,-0.088784754,29.26125886105366,2.5122671127319336,333.671195268631,25.19949984649564,13.646292209625244,16.633683443069458
0.24399685859680176,20.842712311191896,11.16900009749672,20,100,17.85821249111326,16.267979621887207,0.01799798011779785,210000,-6.1035155e-09,-0.0735247,30.00735200318577,2.5056235790252686,350.2141697406769,-14.581868927185825,13.521724462509155,16.529974460601807
0.23400115966796875,28.01336892742261,0.9812547651880287,21,100,23.087860072582792,16.528186082839966,0.01795649528503418,220000,-1.6784668e-08,0.014413414,30.164347449253487,2.581106185913086,367.0073137283325,25.90882497830798,13.694790840148926,16.78014373779297
0.24900007247924805,28.177193964158786,1.1553384371556856,22,100,23.019852214435208,16.47197699546814,0.02499842643737793,230000,-2.1266937e-08,0.0030855474,31.936554614638165,2.569169521331787,383.76628708839417,25.843904854623467,13.62633991241455,16.745975494384766
0.23599791526794434,28.09803159128181,1.3605887268683305,23,100,22.84209568375396,16.39801049232483,0.023965835571289062,240000,1.6784668e-08,-0.017285774,31.32011416903161,2.564438581466675,400.43726205825806,25.40253289997848,13.563419580459595,16.657974243164062
0.23496437072753906,27.698681155346083,1.0080464572925334,24,100,22.655196012574315,16.470796585083008,0.024012088775634766,250000,4.5776368e-08,-0.010426861,30.175515610834644,2.5740654468536377,417.18003511428833,25.628160266132873,13.643476247787476,16.73077416419983
0.23400092124938965,27.569248043385432,0.9663335765146287,25,100,22.541461667671104,16.423670530319214,0.021965503692626953,260000,-2.2888185e-09,-0.0285744,30.048166092270456,2.5333268642425537,433.87267303466797,25.992496511576608,13.624054908752441,16.680636882781982
0.23199701309204102,27.758074868942153,0.9626098513379735,26,100,22.842211370233308,16.234009504318237,0.015969276428222656,270000,-1.449585e-08,-0.02917045,29.409263959892805,2.608527660369873,450.3696472644806,25.62536723051896,13.412506818771362,16.484975576400757
0.24400019645690918,28.07801846038435,1.2623048983363672,27,100,22.899522555535363,16.6266028881073,0.020997047424316406,280000,-1.6021728e-08,-0.029723814,31.384234069835244,2.6531827449798584,467.27424812316895,25.181400040383117,13.676698207855225,16.891600131988525
0.23399901390075684,28.078666163823126,1.8600846137363034,28,100,22.50280192543653,16.328028678894043,0.01694655418395996,290000,3.0517577e-09,-0.010959429,32.42776022546738,2.5179948806762695,483.86722326278687,18.50619016174243,13.552583932876587,16.579975128173828
0.22900104522705078,27.9132299606283,1.5970595575667772,29,100,22.524151402247423,16.125976085662842,0.016999244689941406,300000,-0.009466393,-0.17203836,32.778034941707816,2.4702939987182617,500.2522003650665,20.301768032736586,13.40782904624939,16.371976375579834
0.2299957275390625,27.471678166312532,0.8869866932025806,30,100,22.78964590742524,16.751651763916016,0.01700115203857422,310000,-1.5258789e-09,0.021713503,29.519273724781872,2.5790908336639404,517.2638466358185,25.971234790847465,13.915462493896484,16.999648094177246
0.2349991798400879,27.38900421528547,0.7017659476347576,31,100,22.655906801936798,16.534276723861694,0.020979642868041992,320000,-1.5258789e-09,-0.013633286,28.942514873867392,2.58123517036438,534.067102432251,25.637189819144087,13.700597763061523,16.790255546569824
0.23599791526794434,28.08342293186166,1.0533750705765252,32,100,23.19552852492916,16.722495079040527,0.01699995994567871,330000,-1.2969971e-08,0.0024456328,31.741675065827007,2.5931589603424072,551.0555953979492,25.629211926278156,13.887394189834595,16.976492881774902
0.23600029945373535,27.98861280281334,1.420652081376312,33,100,22.735277806028556,16.58007788658142,0.017998933792114258,340000,7.6293943e-10,-0.036806952,32.82377842344011,2.5537495613098145,567.9036438465118,25.00577569275334,13.77671194076538,16.835047960281372
0.23296880722045898,27.88895464258512,1.0611330279098228,34,100,22.977866721291765,16.31058144569397,0.02399754524230957,350000,9.536743e-09,-0.4494205,31.700113506371796,2.53654408454895,584.484189748764,25.77847737335192,13.536646842956543,16.56754779815674
0.23599934577941895,27.740964619918838,1.2424871399349917,35,100,22.287496615901865,16.439207792282104,0.01799941062927246,360000,7.6293943e-10,-0.0052552614,31.53062302367381,2.6137936115264893,601.1903963088989,21.30009200825865,13.589371919631958,16.694206953048706
0.25699925422668457,26.902935432976193,2.5881459912766234,36,100,20.340103697038412,16.32054901123047,0.02399921417236328,370000,0.015284761,0.043266002,33.119253173176176,2.5312864780426025,617.8049445152283,18.843444544955943,13.5286705493927,16.601547479629517
0.23399806022644043,22.76260761164448,8.184520852299665,37,100,16.12661574111311,16.104979515075684,0.018999814987182617,380000,-9.155274e-09,-0.0007422657,30.30967770719173,2.528773307800293,634.1779220104218,-6.142250225586232,13.324239492416382,16.359975337982178
0.23799943923950195,22.021340288254166,10.113059581863013,38,100,15.740720387023835,16.306978225708008,0.020999431610107422,390000,-1.2969971e-08,0.0006687706,32.24708380041929,2.5080130100250244,650.7558987140656,-7.511545490241535,13.512181282043457,16.565977096557617
0.24300003051757812,19.95067485879162,10.818465710794776,39,100,13.807312036146095,16.053981065750122,0.023996591567993164,400000,-0.00041887665,-0.008763512,30.976581338102903,2.508165121078491,667.0898761749268,-6.436276191260983,13.301495790481567,16.320977687835693
0.23600268363952637,19.780794090119606,10.929835289838081,40,100,13.54611408415094,16.259041786193848,0.02196478843688965,410000,9.155274e-09,-0.008001535,29.93440194365663,2.437201976776123,683.6268849372864,-6.307290164684148,13.56784987449646,16.517009258270264
0.22999835014343262,24.399738841959646,7.082986286007089,41,100,17.725342408674333,16.55698275566101,0.02296733856201172,420000,-9.441376e-09,-0.02589146,32.17289695206107,2.522083282470703,700.4498317241669,-7.697172532829039,13.785436153411865,16.809948444366455
0.2350001335144043,26.154889271365526,2.850657620944604,42,100,19.61578943014973,16.39098596572876,0.01699972152709961,430000,7.629395e-09,-0.021058517,31.923478684844078,2.5400443077087402,717.1058168411255,16.55026021744017,13.595932483673096,16.6439847946167
0.23799681663513184,26.508074500738893,2.2092547971695486,43,100,20.63461137889244,16.165019989013672,0.01896190643310547,440000,9.155274e-09,-0.029210174,30.74536460219656,2.4587557315826416,733.5407946109772,21.309706444010526,13.448459386825562,16.42197871208191
0.23200249671936035,26.741497808962666,1.706744825805166,44,100,20.951268137489702,16.52948832511902,0.024967193603515625,450000,2.2888184e-08,-0.018325513,32.02072872861001,2.426734209060669,750.3402528762817,22.449367000662978,13.835847616195679,16.786458015441895
0.2369997501373291,27.817267091563345,1.4414567594326186,45,100,22.143788249324665,16.073978900909424,0.01699995994567871,460000,-1.9836426e-08,-0.02807058,31.049573421112925,2.552422523498535,766.6822283267975,24.145247386779744,13.28738284111023,16.32897710800171
0.24096989631652832,27.448867446994928,1.2335257643501125,46,100,22.097990722116847,16.732252836227417,0.022008657455444336,470000,2.0217895e-08,-0.004484956,30.099385357072105,2.523843765258789,783.690459728241,23.84370698138393,13.953212261199951,16.99523138999939
0.22699785232543945,27.368000000097013,0.9980454900106016,47,100,22.169828522887933,16.508978843688965,0.022999286651611328,480000,7.629395e-09,-0.015642721,29.502224990526358,2.587472677230835,800.4624345302582,24.77417968753584,13.649906635284424,16.758975982666016
0.2349998950958252,27.409751628349067,0.9036759952956102,48,100,22.42721255847697,16.359063625335693,0.0169675350189209,490000,-1.1062622e-08,-0.00057119597,29.237129282402954,2.5355966091156006,817.0864667892456,25.413877025000225,13.579159259796143,16.61103105545044
0.23299622535705566,27.525283394744726,0.842140040393974,49,100,22.61124894060013,16.790382862091064,0.023001432418823242,500000,1.2207031e-08,-0.011509625,29.48967042637618,2.6144707202911377,834.1478486061096,25.820869833865636,13.897420883178711,17.048381567001343
0.23400044441223145,27.422789788823806,0.9711475391131046,50,100,22.535465820916734,16.14602518081665,0.02096724510192871,510000,-1.525879e-08,-0.1232282,29.690564393080237,2.3616230487823486,850.5628266334534,24.91140271069692,13.535140752792358,16.401978015899658
0.23399949073791504,27.796839693168632,1.1297701628666528,51,100,22.85883022352292,16.396373987197876,0.017000198364257812,520000,6.4849854e-09,-0.010466109,29.9603139650459,2.5567848682403564,867.2232005596161,24.67912361840886,13.589441299438477,16.64737367630005
0.23199820518493652,27.803144522177874,1.2627371431499053,52,100,22.65173849716913,16.678558349609375,0.02397012710571289,530000,2.4414062e-08,-0.0037555145,31.03608386647144,2.582446575164795,884.1707279682159,24.86854537650995,13.819935321807861,16.935527801513672
0.24699640274047852,27.612120886509402,0.975783559034998,53,100,22.6195773905945,16.46426510810852,0.02399921417236328,540000,-6.1035155e-09,-0.029038062,30.238998143912067,2.530062437057495,900.9189889431,25.16580691328595,13.693957090377808,16.735260725021362
0.23299908638000488,27.70200653155783,0.8459648945199064,54,100,22.913580983333173,16.29711627960205,0.018001556396484375,550000,-3.3187867e-08,0.005657611,29.709804233672394,2.577932119369507,917.4821057319641,25.559476407194857,13.48181939125061,16.550116300582886
0.23200011253356934,27.641548145914093,0.7329858289466744,55,100,22.952299058323693,16.727575540542603,0.01800060272216797,560000,-1.8310548e-08,-0.0015550201,29.425151883156474,2.6266727447509766,934.4736797809601,26.217068366438653,13.87756896018982,16.978575706481934
0.23399639129638672,27.792048161293852,0.8454332814226224,56,100,23.13503661050986,16.461450576782227,0.023969173431396484,570000,2.5939942e-08,-0.0054154433,29.572761354182404,2.6074767112731934,951.2060945034027,25.7916181678293,13.609819889068604,16.71941614151001
0.23199796676635742,27.618026881939798,0.8370931981763072,57,100,22.90749188921262,16.492010831832886,0.02396845817565918,580000,1.1062622e-08,-0.0064913407,29.53314306674548,2.582636833190918,967.9670708179474,25.639946790216513,13.666820764541626,16.747977256774902
0.23399901390075684,27.60864205457446,0.8604770806197826,58,100,22.881423860474044,16.673995971679688,0.017968177795410156,590000,-1.5640259e-08,-0.027830841,29.5444262727439,2.5875091552734375,984.9060335159302,25.671999002320327,13.830187320709229,16.925963163375854
0.23999929428100586,28.07193975835029,1.0025170630390314,59,100,23.28567310999118,16.388773441314697,0.019000530242919922,600000,-2.5939942e-08,-0.0047481535,30.730925608680213,2.588557004928589,1001.5668075084686,26.0182750901564,13.55925440788269,16.648773908615112
0.2349998950958252,27.965209106046697,1.024285538461269,60,100,23.099969464292926,16.300010442733765,0.015966176986694336,610000,-1.525879e-08,-0.02423134,31.666826557286424,2.587552547454834,1018.1317839622498,26.01282959163678,13.403314590454102,16.551976919174194
0.2330000400543213,28.096713118141462,1.1093814132550275,61,100,23.233742881367622,16.3412766456604,0.024968862533569336,620000,9.155274e-09,-0.021815142,32.1643259740085,2.4811363220214844,1034.7440598011017,25.961976853211187,13.626846551895142,16.600275993347168
0.23399853706359863,28.051813096744727,1.1063605414503508,62,100,23.160661427716004,16.14997887611389,0.021000385284423828,630000,1.373291e-08,-0.4051498,31.545217474683678,2.4169301986694336,1051.1620366573334,26.07826481765281,13.494845628738403,16.404977798461914
0.23599791526794434,28.382859426910876,1.162404117930208,63,100,23.08079906428585,16.152976989746094,0.021001338958740234,640000,-3.4809112e-08,-0.03693212,31.039114405587515,2.6278367042541504,1067.5840129852295,26.039974222140426,13.29509949684143,16.40997624397278
0.23499751091003418,27.705504800337998,1.9012238066218003,64,100,22.099326540483734,16.767598390579224,0.0169980525970459,650000,2.4414062e-08,-0.011822034,32.50276543166416,2.5421085357666016,1084.6166071891785,21.77294057142957,13.952682256698608,17.019593954086304
0.22699904441833496,27.88001308100336,1.7027548745330705,65,100,22.310822975148763,16.727062225341797,0.019001245498657227,660000,-3.051758e-08,-0.05059115,31.524156933445756,2.6174674034118652,1101.6036701202393,23.390250044321114,13.868932247161865,16.97506332397461
0.22700023651123047,27.858320121579844,1.1561800065483343,66,100,22.811344965683602,16.636319637298584,0.01699972152709961,670000,3.8146974e-09,-0.06387076,31.722451257620385,2.5824997425079346,1118.4969911575317,25.60616926496012,13.8035147190094,16.880319595336914
0.23400020599365234,27.713260834271594,1.251979397840916,67,100,22.17051183578716,16.25597906112671,0.018999099731445312,680000,3.6621095e-08,-0.0045439787,30.934359006527117,2.653792142868042,1135.018969297409,24.662441480154047,13.35120964050293,16.508978366851807
0.23100018501281738,27.561748662366366,1.3535466159472826,68,100,21.117960920419968,16.434460639953613,0.016997098922729492,690000,4.9972535e-08,-0.008045333,30.498451071066814,2.521573066711426,1151.7134273052216,24.20604871884804,13.642756700515747,16.68245792388916
0.2349989414215088,27.66116414636255,1.4341844453808639,69,100,21.271639821082793,16.178011417388916,0.02296757698059082,700000,-2.0599366e-08,-0.012593587,30.89837511570636,2.459357738494873,1168.1624057292938,23.97349241619243,13.457608461380005,16.43697953224182
0.24100065231323242,28.211922203244253,1.1650799143857467,70,100,22.43542767622489,16.73992681503296,0.01999807357788086,710000,3.6621095e-08,-0.018387588,30.908178512569798,2.5598373413085938,1185.1763310432434,25.73656324785948,13.92270803451538,17.001925468444824
0.23196816444396973,28.430509639167326,1.227928587637054,71,100,22.873941070105555,16.54990267753601,0.01799917221069336,720000,4.005432e-08,-0.010964113,31.65341869551549,2.57856822013855,1201.9892008304596,25.853339170019687,13.672483682632446,16.799870014190674
0.2279672622680664,28.603559053045828,1.1382160781058863,72,100,23.196373050395508,16.22301197052002,0.02300095558166504,730000,3.2806398e-08,-0.0033160152,31.153213990715226,2.606170892715454,1218.4771790504456,26.39284246153976,13.376885175704956,16.47497868537903
0.23299813270568848,28.585379949046228,1.0157063863013427,73,100,23.164413128033804,16.416748046875,0.01595926284790039,740000,-1.8310548e-08,-0.043066736,31.11608936758393,2.5943944454193115,1235.1559252738953,26.365549125156804,13.580904006958008,16.666746139526367
0.23499846458435059,29.587467806372857,1.3671648218580719,74,100,23.834291325297343,16.7034330368042,0.02197122573852539,750000,4.2724608e-08,-0.080807716,32.85420730841205,2.6034624576568604,1252.1293284893036,26.167841768250387,13.854649305343628,16.960402727127075
0.23399853706359863,29.73882071114601,2.150745124680755,75,100,23.364595067761798,16.294982194900513,0.016998291015625,760000,2.1362304e-08,-0.05206828,35.727762608282205,2.5837879180908203,1268.6883070468903,24.730458058411273,13.448975086212158,16.545979022979736
0.23100018501281738,31.364593289339787,1.46910169428732,76,100,24.79216669389509,16.54090666770935,0.01596665382385254,770000,-9.155274e-09,-0.006436098,34.55448733241222,2.628200054168701,1285.4901802539825,26.878245968878243,13.638994693756104,16.78787350654602
0.23199987411499023,31.06052461795006,1.3207270535973616,77,100,24.691274735960278,16.4548602104187,0.016999006271362305,780000,9.155274e-09,-0.042753503,34.501333004113455,2.636688709259033,1302.207039117813,27.85634729819247,13.571537256240845,16.703859090805054
0.2330014705657959,31.204266830541197,2.195022035765282,78,100,24.753838755727557,16.800272941589355,0.01599740982055664,790000,1.0299683e-08,-0.011164517,36.10530666093761,2.612285614013672,1319.2693107128143,23.72990584855471,13.909723281860352,17.05027174949646
0.23199963569641113,32.10694990506601,2.0315041109707184,79,100,25.318497570769768,16.14701247215271,0.015967369079589844,800000,2.5749207e-08,-0.27687094,36.84938623479466,2.5051417350769043,1335.6782891750336,26.520459372256077,13.381261110305786,16.395979642868042
0.22800016403198242,29.772402083742108,1.0934124022350176,80,100,23.882512826296676,16.37499976158142,0.01599860191345215,810000,2.7751923e-08,-0.014974577,32.05721881153478,2.53713059425354,1352.3112859725952,26.39089084485786,13.582894086837769,16.62099862098694
0.23000049591064453,28.820386234824262,1.1697904865769377,81,100,23.040012572206525,16.341139316558838,0.01999950408935547,820000,-4.2724608e-08,-0.20160632,31.522339217073046,2.5075278282165527,1368.9154253005981,25.83731993608938,13.588584899902344,16.591139316558838
0.23200011253356934,32.0040885355231,1.9721348889158736,82,100,24.988051013826183,16.26097846031189,0.01599884033203125,830000,-2.1362304e-08,-0.008802362,36.18201144952751,2.5321314334869385,1385.437403678894,26.12563264684933,13.445877075195312,16.50897741317749
0.24200034141540527,32.528589832052035,1.623669817720336,83,100,25.47440295124253,16.30093550682068,0.01599860191345215,840000,-4.577637e-09,0.013849184,35.59846997280406,2.490173101425171,1402.0103387832642,27.571171992431438,13.559383869171143,16.560933828353882
0.2299668788909912,30.66556908348345,1.1553096021363518,84,100,24.27414275808551,16.295979738235474,0.025031089782714844,850000,-0.0010954285,-0.07933479,33.39116935517626,2.592761278152466,1418.5743153095245,26.561205665393434,13.431575059890747,16.55097770690918
0.23799991607666016,32.81670328272435,1.3307399399241666,85,100,25.799315321790218,16.251557111740112,0.024999380111694336,860000,-5.1879884e-08,-0.038559,35.95294754602864,2.5360758304595947,1435.1028728485107,29.251179175056667,13.450100660324097,16.51655673980713
0.23799800872802734,32.83971314432343,1.877249585143015,86,100,25.632223958252826,16.31300973892212,0.01596856117248535,870000,-1.5258789e-09,0.0013261219,36.7830693142557,2.551286220550537,1451.6828491687775,26.794285699703973,13.505906581878662,16.566976308822632
0.24299931526184082,31.90400461205088,1.2449023420714143,87,100,25.2241838512461,16.566333055496216,0.021000385284423828,880000,6.1035155e-09,-0.037576836,35.78999415116201,2.5614476203918457,1468.5261843204498,29.10978099494928,13.766838073730469,16.83033275604248
0.23600149154663086,32.500120101861455,1.4394622965988653,88,100,25.496801412051237,16.33626699447632,0.021999359130859375,890000,6.6757204e-09,-0.021612417,35.65468947734732,2.601125717163086,1485.1334524154663,29.140089845796805,13.470591068267822,16.59426784515381
0.23599886894226074,33.222328999323565,1.7510317236204935,89,100,26.005450493823954,16.250980615615845,0.017000675201416016,900000,-2.1362304e-08,-0.032439336,36.79027802220823,2.635181188583374,1501.6504306793213,29.024925714605416,13.35586929321289,16.50398015975952
0.23399853706359863,33.22412455994838,1.5793133508362858,90,100,26.124708940764208,16.271023750305176,0.023955821990966797,910000,-3.8146972e-08,-0.020093802,36.89891637758974,2.5323519706726074,1518.192408323288,29.38804374886786,13.490264177322388,16.52897810935974
0.22999787330627441,31.06179450029757,1.463150427665017,91,100,24.556627060576943,16.163869857788086,0.01896810531616211,920000,2.1362304e-08,-0.069612324,34.21568302407048,2.486956834793091,1534.6192455291748,28.12795249318287,13.43335771560669,16.413836002349854
0.23999810218811035,32.957171442018605,1.4384923580837574,92,100,26.01052114737263,16.341365814208984,0.023997783660888672,930000,-2.89917e-08,-0.057062563,36.03122396664895,2.480574131011963,1551.2366065979004,29.224467485834683,13.614341974258423,16.605361700057983
0.23299741744995117,32.873014626230265,1.3984603281380534,93,100,25.61510449740194,16.201009511947632,0.02297043800354004,940000,4.8828124e-08,-0.46109697,36.70509552003343,2.395174026489258,1567.707584142685,30.01363658603153,13.508073329925537,16.458977460861206
0.24496841430664062,33.20255903547677,1.4015361202812653,94,100,25.78518925037211,16.116981029510498,0.019999265670776367,950000,0.008337841,-0.050157554,37.266838451632495,2.540025472640991,1584.1025652885437,29.74987650765171,13.341846227645874,16.38298010826111
0.23099684715270996,33.495385469998034,1.6881730431008026,95,100,26.17541932369995,16.234252452850342,0.018999814987182617,960000,4.577637e-09,0.006232827,37.1895425952668,2.4194445610046387,1600.5998132228851,29.662783264672125,13.55693507194519,16.48525047302246
0.23999929428100586,33.19124229792878,1.482706194507803,96,100,25.9021875949499,16.594327449798584,0.024976253509521484,970000,-1.525879e-08,-0.033926237,37.13196404406403,2.5400757789611816,1617.4721179008484,29.8656386428867,13.812863826751709,16.85930299758911
0.23200058937072754,33.57274639346698,1.869831750905204,97,100,26.1525719869678,16.01998257637024,0.019997358322143555,980000,-1.5258789e-09,-0.07521332,37.458595686809836,2.523005723953247,1633.7570972442627,29.071186540016146,13.261007070541382,16.272979021072388
0.23399662971496582,34.02268367039706,1.6801215048696854,98,100,26.557322585039483,16.46597909927368,0.018002986907958984,990000,6.1035155e-09,0.0010013366,37.15585526579455,2.611067533493042,1650.488074541092,27.303943861697704,13.61784839630127,16.717978715896606
0.22899913787841797,33.367186220996366,1.2710549474811577,99,100,26.09091231832506,16.76651930809021,0.017997026443481445,1000000,-1.0681152e-08,-0.001743129,37.3475674272696,2.514478921890259,1667.513588666916,30.736507488213178,13.986570596694946,17.01351547241211
0.23199677467346191,33.19447976405462,1.457299252481575,100,100,25.924696737746753,16.635251998901367,0.020998001098632812,1010000,4.386902e-09,-0.017583977,36.3955649224549,2.581911563873291,1684.4148361682892,27.1056298185522,13.80161714553833,16.888246774673462
0.2389998435974121,33.73901792366872,1.4174938628144582,101,100,26.27325619404213,16.37003469467163,0.015998125076293945,1020000,1.8310548e-08,-0.0039884797,37.109783716478034,2.6625916957855225,1701.0528690814972,30.712245617789197,13.455116987228394,16.62603235244751
0.22899961471557617,33.736551041290994,1.58407163101733,102,100,26.217683952429716,16.198511362075806,0.018000125885009766,1030000,-1.0490417e-09,-0.0011262916,36.91290086594173,2.5530495643615723,1717.5113809108734,29.186212260232228,13.396527528762817,16.44551110267639
0.23396825790405273,33.91893144135435,1.517988005509431,103,100,26.43652640818982,16.21098017692566,0.020029783248901367,1040000,-3.8146972e-10,-0.015244866,37.75277692940706,2.483189821243286,1733.9893591403961,29.875142555428887,13.429999351501465,16.464978218078613
0.23100066184997559,33.89978372135753,1.3269816916519053,104,100,26.41438861626862,16.61068296432495,0.01599717140197754,1050000,1.6784668e-08,-0.005623877,36.93092549068668,2.546477794647217,1750.8610401153564,30.423137611415907,13.8081533908844,16.858680725097656
0.23096632957458496,33.95523032982272,1.4666763988248137,105,100,26.466307793695382,16.651296615600586,0.015999794006347656,1060000,9.918213e-09,-0.007070964,36.88053537632966,2.5412557125091553,1767.772302389145,26.625904536448417,13.855360984802246,16.899262189865112
0.24199962615966797,33.8528122891992,1.4595561583133163,106,100,26.38564577433488,16.019980907440186,0.022998809814453125,1070000,1.5258789e-09,-0.008369857,37.246192205187214,2.5709221363067627,1784.0712807178497,29.14092066972821,13.229074716567993,16.2859787940979
0.2279980182647705,34.06796073921697,1.5032416090786145,107,100,26.5833690089699,15.921980381011963,0.021997451782226562,1080000,6.1035155e-09,-0.0031343156,37.246542424853445,2.4589266777038574,1800.2572586536407,30.355540154208914,13.250080108642578,16.17397713661194
0.23997020721435547,34.074055561092294,1.4595835078227948,108,100,26.576946251685047,16.528690338134766,0.018030166625976562,1090000,2.89917e-08,-0.009214825,37.52293214753661,2.568096399307251,1817.0579209327698,29.516415918442824,13.721040964126587,16.788662433624268
0.23099970817565918,34.01002736554693,1.1972450094756844,109,100,26.5632720931019,16.40899348258972,0.016966819763183594,1100000,2.89917e-08,-0.01625032,37.00537338273974,2.488271474838257,1833.7278804779053,30.625633790447758,13.661395788192749,16.656960010528564
0.22999858856201172,33.98161011991851,1.419947081465396,110,100,26.433672032852158,16.426011323928833,0.02199864387512207,1110000,6.1035155e-09,-0.2434521,36.95407600241513,2.64011287689209,1850.4198577404022,30.757533955876724,13.563602447509766,16.679977416992188
0.23099803924560547,33.111104229532714,1.4189879834508174,111,100,25.4597195886588,16.679096460342407,0.015999317169189453,1120000,-1.9836426e-08,0.005985144,37.40323233688665,2.574756145477295,1867.35995388031,29.956777144376147,13.87171483039856,16.92709517478943
0.2259960174560547,33.24509884716842,1.3347711874440353,112,100,24.376537985910428,16.74379873275757,0.02196788787841797,1130000,4.5776368e-08,0.045353223,35.333918619214835,2.618131160736084,1884.3667204380035,26.937161996930218,13.865332841873169,16.99476671218872
0.23200058937072754,33.02432717180498,1.0906895324100268,113,100,23.89295177145726,16.50101065635681,0.019966602325439453,1140000,-3.3569336e-08,-0.115257055,35.027172411373684,2.668501138687134,1901.1326985359192,30.117935827047358,13.570717573165894,16.75397777557373
0.23499703407287598,32.416757896795346,0.8718930543806483,114,100,24.090638453499782,16.31301188468933,0.019970178604125977,1150000,-5.340576e-09,-0.5669006,33.99419878319403,2.6151785850524902,1917.7136778831482,27.842212009842164,13.408591985702515,16.5689799785614
0.22999882698059082,30.457642585107838,0.7880178042300394,115,100,23.450707250807778,16.57647132873535,0.018967628479003906,1160000,-2.8610229e-08,0.011672085,31.730977580684826,2.5097556114196777,1934.5531151294708,28.370321944528406,13.78332781791687,16.82743763923645
0.22900056838989258,30.078105762588237,0.6872459875255822,116,100,23.352329709564565,16.367199659347534,0.019963979721069336,1170000,7.629395e-09,-0.038808875,31.47078630170422,2.5116968154907227,1951.1832790374756,28.408294723616397,13.594913244247437,16.61716389656067
0.23099708557128906,29.311036699032012,6.387434399707564,117,100,23.014204500367153,16.368252515792847,0.017968416213989258,1180000,-0.00063809816,-0.0064878236,32.39916177154338,2.5446996688842773,1967.8134961128235,-5.36513195173006,13.586768388748169,16.617218017578125
0.22899794578552246,30.80759905055063,4.497582238328979,118,100,23.995297083527827,16.29298162460327,0.016998291015625,1190000,0.0006601013,-0.00925758,33.56272461382448,2.6188786029815674,1984.3654747009277,-5.643308576665429,13.419159412384033,16.53897786140442
0.2369997501373291,31.07081445682165,3.371604132152973,119,100,24.176849214597205,16.67475175857544,0.02296733856201172,1200000,1.8310548e-08,-0.083810166,33.163228560458734,2.6639602184295654,2001.3131935596466,-0.1524184385754198,13.776054620742798,16.93471884727478
0.2279980182647705,32.7068238812194,0.9175083887884389,120,100,25.2581319533703,16.263005018234253,0.018975496292114258,1210000,1.373291e-08,-0.009268148,34.936732701088225,2.4319753646850586,2017.8371708393097,30.5408222086945,13.568281173706055,16.510977506637573
0.22999787330627441,32.934723556027116,1.1004983939425128,121,100,25.58388383794137,16.062018156051636,0.022964000701904297,1220000,-2.822876e-08,-0.01361911,35.50617289947805,2.5054335594177246,2034.1651511192322,30.242507436603198,13.319151163101196,16.314980030059814
0.23099994659423828,33.178256887034415,1.0412886235063634,122,100,25.712615036080507,16.471982955932617,0.01699686050415039,1230000,3.1280518e-08,-0.01329967,36.32080682547048,2.553720712661743,2050.8981308937073,30.94774261433416,13.676534652709961,16.719979763031006
0.23200082778930664,33.750524432221226,1.2190780758833708,123,100,26.043565521895356,16.73932123184204,0.015968799591064453,1240000,4.577637e-09,-0.012171335,37.46803758161047,2.5221662521362305,2067.8984220027924,30.730097160303092,13.951148986816406,16.987290859222412
0.22900009155273438,33.6571557314323,1.377508829197591,124,100,25.95208590914087,16.28685474395752,0.022966861724853516,1250000,1.8310548e-08,-0.0280364,37.39762285984985,2.4385688304901123,2084.4532554149628,31.04049394624673,13.572652816772461,16.541832208633423
0.247999906539917,33.9380115517559,1.6187128200314107,125,100,26.359715776030683,16.190715551376343,0.015964746475219727,1260000,-3.0517577e-09,-0.025839498,37.96006288987024,2.5110538005828857,2100.9209353923798,30.932318229194518,13.378506898880005,16.45468020439148
0.22496819496154785,34.27665754588825,1.3592115240731841,126,100,26.677350767398497,16.64565873146057,0.023028135299682617,1270000,2.3269653e-08,0.0009812093,37.24233830484029,2.5625364780426025,2117.82759141922,30.362317270102935,13.830554962158203,16.8936550617218
0.23099899291992188,34.47238782620327,1.3400201692945444,127,100,26.894474082669674,16.246983289718628,0.016999244689941406,1280000,1.525879e-08,-0.01083399,37.15000158884096,2.511963367462158,2134.3365733623505,31.652221294011877,13.474132299423218,16.495981693267822
0.22896671295166016,34.29485076898064,1.5741043473670229,128,100,26.6862602192439,16.257983922958374,0.024029254913330078,1290000,-1.2207031e-08,-0.0045237276,37.84248222162167,2.4138336181640625,2150.8605518341064,30.101506267285544,13.576902627944946,16.510979890823364
0.2299656867980957,33.77803963893137,2.2326717440500077,129,100,26.148292935701015,16.50101327896118,0.01700115203857422,1300000,-6.1035155e-09,-0.022672376,36.901960233056066,2.490438222885132,2167.6215319633484,17.943286323541795,13.750327587127686,16.74798011779785
0.25499725341796875,34.08725897211365,1.4320451800638798,130,100,26.343267124199254,16.231980323791504,0.01800060272216797,1310000,-9.155274e-09,-0.0021682282,38.07854288723467,2.4378061294555664,2184.1405124664307,31.561495823579417,13.549753665924072,16.50698184967041
0.24599838256835938,34.620747445309206,1.4250514705785586,131,100,26.865736488638255,16.820416688919067,0.02499985694885254,1320000,3.2043456e-08,-0.004108398,37.42439688225042,2.6122260093688965,2201.244927406311,30.42517700154691,13.944753170013428,17.09141492843628
0.25499939918518066,34.460243541325994,1.7069073630971212,132,100,26.697175679640267,16.664748907089233,0.01799798011779785,1330000,8.773804e-09,-0.019717136,38.210449626265124,2.630506753921509,2218.1956737041473,28.92464724412871,13.769760608673096,16.937746286392212
0.24900007247924805,34.1462001080703,1.4877574008002683,133,100,26.33223881727677,16.058027029037476,0.018953800201416016,1340000,3.0517577e-09,-0.064690806,37.62434837809576,2.406285285949707,2234.5336549282074,29.37328415975605,13.391093969345093,16.32598090171814
0.24699950218200684,33.9281704181519,1.4261343251227487,134,100,26.05752119103804,16.72563099861145,0.02599811553955078,1350000,-4.577637e-09,-0.047317132,38.2718182955627,2.562058210372925,2251.5462827682495,30.435966879406063,13.914156198501587,16.99962854385376
0.24900007247924805,33.64688670402248,1.541646302617931,135,100,25.768008732245608,16.45098090171814,0.01799941062927246,1360000,-6.1035155e-09,-0.02425267,38.246070229087465,2.5659701824188232,2268.2772631645203,29.87883092047134,13.65904450416565,16.71798038482666
0.2479994297027588,33.36643718837303,1.4664705064106194,136,100,25.36312441114972,16.028982639312744,0.016999006271362305,1370000,3.0517577e-09,-0.20499463,36.55726766177201,2.4719135761260986,2284.5862431526184,29.490135138952567,13.290189027786255,16.29598093032837
0.24899721145629883,33.73197193001829,1.3832731926723956,137,100,25.918205233754616,16.21798348426819,0.023998022079467773,1380000,-1.9073486e-08,-0.009149906,36.47018714221613,2.5997636318206787,2301.0902206897736,30.397495649464236,13.384186029434204,16.491979122161865
0.25099992752075195,33.070605309804066,1.30550500173178,138,100,25.734045471726755,16.79585075378418,0.015999555587768555,1390000,2.1362304e-08,-0.046285626,37.141859731935085,2.6061885356903076,2318.1730716228485,30.671263835724446,13.940789937973022,17.063850164413452
0.25699710845947266,33.43950171763095,1.2439987909213939,139,100,26.169130142697966,16.703081130981445,0.022003889083862305,1400000,-6.4849854e-09,-0.019571573,37.05770996224302,2.580077648162842,2335.167154312134,30.922374208177974,13.888253688812256,16.98208212852478
0.2460002899169922,33.34562932077804,1.0362918689517906,140,100,26.074752421379593,16.555945873260498,0.015966415405273438,1410000,-6.1035155e-09,-0.01136688,35.347985385559866,2.6125471591949463,2351.9980669021606,30.32806702326371,13.700521469116211,16.817912578582764
0.24700117111206055,33.13171329494819,1.1418571928930181,141,100,25.918480866682238,16.565391540527344,0.019956350326538086,1420000,-3.0136107e-08,-0.013763298,35.66084051837979,2.5835275650024414,2368.843415737152,29.99945173120646,13.720437288284302,16.832349061965942
0.24999761581420898,33.56646320046089,1.0500594789136974,142,100,26.16861134058927,16.139012098312378,0.021970272064208984,1430000,-2.746582e-08,-0.05362096,36.51139996480097,2.607670545578003,2385.267395734787,31.03645292588265,13.278081893920898,16.411980390548706
0.2449970245361328,34.51240452011705,1.2236038577274335,143,100,26.90523282660833,16.303333044052124,0.015967607498168945,1440000,-1.2207031e-08,-0.03420113,38.28896355501271,2.4734833240509033,2401.845693588257,31.50609936448179,13.583072900772095,16.56629776954651
0.25099682807922363,34.42273634454628,1.5425101055508672,144,100,26.739304101143933,16.42127752304077,0.015970468521118164,1450000,1.3923645e-08,-0.011123191,37.96431487060003,2.46929931640625,2418.54593873024,31.382030863207603,13.69598650932312,16.688244819641113
0.24899625778198242,34.152513923526946,1.3553038555821102,145,100,26.523311187589826,16.44520378112793,0.01698160171508789,1460000,-5.722046e-09,-0.014325085,37.76440869940477,2.49053955078125,2435.2701206207275,31.037149802725317,13.700695037841797,16.711181640625
0.24399924278259277,34.21239177444678,1.4161600205849714,146,100,26.550371329694503,16.34101152420044,0.021969079971313477,1470000,-4.348755e-08,-0.0019911453,36.801521321134594,2.620990753173828,2451.892100572586,31.253753863274543,13.449679136276245,16.60897970199585
0.2500016689300537,34.326272053113776,1.5535206732267532,147,100,26.587325453169814,16.681843519210815,0.019995927810668945,1480000,1.4877319e-08,-0.034564998,37.62743893957113,2.624729633331299,2468.855942249298,30.542398731243104,13.772202968597412,16.951841115951538
0.24499964714050293,34.15698858968764,1.4275725682784175,148,100,26.56220300066455,16.759140968322754,0.021998167037963867,1490000,3.0517577e-09,0.000100613404,37.038875997039696,2.5581679344177246,2485.896047115326,30.308744455911214,13.956694602966309,17.027107000350952
0.24699831008911133,33.71955948755095,1.2885438612946198,149,100,26.174304116973662,16.251591682434082,0.016966581344604492,1500000,-1.1634826e-08,-0.0026522998,36.93177089919178,2.53279709815979,2502.424605369568,30.925539167809355,13.50478458404541,16.515556573867798
0.24999690055847168,33.707997448194284,1.348700778598623,150,100,26.189024663118843,16.724389791488647,0.02400064468383789,1510000,-3.0517577e-09,-0.028637663,36.555148098694836,2.540696144104004,2519.4359922409058,30.56727397186578,13.91944932937622,16.998387336730957
0.2480003833770752,34.29022775402116,1.4421991225132522,151,100,26.593479578063754,16.090006589889526,0.022972583770751953,1520000,9.155274e-09,-0.019776061,37.18349309793587,2.432239294052124,2535.8099727630615,30.33159811940621,13.427691459655762,16.361979961395264
0.2570009231567383,34.11894261415876,1.5324920367175967,152,100,26.4228462158077,16.126984119415283,0.016996145248413086,1530000,1.5068053e-08,-0.02880334,37.84516379763926,2.39811110496521,2552.2229533195496,30.702484542047642,13.463231563568115,16.400981187820435
0.25,33.947747588237114,1.8615017729181276,153,100,26.262101461736226,16.266005754470825,0.02197408676147461,1540000,2.1362304e-08,-0.039756868,37.64964805804342,2.6359241008758545,2568.7739329338074,30.251679234426334,13.38712739944458,16.5379798412323
0.24999666213989258,32.50041443984014,1.9212902068077218,154,100,25.01319288713691,16.34511923789978,0.01896953582763672,1550000,9.155274e-09,-0.019782107,37.45701354499234,2.5701205730438232,2585.4010181427,27.98998222879155,13.529824256896973,16.61408543586731
0.2500004768371582,32.95907887409457,1.4456355635603817,155,100,25.378395894760356,16.772282600402832,0.02099752426147461,1560000,1.5258789e-09,-0.010790206,36.39461153667058,2.5857372283935547,2602.4583003520966,29.606108883221843,13.939764738082886,17.04428195953369
0.2480003833770752,33.75070782877678,1.634878650428253,156,100,26.078200382719892,16.219014167785645,0.01599740982055664,1570000,1.4877319e-08,-0.12424798,38.06618990761912,2.582170009613037,2618.955279111862,30.808350117682103,13.3963623046875,16.483981370925903
0.26399922370910645,34.55882015250863,1.4334851593015465,157,100,26.911297502229395,16.314026355743408,0.01695728302001953,1580000,3.0517577e-09,-0.026988085,38.23409214659517,2.569122314453125,2635.5632627010345,30.805889902124402,13.480896472930908,16.594982862472534
0.26399731636047363,34.20432305578785,1.2182184447293858,158,100,26.56842418041024,16.28101372718811,0.01596999168395996,1590000,7.820129e-09,-0.011659526,37.166223009454754,2.5951147079467773,2652.1372423171997,31.533212439357733,13.399463653564453,16.560981035232544
0.9089677333831787,33.9659379948122,1.2450943958186294,159,100,26.391467090947994,16.389620780944824,0.02402949333190918,1600000,-9.155274e-09,-0.014414621,36.51082355589246,2.541243314743042,2669.471861600876,31.109065690286407,13.601311922073364,17.322618007659912
1.0069994926452637,34.1659855661905,1.3611233779109442,160,100,26.645798309897906,16.937276601791382,0.04999995231628418,1610000,-2.1362304e-08,-0.0049697864,37.169078275684456,2.639373302459717,2687.482136487961,30.670482155125157,14.05478549003601,17.99427604675293
0.9729657173156738,33.8306777203741,1.5607434463743644,161,100,26.29718989450371,17.135982036590576,0.04803156852722168,1620000,1.2207031e-08,-0.012339308,36.877215293342786,2.675442934036255,2705.655116081238,30.66339388830121,14.217478513717651,18.15798044204712
0.5339970588684082,34.17554275720558,1.6361839867773011,162,100,26.566234584477762,17.129982233047485,0.04699969291687012,1630000,-2.4414062e-08,-0.006513874,38.3304053781354,2.6297929286956787,2723.3810954093933,30.852162473602554,14.253919124603271,17.71198034286499
0.24496889114379883,34.19324460501312,1.4527957067408692,163,100,26.5497806829666,16.825984239578247,0.019996166229248047,1640000,-1.525879e-08,-0.005745517,37.170600540368135,2.6450068950653076,2740.4860775470734,30.58147066075288,13.940158605575562,17.091980934143066
0.253997802734375,34.3972196301625,1.4499602631773123,164,100,26.73090282981934,17.1419837474823,0.021999120712280273,1650000,2.1362304e-08,-0.04744523,37.36456560158983,2.689617156982422,2757.917057991028,30.873657121446154,14.199075698852539,17.418981552124023
0.26099658012390137,34.34925773792948,1.6578372954716531,165,100,26.567952693065255,16.829981803894043,0.0240023136138916,1660000,-9.155274e-09,0.004600833,38.90164832243669,2.558683395385742,2775.045039653778,30.708449196502894,14.001824140548706,17.114980697631836
0.25299882888793945,34.10419733410588,1.4527091404638817,166,100,26.345255963065608,16.923982620239258,0.024002790451049805,1670000,-6.1035155e-09,-0.016970178,38.80417803810323,2.539104461669922,2792.260020494461,31.05689225227621,14.128243446350098,17.202982187271118
0.2739980220794678,34.53736983533461,1.4246543450775502,167,100,26.76413717003103,16.80100989341736,0.018971681594848633,1680000,-1.525879e-08,-0.0074974396,37.54132929875659,2.5894720554351807,2809.367001771927,31.397368084089635,13.94290566444397,17.0949809551239
0.26599860191345215,34.4151244942228,1.5088971136759315,168,100,26.7293967745477,17.167620420455933,0.018000125885009766,1690000,-7.6293943e-10,-0.0071127983,38.55312284476246,2.5792791843414307,2826.831619977951,30.364579809894593,14.338145017623901,17.452619075775146
0.2630021572113037,34.457863117486056,1.2531645172711234,169,100,26.869812082963367,16.991934299468994,0.016966819763183594,1700000,-1.8310548e-08,-0.015664514,37.41960960357275,2.5964908599853516,2844.1165239810944,31.170778139100978,14.083616733551025,17.27190327644348
0.2500009536743164,34.33126654037834,1.520180137893459,170,100,26.680588064398506,16.385982751846313,0.02599787712097168,1710000,-1.8310548e-08,-0.009761639,37.52985244382658,2.400714874267578,2860.792503595352,30.84080403046593,13.739086627960205,16.662981510162354
0.2539982795715332,34.410439079932196,1.5808006854187424,171,100,26.741758553074146,16.381983995437622,0.023000478744506836,1720000,2.6702882e-08,-0.010679171,38.21750989960764,2.5139474868774414,2877.463485479355,30.591312134451943,13.630236148834229,16.658982753753662
0.24899578094482422,34.53049144531478,1.4936536551918826,172,100,26.902924297318737,16.69388508796692,0.015967130661010742,1730000,3.1661987e-08,-0.0102786105,38.20078012428975,2.578030586242676,2894.436338663101,31.231061875111696,13.866962194442749,16.959852695465088
0.251967191696167,34.25345831428138,1.4943384786021798,173,100,26.609088222375213,16.36498212814331,0.022003173828125,1740000,3.0517577e-09,-0.01970853,37.41886027027248,2.493530035018921,2911.0893201828003,30.463082388591754,13.618064641952515,16.639981746673584
0.24899959564208984,34.53635208831301,1.5414165025519648,174,100,26.803644629381864,16.20498299598694,0.0189971923828125,1750000,-1.373291e-08,-0.010318906,37.76526605798186,2.592864751815796,2927.5763013362885,31.473537283273007,13.36404824256897,16.473981618881226
0.2540016174316406,34.663827665462094,1.572534356474792,175,100,26.878599157737945,16.654985189437866,0.01899552345275879,1760000,3.5858154e-08,-0.003877491,37.917820978073834,2.5710887908935547,2944.517284631729,30.727152990760125,13.858994007110596,16.927982330322266
0.2519989013671875,34.746119438772524,1.4312991230192758,176,100,26.98542380127446,16.26598358154297,0.016999244689941406,1770000,-2.4414062e-08,-0.009066269,38.09927371003925,2.557698965072632,2961.067265510559,31.012869838661103,13.450823068618774,16.53698205947876
0.24400043487548828,34.44165703943941,1.5297036387023957,177,100,26.60985732336676,16.586982250213623,0.02099895477294922,1780000,4.577637e-09,-0.018862618,37.472184991104086,2.613481044769287,2977.9322464466095,30.718607696523353,13.734713315963745,16.852981328964233
0.2529640197753906,34.61718838135512,1.253350595651831,178,100,26.831160042471605,16.38998508453369,0.022001981735229492,1790000,1.5258789e-09,-0.008291865,37.343146931960256,2.5113654136657715,2994.612227201462,31.65162459235252,13.613147020339966,16.66697907447815
0.25099968910217285,34.57687628138672,1.2832574588426098,179,100,26.84000157249504,16.59430956840515,0.016962766647338867,1800000,3.051758e-08,-0.0110355485,37.240478670596424,2.579296350479126,3011.4874999523163,31.259458628695388,13.760490417480469,16.862272024154663
0.25099849700927734,34.89664293854686,1.5195496316097856,180,100,27.18259658450141,16.479982137680054,0.023999452590942383,1810000,1.8310548e-08,-0.014347803,38.10459712893775,2.6344943046569824,3028.2554812431335,31.149837007347298,13.509597778320312,16.755980491638184
0.2610001564025879,34.459807159846115,1.3500913348046482,181,100,26.88018151432602,16.72836422920227,0.02299666404724121,1820000,-1.525879e-08,-0.0014718658,37.333128255923775,2.6146750450134277,3045.280843257904,31.105577312540696,13.872722387313843,17.0123610496521
0.24799776077270508,34.36418532468761,1.3820791256640197,182,100,26.84713655921027,16.37400984764099,0.02297520637512207,1830000,-0.0028693068,-0.020620825,37.63523430502422,2.4908292293548584,3061.939826488495,31.638469590950965,13.629355669021606,16.645984172821045
0.24500155448913574,34.58127812776477,1.3237781643354805,183,100,26.96327885752636,16.78667163848877,0.022997617721557617,1840000,-6.1035155e-09,-0.0060776444,37.368406628460605,2.5777475833892822,3079.0084660053253,31.142500507692134,13.957459688186646,17.05664086341858
0.24400067329406738,34.66063485361843,1.2584137029304452,184,100,27.037578980840312,16.541135549545288,0.021967649459838867,1850000,2.4414062e-08,-0.01219394,37.458573972880096,2.547454595565796,3095.8295691013336,31.049905221571024,13.752939939498901,16.808103561401367
0.24599885940551758,34.36138784160785,1.4363503682791807,185,100,26.784261418105615,16.521984100341797,0.020000219345092773,1860000,-1.525879e-08,-0.016189426,37.24240223484587,2.588923931121826,3112.630551099777,30.875442294865458,13.67898178100586,16.788983583450317
0.2540004253387451,33.959017105582824,1.2881989019111113,186,100,26.42657393823617,16.732213973999023,0.02496623992919922,1870000,1.8310548e-08,-0.03150777,37.460192062974926,2.5622894763946533,3129.653730392456,31.336687553564065,13.910525560379028,17.011180639266968
0.2499997615814209,33.40157275394465,1.2607316994348714,187,100,25.821974653413996,16.489981651306152,0.021996498107910156,1880000,-2.0217895e-08,-0.038770277,36.79746991245357,2.546804189682007,3146.428710460663,30.487101560327474,13.68131399154663,16.7629816532135
0.24100017547607422,33.490086442248895,1.1912163742786992,188,100,25.73265118040851,16.557164907455444,0.018965959548950195,1890000,-1.5258789e-09,-0.003777208,36.07318045119763,2.621302843093872,3163.2578415870667,30.565626860311006,13.678245782852173,16.81713104248047
0.2519991397857666,33.68406832997336,1.180446259624453,189,100,25.942501410339087,16.53712558746338,0.017967939376831055,1900000,7.629395e-09,-0.022379199,36.104061322685155,2.5773022174835205,3180.077934026718,30.56007100497482,13.716466903686523,16.80809259414673
0.24899935722351074,34.11550432387504,1.3337812934153508,190,100,26.377184810828194,16.563096284866333,0.02396368980407715,1910000,-1.2207031e-08,-0.017347988,38.19410064473356,2.6255414485931396,3196.926993370056,31.741397545467468,13.705068349838257,16.83605933189392
0.2499997615814209,34.17842727095056,1.428689542694391,191,100,26.35209488486505,16.779109001159668,0.023966073989868164,1920000,-9.155274e-09,-0.026425324,38.36075126108031,2.550687551498413,3213.993067741394,31.303435022539468,13.932779550552368,17.053074836730957
0.2479994297027588,34.39374119738224,1.7129231730145906,192,100,26.663947854597733,16.455982208251953,0.02200007438659668,1930000,-1.525879e-08,-0.008893168,38.177512836600854,2.5705416202545166,3230.7330503463745,30.80988342560176,13.645257472991943,16.72698140144348
0.2579984664916992,34.43270719685933,1.397556375158731,193,100,26.6421552140779,16.463928699493408,0.01600027084350586,1940000,-3.4332275e-09,-0.007874448,37.19899570407611,2.562251329421997,3247.485975265503,30.755401585604485,13.647732973098755,16.7399263381958
0.24899983406066895,34.8712159270117,1.7412581839706645,194,100,27.077567470876197,16.327008962631226,0.015974044799804688,1950000,-6.1035155e-09,-0.033311475,37.98249622880133,2.5164711475372314,3264.0909588336945,30.334026381880705,13.555389404296875,16.5919828414917
0.25099825859069824,34.49040878338595,1.1818056268795827,195,100,26.851779294525677,16.727015018463135,0.02496647834777832,1960000,-2.2888184e-08,-0.0052470956,37.54581176531994,2.5160374641418457,3281.106938123703,31.95477786940255,13.946224689483643,17.00297975540161
0.2719995975494385,34.37043962257368,1.1052012647656524,196,100,26.84315060409779,16.388984203338623,0.023996829986572266,1970000,1.7547608e-08,-0.0049556703,36.77317594675502,2.586672306060791,3297.8049199581146,31.838615397998364,13.548116445541382,16.684980630874634
0.2499997615814209,34.447702860052125,1.5260652463047681,197,100,26.879885077640587,16.677984952926636,0.023996591567993164,1980000,-6.1035155e-09,-0.0179121,37.45791668971742,2.5047338008880615,3314.7699012756348,31.370892020033253,13.900472640991211,16.952982187271118
0.2499997615814209,34.20073922360947,1.2303729002278023,198,100,26.82260536710294,16.513981342315674,0.015998125076293945,1990000,-3.2043456e-08,-0.009170276,37.318208738241154,2.542921781539917,3331.5648844242096,31.532843631082066,13.709903717041016,16.781981468200684
0.30899977684020996,34.16208395547065,1.219639768782615,199,100,26.719868220897425,16.591012716293335,0.015999794006347656,2000000,2.746582e-08,-0.060197864,37.06315111942382,2.5045673847198486,3348.4948658943176,31.44565857454152,13.853774309158325,16.917983055114746
0.24999690055847168,33.83801482806852,1.0672885840214843,200,100,26.358660893225377,16.298006296157837,0.020976543426513672,2010000,-1.1444092e-08,-0.011467223,37.27382615930274,2.5089111328125,3365.078845977783,31.645461623031718,13.54565715789795,16.57098150253296
0.24699735641479492,33.22279074418027,1.3081066139952244,201,100,25.8227314102802,16.573299646377563,0.01999974250793457,2020000,-3.0517577e-09,-0.0975342,36.05510402106116,2.611851215362549,3381.932144641876,30.308926809486923,13.683987855911255,16.841295957565308
0.24199914932250977,34.31337232770827,1.715533185427971,202,100,26.50338417328593,16.644895315170288,0.01699662208557129,2030000,-2.2888185e-09,0.020736855,37.537530739653114,2.6426239013671875,3398.848036289215,29.94611992292031,13.751115560531616,16.90389108657837
0.2539987564086914,32.94056223278196,1.607923715792683,203,100,25.300430455202896,16.71920347213745,0.024969816207885742,2040000,-2.4414062e-08,-0.09481983,36.80670763684761,2.612623691558838,3415.860209465027,29.870118565404304,13.846710920333862,16.999171257019043
0.25299525260925293,32.87741714144777,1.2031548873253433,204,100,25.094829529366166,16.419021606445312,0.01696467399597168,2050000,-3.2615663e-08,0.013223892,36.07091360259636,2.594399929046631,3432.5611906051636,29.798023878737837,13.567543029785156,16.688981533050537
0.25699925422668457,33.47160549831653,1.0750005910923903,205,100,25.458769501341646,16.560025215148926,0.023967742919921875,2060000,-3.7384034e-08,-0.111455075,35.733254814239615,2.541092872619629,3449.415183544159,30.91350558621397,13.783550500869751,16.840992212295532
0.3100013732910156,33.083153819449755,0.9159713784821599,206,100,25.145562570523506,16.457012176513672,0.02396845817565918,2070000,-2.1362304e-08,0.03646209,35.48296384941522,2.5297436714172363,3466.219165086746,31.39663805666589,13.679718971252441,16.791982412338257
0.24600005149841309,31.865354203178455,0.7568297187425255,207,100,24.852014206954212,16.804470539093018,0.02099776268005371,2080000,-1.2207031e-08,-0.011598694,33.38774700464599,2.630772352218628,3483.304634332657,30.00368590441593,13.922831296920776,17.072468042373657
0.24700093269348145,32.086120031183825,1.036429642397557,208,100,24.51673501893172,16.518015384674072,0.015965700149536133,2090000,8.392334e-09,-0.027229624,34.43030327916559,2.5872631072998047,3500.098616838455,29.57620272045035,13.690184354782104,16.781981945037842
0.24899959564208984,32.89329243094809,1.0783344802531545,209,100,25.11915836203254,16.793020725250244,0.01696038246154785,2100000,3.2043456e-08,-0.004059977,35.85730003075145,2.5777106285095215,3517.1705980300903,30.31954431228792,13.972332000732422,17.059980630874634
0.24399995803833008,32.59601925376026,1.4090986154215341,210,100,24.939089358565173,16.389105558395386,0.015997886657714844,2110000,2.2888184e-08,-0.018840706,35.897259826321964,2.5488736629486084,3533.833702802658,29.372137370626632,13.589290857315063,16.650104999542236
0.24499964714050293,33.11491148255612,1.3415476291577348,211,100,25.44559205308977,16.627075910568237,0.020969867706298828,2120000,-6.4849854e-09,-0.041907404,35.9875208295157,2.577775716781616,3550.7387483119965,30.495129674312174,13.804048299789429,16.89304542541504
0.24899983406066895,33.295897724510084,1.1336290529914774,212,100,25.673739507258357,16.63944387435913,0.018999576568603516,2130000,1.2207031e-08,-0.07711376,36.86485983471752,2.6192779541015625,3567.660190343857,30.90336501170691,13.72611403465271,16.908442735671997
0.25999903678894043,33.2085430453015,1.315743457220785,213,100,26.130712212197658,16.322983026504517,0.020001888275146484,2140000,1.1444092e-08,-0.009542725,35.94948107630087,2.5547311305999756,3584.276172876358,30.37213767600684,13.521903991699219,16.602983951568604
0.24500060081481934,33.96095529884637,1.3207469191688495,214,100,26.639157888450317,16.48602294921875,0.02395772933959961,2150000,-3.051758e-08,-0.11978115,37.12756729131141,2.619779109954834,3601.0441524982452,30.692903038679976,13.630568742752075,16.7559814453125
0.2449653148651123,34.388366334851156,1.511343931286466,215,100,26.561420295656102,16.67277765274048,0.022008180618286133,2160000,-2.4414062e-08,-0.0471525,37.55759571757036,2.534395933151245,3617.9969041347504,30.475740238626127,13.902345895767212,16.939751148223877
0.247999906539917,34.44546091781685,1.5077225364186213,216,100,26.60691407159923,16.656079292297363,0.01899886131286621,2170000,-1.3923645e-08,0.020027021,37.67221208894886,2.5494139194488525,3634.9329841136932,30.543001279293353,13.874845743179321,16.923078060150146
0.24499964714050293,34.16580908676541,1.4488414639987042,217,100,26.336593120259696,16.721452713012695,0.016000032424926758,2180000,1.2207031e-08,-0.028328318,36.876729137789816,2.5801172256469727,3651.9324362277985,30.499912859084784,13.89718246459961,16.982452392578125
0.2579987049102783,34.364579391688906,1.6536572281473336,218,100,26.54128827149183,16.23998188972473,0.02300119400024414,2190000,2.1362304e-08,-0.013933445,38.57702989132898,2.6215341091156006,3668.4654183387756,30.92188089579934,13.359462261199951,16.520981788635254
0.2500007152557373,34.63950935405242,1.3858248136680307,219,100,26.84188146563443,16.680983066558838,0.02099895477294922,2200000,9.155274e-09,-0.014293247,37.920956743454965,2.6306564807891846,3685.4314002990723,31.63610625448767,13.800334215164185,16.952982902526855
0.2539999485015869,34.52549299720538,1.3855558276391013,220,100,26.751054180550685,16.329983234405518,0.016998767852783203,2210000,2.2888185e-09,-0.009651655,37.27871234338856,2.683635950088501,3702.044380903244,31.129378976995067,13.412358522415161,16.600981950759888
0.24699783325195312,34.44327260223131,1.2663472584893631,221,100,26.75592563520455,16.73056173324585,0.023000478744506836,2220000,1.8310548e-08,-0.012956043,37.499320713352375,2.5726544857025146,3719.057941675186,31.53583296023093,13.89004373550415,17.00056004524231
0.24799871444702148,34.38486592998445,1.315294959082652,222,100,26.684110979704688,16.3020441532135,0.015998125076293945,2230000,-1.2207031e-08,-2.6748528,37.14029226408368,2.507207155227661,3735.637950658798,31.554670244113648,13.539126873016357,16.56800937652588
0.2480020523071289,33.92517655755753,1.4046850801763928,223,100,26.14453502865911,16.8344988822937,0.016965389251708984,2240000,-3.0517577e-09,-0.9010631,38.47469383104608,2.55397891998291,3752.750420331955,30.909244724728513,13.981689453125,17.10046911239624
0.24899625778198242,33.1981552608776,1.1652140451386208,224,100,24.397172174354345,16.67701292037964,0.017967700958251953,2250000,2.4414062e-08,0.03993923,35.4992950465089,2.571263074874878,3769.710399389267,30.18349737591719,13.863089799880981,16.946980237960815
0.25,29.78832043903752,1.178128209669074,225,100,21.404511629404272,16.42753839492798,0.02399754524230957,2260000,1.9836426e-08,0.039121322,32.529865022568345,2.5623278617858887,3786.424934864044,26.344321843073516,13.62000322341919,16.701535940170288
0.2460005283355713,28.157244218412185,1.3673267371420812,226,100,20.290190529964367,16.120983839035034,0.020998239517211914,2270000,2.4414062e-08,-0.016967285,31.329738767318382,2.549586534500122,3802.825917482376,23.679476328485414,13.318572044372559,16.387982606887817
0.25500035285949707,29.163352277725732,1.7464040008626742,227,100,20.764016955924927,16.360942125320435,0.02396702766418457,2280000,1.2207031e-08,-0.013528324,32.26478376570887,2.6293962001800537,3819.47882604599,21.581064028629406,13.475212097167969,16.639909505844116
0.24500012397766113,29.772095108203544,1.5096845414323612,228,100,21.172791860530825,16.214985609054565,0.016997814178466797,2290000,5.3405763e-08,-0.009576432,32.93168586135998,2.63035249710083,3835.9688091278076,26.94348659330643,13.359827756881714,16.476983547210693
0.2629997730255127,30.138051873548097,1.3553478041041789,229,100,21.358937437982362,16.883015871047974,0.01796698570251465,2300000,-1.8310548e-08,-0.019293074,33.543994452165464,2.612786293029785,3853.1457917690277,27.26822196184006,14.02152132987976,17.163982629776
0.24900221824645996,30.855141500418664,1.2033489010394947,230,100,21.93630908893898,16.39698052406311,0.023958683013916016,2310000,4.4250488e-08,-0.025925927,33.36618398394237,2.6076080799102783,3869.8277332782745,27.119005558696518,13.533209085464478,16.669941425323486
0.26800036430358887,31.458622638130404,1.3402314773410293,231,100,22.41858533210325,16.283986568450928,0.020998716354370117,2320000,-4.577637e-09,-0.03232712,34.24604054226861,2.5671982765197754,3886.413716316223,27.557909630718658,13.472602367401123,16.572985649108887
0.2569997310638428,32.45796995297612,1.1047248805001844,232,100,23.073319919968245,16.26702380180359,0.02295851707458496,2330000,2.1362304e-08,-0.028841004,34.51585556812278,2.584357261657715,3902.972697019577,29.849588252996153,13.435669660568237,16.546982049942017
0.24699926376342773,32.559634989835324,1.2093551137440002,233,100,22.94193530110836,16.447428226470947,0.01698923110961914,2340000,4.577637e-09,-0.0055240127,35.03946884807454,2.5427303314208984,3919.6971151828766,29.231564390387504,13.664751529693604,16.711416721343994
0.27596235275268555,32.6429135260912,1.086262299940848,234,100,23.182352224047946,16.704933643341064,0.023005962371826172,2350000,1.8310548e-08,-0.003283557,35.02916706097077,2.6532843112945557,3936.714017868042,30.131354953110687,13.75206708908081,17.004902601242065
0.29900050163269043,32.48952142657063,1.114913420583315,235,100,23.000521202746764,16.270984649658203,0.02199554443359375,2360000,-2.5177002e-08,-0.014381786,35.6139637218107,2.407270669937134,3953.3200011253357,30.10450320226886,13.605749130249023,16.59298038482666
0.25296950340270996,32.90029058489626,1.054677575105303,236,100,23.31091522046867,16.849014043807983,0.016028165817260742,2370000,3.0517577e-09,-0.000673439,35.06307911542116,2.579146385192871,3970.4519855976105,29.904860627112534,14.033772945404053,17.118982553482056
0.2480006217956543,33.21789777992867,1.1664618328023222,237,100,23.590165663481045,16.30498766899109,0.023995399475097656,2380000,-0.0011860885,-0.016730415,35.8105890060597,2.461458206176758,3987.041967153549,30.771232389527682,13.586421728134155,16.57698369026184
0.2560005187988281,33.35753058966515,1.065179501700188,238,100,23.680779923191977,16.70523428916931,0.017966032028198242,2390000,2.0217895e-08,-0.0038928727,35.64054559088159,2.5886480808258057,4004.0341687202454,30.476023449934008,13.862391471862793,16.979200839996338
0.2480015754699707,33.41631368043504,1.1523133206954965,239,100,23.645996735670423,16.700520753860474,0.016965627670288086,2400000,1.9073487e-09,-0.013791669,35.46161453892887,2.6098899841308594,4021.0136551856995,30.662365754314056,13.844889640808105,16.966487407684326
0.2629983425140381,33.448738612031,1.0711446935573141,240,100,23.50042538239128,16.46398401260376,0.017000675201416016,2410000,-2.5939942e-08,-0.021895016,35.81144713250552,2.575077772140503,4037.7706367969513,30.780209203794954,13.630571842193604,16.743983030319214
0.25299882888793945,33.41571152811016,0.9897213932258871,241,100,23.521622246368775,16.164021015167236,0.017962217330932617,2420000,-1.0681152e-08,-0.00904942,35.69315547448541,2.392164468765259,4054.2186200618744,31.05120513984807,13.51876187324524,16.43498206138611
0.26395678520202637,33.49179705283004,0.971379243407753,242,100,23.6164244833037,16.147014379501343,0.01601099967956543,2430000,2.2888184e-08,-0.0014879975,35.662483432411406,2.3782100677490234,4070.6596035957336,31.228756501720426,13.529677152633667,16.428982734680176
0.24600005149841309,33.53459708365622,1.0777946890123047,243,100,23.777363757495177,16.87156915664673,0.016955852508544922,2440000,-1.2969971e-08,-0.017794551,35.792472616757124,2.61515212059021,4087.80712890625,30.917482892090945,13.994543552398682,17.134525060653687
0.24499797821044922,33.72120235231612,1.0089746352292914,244,100,24.0031447010826,16.68605065345764,0.01799750328063965,2450000,-1.0681152e-08,-0.12287335,35.85467466575557,2.5951409339904785,4104.76917552948,31.448551208185577,13.851684331893921,16.95004630088806
0.24699997901916504,33.890515408487914,0.8456901975033165,245,100,24.494954534112786,16.963760137557983,0.01599884033203125,2460000,-6.1035155e-09,-0.15101892,35.60448928290086,2.631993532180786,4122.011906385422,31.795517172344375,14.0254385471344,17.229730367660522
0.24699974060058594,33.571413700632945,0.9263152012575248,246,100,24.511326888047037,16.587027311325073,0.019955873489379883,2470000,-2.2125244e-08,-0.014550443,35.404048026539066,2.510741949081421,4138.8778874874115,31.369071834663828,13.836137294769287,16.85398292541504
0.25299954414367676,33.26181204399541,0.884669377211091,247,100,24.142947363349027,16.42798352241516,0.016999006271362305,2480000,2.155304e-08,-0.03691816,35.51069517695045,2.5603184700012207,4155.588870048523,31.37337748278918,13.61618423461914,16.6979820728302
0.24699997901916504,33.74925165019331,0.9478206678919447,248,100,24.543288511400124,16.617798805236816,0.020998477935791016,2490000,7.6293943e-10,-0.0126877315,35.73102062821868,2.5914714336395264,4172.488668203354,31.101132629637323,13.776902675628662,16.885797262191772
0.24496841430664062,33.77166808002732,0.9813798559146154,249,100,24.588524886057744,16.79234290122986,0.017003297805786133,2500000,-6.1035155e-09,-0.0044968054,35.75489015050139,2.5587172508239746,4189.555981874466,31.4000986940605,13.963367462158203,17.054314613342285
0.2350001335144043,33.84293544821434,0.9841853474409679,250,100,24.6828212372206,16.564570903778076,0.01599907875061035,2510000,6.1035155e-09,-0.008800268,36.18466264853793,2.5530221462249756,4206.383553266525,31.738936596354687,13.762998580932617,16.81557011604309
0.24000191688537598,33.90902206847951,1.0357823851723051,251,100,24.75630349550107,16.80028986930847,0.018997907638549805,2520000,9.155274e-09,-0.008416022,35.93235741915745,2.626561164855957,4223.454843044281,30.88487511397135,13.918885231018066,17.059289693832397
0.24500274658203125,33.998030690176684,0.982897534343119,252,100,25.02307067571664,16.258987426757812,0.021996021270751953,2530000,-2.708435e-08,-0.012862528,36.09809756327348,2.5561888217926025,4239.993827581406,31.595006941446208,13.455765724182129,16.526986360549927
0.25600099563598633,33.894841429875385,0.8840242536822883,253,100,25.032830078655078,16.711008310317993,0.01897287368774414,2540000,2.9182434e-08,-0.01314809,35.61875057284511,2.585773229598999,4256.99280834198,31.716371074035443,13.883127450942993,16.985982179641724
0.2520005702972412,34.064528621762946,0.8865162223132917,254,100,25.37139699646192,16.848409175872803,0.023957252502441406,2550000,-1.373291e-08,-0.03169947,35.73476843462852,2.6016910076141357,4274.130175113678,32.08769552695365,14.002292156219482,17.124366998672485
0.3469996452331543,33.56138064973797,0.8690803548355207,255,100,24.92585047223445,16.85157346725464,0.024997472763061523,2560000,-9.155274e-09,-0.0033736695,35.215123859019066,2.619325637817383,4291.3667459487915,31.35415915878461,13.992220163345337,17.223570585250854
0.24699831008911133,33.039356730514875,0.8030697944469005,256,100,24.651361850367294,16.51266098022461,0.01600170135498047,2570000,1.6784668e-08,-0.017716466,34.5312611452622,2.5312435626983643,4308.168405532837,30.828332851670748,13.682187795639038,16.78365921974182
0.24799704551696777,33.367351631220075,0.8725659225561123,257,100,25.084104222285138,16.81131362915039,0.019001483917236328,2580000,3.566742e-08,-0.05976778,34.92938536631644,2.6442489624023438,4325.259717226028,31.154020491862507,13.926243543624878,17.079312086105347
0.248978853225708,33.93920201949962,0.7660873001821595,258,100,25.426350949706784,16.55498480796814,0.017029523849487305,2590000,-8.773804e-09,-0.055195168,35.56480292392748,2.6032321453094482,4342.096699714661,31.704342999271102,13.709169387817383,16.823982000350952
0.2480020523071289,33.94969236982366,0.921298803105754,259,100,25.218247417200516,16.525072813034058,0.025997638702392578,2600000,0.007902704,0.011951519,35.8427979892591,2.5477705001831055,4358.907770872116,31.55983682564653,13.727012634277344,16.79907250404358
0.25299715995788574,33.554820522196685,1.069160290296593,260,100,24.772138328147584,16.663405895233154,0.016002655029296875,2610000,1.525879e-08,-0.01855052,36.01288031787548,2.6282413005828857,4375.853177309036,31.230538244477035,13.775106430053711,16.932405710220337
0.23900079727172852,33.62583733024914,0.9029136507004512,261,100,24.836842719512187,16.46501588821411,0.020997285842895508,2620000,1.0681152e-08,-0.012622731,35.78571459210167,2.5186588764190674,4392.592159509659,31.374477882457445,13.699430465698242,16.72698402404785
0.24799823760986328,33.750212372813664,0.9700729840416455,262,100,24.998415406266478,16.719794273376465,0.01600027084350586,2630000,-1.6784668e-08,-0.011567894,35.42626658960783,2.5573740005493164,4409.589954376221,31.178819661349976,13.911779642105103,16.98479437828064
0.24700093269348145,33.80965681749541,0.9237367353957517,263,100,25.260998108010785,16.713337182998657,0.015997886657714844,2640000,1.5258789e-09,3.5264587e-05,36.158198162294624,2.611675977706909,4426.584287881851,31.474212902892095,13.865436792373657,16.977335214614868
0.2429966926574707,33.77877071575536,0.9430951860764404,264,100,25.362258176460763,16.766295909881592,0.01799464225769043,2650000,-1.1825562e-08,-0.018182512,35.92802219596669,2.634791135787964,4443.625544548035,31.78579328374789,13.897148609161377,17.02825617790222
0.2460002899169922,33.755167563997645,0.856739896021707,265,100,25.41351732819877,16.797176599502563,0.022998332977294922,2660000,-1.6593933e-08,-0.018758347,35.88702570687837,2.5495173931121826,4460.703719615936,32.01046333966533,13.975770711898804,17.06617522239685
0.24399805068969727,33.58160388782491,1.0141385214282415,266,100,25.420068433362957,16.406705379486084,0.015969276428222656,2670000,-3.0517577e-09,-0.01568922,35.67348006423712,2.46420955657959,4477.383392095566,31.524382009756042,13.681838512420654,16.667673110961914
0.26200008392333984,33.72316631905044,0.9984404615460222,267,100,25.564567564219242,16.635512351989746,0.016962528228759766,2680000,9.918213e-09,-0.001848584,35.85819277487331,2.559485912322998,4494.312866687775,30.716933324186595,13.7852201461792,16.91647481918335
0.24700260162353516,33.70137973560241,1.0162501777853705,268,100,25.73305125600851,16.37098479270935,0.016998291015625,2690000,-7.629395e-09,-0.0064990134,35.96371502487282,2.5540266036987305,4510.960852622986,31.07215959804877,13.56398892402649,16.63498568534851
0.250002384185791,33.60917034129118,0.9192730918554278,269,100,25.62626199043732,16.307821035385132,0.01596522331237793,2700000,-7.6293943e-10,-0.029299628,35.544194959336636,2.4970593452453613,4527.548670291901,31.48391504329342,13.54571270942688,16.57581925392151
0.24399876594543457,33.62112542168585,1.012175564724911,270,100,25.593392301661428,16.718440532684326,0.017997264862060547,2710000,-3.0517577e-09,-0.003532623,35.74893338898467,2.5079684257507324,4544.542104959488,30.989040579058894,13.965060949325562,16.98043656349182
0.24999737739562988,33.67138089723689,1.0242427686858846,271,100,25.583973597846125,16.377016067504883,0.021968841552734375,2720000,-1.7547608e-08,-0.023729203,36.12943509296074,2.4829328060150146,4561.204087495804,30.991147046990335,13.64198613166809,16.648982286453247
0.25096797943115234,33.63183838037439,0.9885059274653486,272,100,25.47639346747082,16.760984420776367,0.016999006271362305,2730000,-4.577637e-09,-0.0133057255,35.79008693659651,2.5948967933654785,4578.246039867401,31.53126659439526,13.909929990768433,17.029951333999634
0.24499845504760742,33.67209864471943,0.9379531836210533,273,100,25.53944917532993,16.41757345199585,0.02099919319152832,2740000,-2.0599366e-08,-0.016103359,36.15127812733338,2.546661138534546,4594.944611310959,31.56791492484276,13.6089448928833,16.68557095527649
0.2700004577636719,33.91002172941708,1.0432555224973048,274,100,25.876463428276953,16.654558181762695,0.016997337341308594,2750000,1.6021728e-08,-0.0167017,36.64563630285925,2.5425357818603516,4611.898168325424,31.699425690599167,13.877742052078247,16.941555976867676
0.24900007247924805,33.902453295486964,1.058486239288501,275,100,26.061407563274603,16.842389822006226,0.01600027084350586,2760000,1.9836426e-08,-0.0049125124,36.2844087889038,2.6005659103393555,4629.019526481628,31.65043924569959,13.985097885131836,17.109357357025146
0.24599528312683105,33.78628925132605,0.985239184101062,276,100,26.07438240668702,16.296984672546387,0.0240020751953125,2770000,1.1062622e-08,-0.040476818,37.08311685868893,2.419785499572754,4645.59950876236,31.42930519407126,13.62719440460205,16.56698203086853
0.2609992027282715,33.64799513295112,1.1838947501523458,277,100,26.153191313084076,16.48698592185974,0.023998022079467773,2780000,-1.2207031e-08,-0.040008787,36.0562619560347,2.567373037338257,4662.384492635727,31.225505929420407,13.685468912124634,16.77198314666748
0.25100016593933105,33.85668212224786,1.2605100585762365,278,100,26.358708496098053,17.593621969223022,0.01999831199645996,2790000,9.155274e-09,-0.013128407,36.492584328249706,2.708177328109741,4680.2631142139435,31.09263842155853,14.554690599441528,17.86562180519104
0.24699831008911133,34.34769429663232,1.3490760265014539,279,100,26.644488130543888,16.355016708374023,0.024968385696411133,2800000,-3.0517577e-09,-0.08868439,37.15234937310365,2.5611190795898438,4696.903098344803,31.2239488458988,13.542625904083252,16.626983404159546
0.24399948120117188,35.04178788121881,1.4137128779909245,280,100,27.14711318993201,16.713984489440918,0.021998167037963867,2810000,-6.1035155e-09,-0.1167624,38.517339440817736,2.574817419052124,4713.896080970764,31.428147789783935,13.896687269210815,16.979982137680054
0.2479996681213379,34.43634083133336,1.7415263589201644,281,100,26.570717373597823,16.422987937927246,0.015998125076293945,2820000,2.4414062e-08,-0.030272791,38.121667259315956,2.557371139526367,4730.596066474915,29.382818757082333,13.61755084991455,16.686985731124878
0.25099825859069824,33.67172621319399,1.450976160705191,282,100,26.03802727709621,16.275986194610596,0.02200031280517578,2830000,-3.8146974e-09,-0.008643171,36.16953112071892,2.581268787384033,4747.158051252365,28.69997266884846,13.438283443450928,16.54898476600647
0.24200105667114258,32.4829230585465,1.5422997031325836,283,100,25.165964800087327,16.82088327407837,0.015963077545166016,2840000,1.5258789e-09,-0.0021467502,36.57381559031807,2.5540390014648438,4764.256901979446,28.670016665245022,14.015153169631958,17.08085036277771
0.25096654891967773,31.957207842491716,1.621277544240224,284,100,24.789967648069197,16.439171075820923,0.019029855728149414,2850000,-3.0517577e-09,-0.031359028,36.78244166661557,2.531113862991333,4780.97806930542,28.440412587149662,13.678441286087036,16.70916748046875
0.24699807167053223,32.699523097707086,1.2298943370255049,285,100,25.336695718848027,16.50998616218567,0.022000551223754883,2860000,-6.1035155e-09,-0.07395658,35.28844000312483,2.543806314468384,4797.769053936005,29.523826925514417,13.717510223388672,16.778984785079956
0.25299978256225586,33.6038320455225,1.3228633843683744,286,100,25.97243811356188,16.461358070373535,0.0209653377532959,2870000,4.196167e-09,-0.0351919,36.71774615933157,2.5576016902923584,4814.518410921097,30.334107623694116,13.660296201705933,16.737356901168823
0.25100016593933105,34.43750283238589,1.7385522859241356,287,100,26.66945244160212,16.860087871551514,0.01700139045715332,2880000,6.1035155e-09,-0.015456143,38.22158745007179,2.5644371509552,4831.65850019455,30.49269288084087,14.03371262550354,17.128089427947998
0.2520012855529785,34.19376252377402,1.5739052279656582,288,100,26.463029606762674,16.81198501586914,0.019997358322143555,2890000,-3.8146974e-09,-0.091973,37.521106728854974,2.5560429096221924,4848.755483150482,30.156372382857924,14.004196643829346,17.08498501777649
0.24399733543395996,34.387575861326944,1.3269741799243737,289,100,26.63971171482236,16.555987119674683,0.023999452590942383,2900000,1.2207031e-08,-0.09176624,37.11481070900605,2.580091714859009,4865.592466831207,29.550610204622107,13.686037063598633,16.824983596801758
0.24696826934814453,33.14033151144212,1.2488218517351997,290,100,25.712282552675944,16.821016788482666,0.02500009536743164,2910000,7.629395e-09,0.006867313,36.820819181163166,2.4830868244171143,4882.698452472687,30.476300257324013,14.086973905563354,17.09398603439331
0.24799895286560059,31.68673834816249,1.4601972921511488,291,100,24.65252357877928,16.312021017074585,0.02496504783630371,2920000,-3.604889e-08,-0.1316497,37.105578079272576,2.486649990081787,4899.296437501907,27.54392746433196,13.574076175689697,16.58598518371582
0.24999761581420898,32.165115725553626,1.4599694876248828,292,100,24.939076749284723,16.625925064086914,0.019970178604125977,2930000,-1.2207031e-08,-0.037068687,36.24581598591409,2.5292983055114746,4916.205330610275,29.239483864126527,13.844371557235718,16.89689302444458
0.2500002384185791,32.52106983329711,1.7301159994996158,293,100,25.07426812946202,16.556986093521118,0.020999908447265625,2940000,-2.4414062e-08,-0.07674699,36.64092146601335,2.566502332687378,4933.046315908432,27.31381512500816,13.735013246536255,16.827986240386963
0.2550013065338135,31.968358335408055,1.951230562349833,294,100,24.702361525002246,16.68301749229431,0.015966176986694336,2950000,-2.2888184e-08,-0.0603698,37.175699163288485,2.566936731338501,4950.014300107956,27.573913124331817,13.858535051345825,16.954984664916992
0.2499988079071045,31.266440524798266,1.7387538679843766,295,100,24.192210792881795,16.528984785079956,0.0260012149810791,2960000,-9.918213e-09,-0.019127963,34.46314569034548,2.529974937438965,4966.832284927368,27.519298793163447,13.707069635391235,16.805985689163208
0.30899739265441895,30.947011615864625,2.0454684232223648,296,100,24.03271429592296,16.72910761833191,0.024000883102416992,2970000,3.0517577e-09,-0.03827278,36.28703419745994,2.5957682132720947,4983.908390760422,26.173799476463103,13.87608814239502,17.063107013702393
0.23999810218811035,30.789964893807497,1.89652888136867,297,100,24.02454377258691,15.704986095428467,0.022999048233032227,2980000,1.525879e-08,-0.021522088,34.35710729014684,2.5452847480773926,4999.890375614166,26.202338436523664,12.90123987197876,15.968984603881836
0.24199891090393066,30.274114487705138,1.9879685287730056,298,100,23.583522724670573,15.869188070297241,0.020000457763671875,2990000,-9.155274e-09,-0.0020717834,35.32595292259331,2.5767788887023926,5016.035564899445,24.94547633616892,13.062480211257935,16.133188009262085
0.24599790573120117,30.127665087349968,1.764965598485092,299,100,23.43645082440371,16.001659393310547,0.01697564125061035,3000000,1.7547608e-08,-0.012298354,33.52539591383391,2.586916923522949,5032.313198328018,25.316072071718533,13.144108772277832,16.26463294029236
