Time-SampleProc,Time-Sampling,train-StdReturn,n_timesteps,train-EnvExecTime,train-AverageReturn,train-MinReturn,Time-Optimization,train-NumTrajs,train-MaxReturn,LossBefore,train-PolicyExecTime,Itr,Time,ItrTime,train-AverageDiscountedReturn,LossAfter
0.08800101280212402,18.170836925506592,63.820160017698704,10000,3.035565137863159,16.408836736079603,-175.33884654648423,0.30899977684020996,100,132.82718729516424,-0.00045064697,14.868193864822388,0,18.567837715148926,18.567837715148926,19.77626425562353,-0.8382422
0.025967121124267578,17.29500961303711,10.666375334880884,20000,3.0179340839385986,107.11817056530813,91.93124898300803,0.23900055885314941,100,177.73680460226132,0.018474804,14.00207233428955,1,36.18981313705444,17.559977293014526,72.1312037771901,-0.0988769
0.02296733856201172,17.26000738143921,16.528592570228565,30000,2.8497884273529053,116.89742109952935,74.08267639269292,0.24399852752685547,100,158.58163782660458,0.0020812377,14.142621278762817,2,54.01139187812805,17.526973247528076,72.04516581799686,-0.09652486
0.02500128746032715,17.181978702545166,9.705059997993239,40000,2.9385428428649902,137.4873140881704,114.85356969142238,0.2500007152557373,100,163.31522605592545,0.012940247,13.975529193878174,3,71.48437070846558,17.45897889137268,83.66368585430413,-0.18655178
0.025960922241210938,17.765305519104004,4.211086247368742,50000,2.995087146759033,174.01146235222097,163.24001978503142,0.2519989013671875,100,183.06227110529196,-0.0069557982,14.507023096084595,4,89.54263615608215,18.044264793395996,103.34480194190053,-0.19265139
0.024001121520996094,17.0909743309021,1.6086542908196633,60000,2.9220645427703857,184.19757186523634,179.8624036097248,0.24199891090393066,100,188.71630353658787,-0.0029714599,13.909054279327393,5,106.95761346817017,17.356974363327026,108.45102023928563,-0.098051004
0.019032955169677734,18.290029525756836,1.6346420904394545,70000,3.087912082672119,188.68025996038034,183.46639632842192,0.25096750259399414,100,192.37746185884512,0.012628784,14.844865560531616,6,125.53161382675171,18.56100034713745,110.67956879841955,-0.122783594
0.02499699592590332,17.370977640151978,1.7288557615935087,80000,2.9357903003692627,198.08898713042538,193.44773591909248,0.24399995803833008,100,201.8540518837954,-0.0038207765,14.151196956634521,7,143.1855878829956,17.63997459411621,115.45732322005011,-0.15341738
0.020965576171875,18.138189554214478,3.574850895660425,90000,3.100177526473999,200.53359381455866,189.1766759386319,0.25,100,208.84677009844197,-0.015386841,14.759965181350708,8,161.60874438285828,18.409155130386353,117.5012012442852,-0.02442666
0.018031597137451172,17.12197732925415,10.956561858463964,100000,2.922919988632202,191.53516291291857,159.75003358299438,0.24696993827819824,100,211.8364423249626,-0.015010485,13.949362993240356,9,179.00972318649292,17.38797879219055,113.80684265352772,-0.08191167
0.024961233139038086,18.17165780067444,5.346839460452347,110000,2.972594738006592,207.95143293038672,193.303645188291,0.24599981307983398,100,220.45009729068485,-0.012701611,14.909621238708496,10,197.46634125709534,18.4436194896698,120.99992792861316,-0.124798
0.01896357536315918,17.88583016395569,7.229195412262713,120000,2.9904017448425293,169.8500016249249,153.42601169241894,0.2429978847503662,100,190.47672120202535,0.010156043,14.619823217391968,11,215.62813329696655,18.148791790008545,105.66635026386948,-0.041646007
0.01896977424621582,17.660008907318115,7.700956723687212,130000,2.9825010299682617,201.52427014395587,178.7371448174427,0.2499983310699463,100,218.9654983243426,0.00470708,14.43249797821045,12,233.57011127471924,17.928977012634277,118.09306771364925,-0.21176812
0.021970510482788086,17.933888912200928,11.489155482940827,140000,2.946039915084839,202.55711156515815,162.6310738185456,0.2409992218017578,100,221.56834877485124,-0.008834741,14.731147289276123,13,251.78097105026245,18.19785976409912,118.2656430831041,0.004540039
0.03699755668640137,17.821788787841797,7.08632451414943,150000,3.0234992504119873,173.33876161969158,148.14701297863473,0.24200081825256348,100,190.65944845731258,0.016861988,14.525877237319946,14,269.8947560787201,18.10078716278076,104.70068312011497,-0.17516236
0.018999338150024414,17.97415804862976,3.534930165855567,160000,2.9887213706970215,188.30691409676015,179.99598447096608,0.24399900436401367,100,196.26939147403084,0.0014554504,14.727259159088135,15,288.1459107398987,18.238155841827393,111.02337177981582,-0.16166542
0.01999497413635254,17.784983158111572,1.3823369091845368,170000,3.067037343978882,207.62532775194367,204.07131288254476,0.24100732803344727,100,211.4546271610272,-0.003063623,14.461549997329712,16,306.2078969478607,18.04798460006714,119.87998659649966,-0.023276709
0.0279996395111084,17.914979219436646,1.4396222598246395,180000,3.109092950820923,200.97523107077265,197.6238438973943,0.2629978656768799,100,204.96876782506308,-0.0021769868,14.517732381820679,17,324.42786741256714,18.205976724624634,117.29873846350306,-0.09530368
0.018973588943481445,17.36500382423401,1.9060452514544282,190000,2.9845101833343506,208.00251325362962,203.6420274917604,0.24400043487548828,100,211.4272670044498,-0.007894812,14.102258920669556,18,342.0698471069336,17.62797784805298,120.52642608818255,-0.1505096
0.021997928619384766,17.129979133605957,4.361522485062896,200000,2.9911463260650635,213.31234981306477,202.2353731896825,0.2630019187927246,100,223.3538984415337,-0.002712915,13.882495641708374,19,359.4988281726837,17.415982007980347,122.99507431357257,-0.40025795
0.020000934600830078,17.494978666305542,12.012524839493613,210000,2.9397735595703125,174.3240624274638,155.77966257633372,0.23999977111816406,100,217.75824312108512,0.0029767335,14.302759170532227,20,377.26880645751953,17.755980014801025,102.36783012175432,-1.1373527
0.02000284194946289,18.05575680732727,22.852235121383366,220000,2.9989500045776367,138.63838975970907,94.14772835536714,0.25100064277648926,100,185.404138747691,0.0072218264,14.793217420578003,21,395.6095652580261,18.32776117324829,84.9616994573146,-1.2180518
0.018997907638549805,18.08802556991577,10.83901095531599,230000,2.9878780841827393,179.78240008656113,95.08248813081461,0.2559993267059326,100,191.85996162285215,0.0062939455,14.830725908279419,22,413.98558378219604,18.363022804260254,101.77048367661116,-0.58425486
0.022000551223754883,18.03599977493286,2.2075190638780486,240000,2.958585739135742,192.79265434437636,187.14219965495394,0.24199843406677246,100,198.0209097535973,-0.0115046995,14.830176830291748,23,432.2985816001892,18.29999876022339,107.49413838672832,-0.70153475
0.02499675750732422,17.198981285095215,4.933826075277529,250000,2.8005917072296143,194.42637502785345,179.92923365905153,0.24300217628479004,100,201.6063000723609,0.0128584225,14.134946346282959,24,449.7795615196228,17.46798038482666,107.84372695869413,-0.16726668
0.022017478942871094,17.096197605133057,3.775437742604968,260000,2.78304386138916,187.39758643352982,167.7982127358869,0.2409663200378418,100,191.40746836888795,0.012248474,14.035564422607422,25,467.1517422199249,17.35918140411377,105.58410789891266,-0.12874629
0.020973920822143555,17.40488338470459,4.816284344129205,270000,2.8861007690429688,187.30238900264354,160.88111738759287,0.23999881744384766,100,191.43585408783352,0.010073901,14.25541615486145,26,484.8305985927582,17.66585612297058,105.66959924892619,-0.57605857
0.01999640464782715,17.113590478897095,8.485574136420631,280000,2.8379788398742676,185.02059663012994,155.3890381273632,0.24200034141540527,100,195.90408325984814,0.009621606,13.970293998718262,27,502.21918869018555,17.375587224960327,104.55075339613812,-3.517139
0.023984909057617188,17.216508150100708,11.040605552897347,290000,2.898210287094116,158.01552006537824,140.62811943024505,0.24699974060058594,100,187.69901545007633,0.009568671,14.058186769485474,28,519.7216644287109,17.489476919174194,93.12527857728323,-3.801042
0.018001556396484375,17.22697925567627,13.879054689420286,300000,2.783541202545166,124.02798523310271,97.36262970265389,0.2389979362487793,100,155.93063474430585,0.017439796,14.174519538879395,29,537.2196433544159,17.484978675842285,78.66487602403322,-4.2362957
0.024964570999145508,17.594027996063232,17.51923856046391,310000,2.904068946838379,116.75806659815082,81.99822643239564,0.2409987449645996,100,147.45572444431994,-0.010862487,14.42662525177002,30,555.0926365852356,17.859991312026978,75.43738266793089,-1.6015877
0.024999141693115234,17.734809637069702,26.57849889706874,320000,2.875459671020508,117.10838608206467,75.75492058451009,0.2519996166229248,100,184.7434595864877,-0.0031985473,14.607726812362671,31,573.1174445152283,18.011808395385742,74.81220435130678,-7.176064
0.022000789642333984,17.845335721969604,48.65931958061377,330000,2.98701548576355,53.655789804732976,-14.430083606157076,0.24299907684326172,100,137.2358952072494,-0.013945374,14.583255529403687,32,591.2407796382904,18.111334800720215,46.00028086060156,-2.6907518
0.018965482711791992,17.246013641357422,28.187991289643506,340000,2.915881395339966,16.48451965724683,-11.566435883360995,0.2500019073486328,100,150.73417757268984,0.019877978,14.060960054397583,33,608.7697603702545,17.514981031417847,26.898285261518478,-6.0233173
0.026016950607299805,17.459399938583374,27.10336061450428,350000,2.9986367225646973,32.36827968022609,-42.88184032145006,0.24198269844055176,100,80.5511405855282,0.0055377726,14.205212354660034,34,626.5101568698883,17.727399587631226,22.748461311572083,-12.673508
0.018000125885009766,17.20544457435608,70.40979519209955,360000,2.9246034622192383,-67.81271725608394,-224.0430222945499,0.24699997901916504,100,46.7122117104106,-0.0045443717,14.025513648986816,35,643.9936008453369,17.471444845199585,-30.380871310788617,-0.4360942
0.020966291427612305,17.347012758255005,48.27230386469349,370000,2.8331377506256104,-77.05140108440847,-270.98110981748806,0.24899935722351074,100,-1.5852573754357357,-0.015624768,14.230215072631836,36,661.6235780715942,17.616978406906128,-39.27079133544532,-0.53494304
0.02597355842590332,17.888489961624146,8.43161330119817,380000,2.9501569271087646,-124.45896059046026,-170.6874536581058,0.2449963092803955,100,-100.42852576549075,0.0057097534,14.659005641937256,37,679.795037984848,18.159459829330444,-59.44231506178867,-11.581928
0.024997234344482422,17.54183053970337,36.93661703942626,390000,2.8982057571411133,-88.5156413870828,-130.92744240485828,0.23999929428100586,100,-13.9994145916029,0.0033851806,14.338345766067505,38,697.6158428192139,17.807805061340332,-39.848341853453945,-6.803221
0.01899886131286621,17.386186838150024,2.1833609228429105,400000,2.8977012634277344,-129.55296128967092,-133.24568060953163,0.24399971961975098,100,-120.11514614428862,-0.013006614,14.218578338623047,39,715.2780284881592,17.64918541908264,-60.182647616358125,-0.6513547
0.019969701766967773,17.424010515213013,9.116912527351753,410000,2.8855135440826416,-124.3490232851039,-133.55787797072108,0.242997407913208,100,-91.34666134385792,-0.009985028,14.294119834899902,40,732.9780058860779,17.68697762489319,-58.25398169189143,-0.48227265
0.019998788833618164,17.2199809551239,2.3482192838825506,420000,2.814521312713623,-122.62447097047509,-130.77358966124518,0.23799991607666016,100,-119.10957831689558,0.0076548033,14.144933938980103,41,750.4689860343933,17.47797966003418,-58.730084147817095,-0.2904253
0.017953872680664062,17.832210540771484,2.822361302658098,430000,2.8847928047180176,-123.16455941484212,-132.92338097184395,0.24500107765197754,100,-118.57566133419652,0.013164705,14.687280893325806,42,768.5781514644623,18.09716534614563,-59.06806636435584,-1.8370851
0.018030643463134766,17.038980722427368,4.905438702220712,440000,2.7788658142089844,-122.33336297104039,-131.10460282063008,0.2419877052307129,100,-107.01409206410858,0.010182373,13.998005390167236,43,785.8911309242249,17.29997992515564,-58.83402714511599,-5.1736937
0.02499699592590332,17.832655429840088,35.02992609660252,450000,2.888638734817505,-100.57906746853398,-175.79205106731135,0.24000096321105957,100,-33.48635513767134,-0.020195544,14.67482042312622,44,804.0017848014832,18.09765338897705,-46.583334764733245,-4.5282197
0.02100062370300293,17.491981029510498,20.117800304486025,460000,2.805389642715454,-129.0484787216958,-178.6042974670918,0.24899744987487793,100,-111.66138083013234,-0.007284485,14.412630796432495,45,821.7777636051178,17.76297879219055,-65.4470730161656,-4.3400345
0.024996280670166016,17.774767637252808,87.48338037690216,470000,2.955728530883789,-43.007054576846606,-245.37011155579276,0.24599957466125488,100,58.47000739271502,0.01665202,14.539188385009766,46,839.8375265598297,18.04676342010498,-20.046614795152788,-1.4850191
0.02500128746032715,17.065978050231934,52.51437093459135,480000,2.869638681411743,16.650516269595173,-134.41632138723466,0.2369976043701172,100,83.36901766219935,-0.011794442,13.9436194896698,47,857.1805055141449,17.329978466033936,12.039155362925236,-1.9553465
0.01999950408935547,17.58255672454834,25.01591116220873,490000,2.9252569675445557,-14.034641949508876,-42.643353571439945,0.2409989833831787,100,150.3122719484138,0.0033595092,14.370360851287842,48,875.0370614528656,17.844555377960205,12.239134171595595,0.060310036
0.018995285034179688,17.34098219871521,4.827781086447448,500000,2.9314539432525635,-22.505940778286014,-29.64269502176396,0.24200129508972168,100,21.724223848241984,0.011518445,14.087802648544312,49,892.653039932251,17.60197877883911,8.605607647099225,0.10748597
0.020997285842895508,17.26498246192932,30.359610993644836,510000,2.9065871238708496,-13.822356293834646,-29.28036068599718,0.23999881744384766,100,117.46091769275007,0.012828033,14.086520195007324,50,910.1930184364319,17.526979446411133,12.80634299252118,0.0061986204
0.019974946975708008,17.961579084396362,25.585719158132093,520000,2.9815473556518555,-16.104867970745264,-29.851306583495486,0.23799896240234375,100,140.47638225720166,0.011932105,14.690652847290039,51,928.4255702495575,18.219552993774414,11.7090562169922,-0.0044798707
0.018980979919433594,18.007627248764038,37.75345084835209,530000,3.0079431533813477,-9.217594338122446,-26.59555095790767,0.24299836158752441,100,123.31539261713041,-0.0034648406,14.735585451126099,52,946.7081778049469,18.269606590270996,14.958255564654173,-0.016215935
0.025998353958129883,17.968082427978516,32.99865432012732,540000,2.9686551094055176,-12.385421865317067,-29.743145776227145,0.23799848556518555,100,125.22057110536676,-0.0120193055,14.732198238372803,53,964.9542593955994,18.23207926750183,13.664629099688579,-0.031511493
0.017998456954956055,17.477096557617188,29.83699217890722,550000,2.9085209369659424,-11.144761832947024,-29.991433290876596,0.24900126457214355,100,111.95265090747785,0.0014570801,14.314280033111572,54,982.7113552093506,17.744096279144287,13.915772248015571,-0.018267138
0.019002676010131836,18.061050415039062,49.984574759940095,560000,3.003107786178589,6.028778763743273,-55.626885458924484,0.24699783325195312,100,141.44594248742396,0.020223804,14.784494638442993,55,1001.0524048805237,18.328049898147583,21.229014777431015,-0.002112274
0.018996715545654297,18.106618881225586,45.37211210057831,570000,3.0164635181427,13.361071776979143,-51.982857876688264,0.24100112915039062,100,111.88507121331934,-0.01071171,14.820867776870728,56,1019.4320211410522,18.36661672592163,22.959004266778052,-0.039685193
0.018999338150024414,17.66471552848816,49.42752813960106,580000,3.0109095573425293,21.52052931227169,-54.4830851146409,0.2369987964630127,100,139.13253840921158,0.006010498,14.387948036193848,57,1037.3657343387604,17.920713663101196,24.49328697328974,-0.048959352
0.01800060272216797,17.832152843475342,49.17583209914546,590000,3.0135717391967773,29.443565092684402,-61.852167827442635,0.2409975528717041,100,137.8701449456662,-0.00044812012,14.548799514770508,58,1055.4708576202393,18.092122793197632,26.023273633149905,-0.07490039
0.02099919319152832,17.627063512802124,51.81007824285688,600000,2.8574020862579346,27.31121533408694,-61.820112588437546,0.24000096321105957,100,133.0156143500216,-0.008160736,14.501634359359741,59,1073.371921300888,17.888063669204712,24.067143522376547,-0.29940706
0.020999670028686523,18.117117166519165,52.87486800653638,610000,3.021010160446167,17.78611072492991,-61.74267401121058,0.25100111961364746,100,126.7635207315387,0.017333722,14.774016618728638,60,1091.774039030075,18.3891179561615,16.945625824917602,-0.44537646
0.018970966339111328,18.035696983337402,55.60300042536859,620000,2.9703426361083984,20.1436026744811,-137.0034569119958,0.24500203132629395,100,83.11526755048727,0.007953739,14.795154809951782,61,1110.0867099761963,18.299669981002808,14.892798998837266,-3.2401345
0.02099895477294922,17.659137964248657,42.36083328009135,630000,2.89141845703125,-0.8392706232860695,-137.27406419275854,0.2440023422241211,100,62.580004054183284,0.013788904,14.505643367767334,62,1128.0258457660675,17.926138639450073,2.183804313449668,-4.4786444
0.01996588706970215,17.52867364883423,59.27125241978102,640000,2.909405469894409,-138.3029148032054,-235.98282089188174,0.24200057983398438,100,21.10800969006937,-0.025108324,14.367892503738403,63,1145.831486940384,17.791640996932983,-65.99092806919049,-0.07826714
0.019962787628173828,17.373019695281982,70.26089127861988,650000,2.855299949645996,-123.46906370443517,-245.1315633605988,0.2369980812072754,100,11.240484423413113,-0.00033133544,14.267234325408936,64,1163.4744675159454,17.62998056411743,-60.362088613022195,-0.6001549
0.024998188018798828,17.612940311431885,74.257451883316,660000,2.8790924549102783,-95.82905960953829,-216.28950151411325,0.23799896240234375,100,25.440598397675927,0.028705798,14.462329387664795,65,1181.364378452301,17.876909971237183,-44.63595057952769,-0.37917688
0.02599954605102539,17.64510464668274,55.41869248080516,670000,2.9656331539154053,-132.62502854653286,-228.1882076791571,0.2460002899169922,100,28.08863176146221,-0.006009619,14.411263942718506,66,1199.2934837341309,17.917104482650757,-62.593994252240854,-0.688138
0.0189974308013916,19.20471453666687,50.39496663218114,680000,3.262740135192871,-153.6958239804437,-243.49845518357137,0.2550020217895508,100,-10.31917268191805,0.0073526977,15.648426055908203,67,1218.7861959934235,19.479713916778564,-72.00644043649694,-3.1054554
0.022998332977294922,18.24545168876648,44.44398731825076,690000,3.1214239597320557,-139.84903301527496,-242.94875595227634,0.2500011920928955,100,-2.4594990265922188,0.0021994628,14.884644269943237,68,1237.31964468956,18.519449949264526,-64.40350821006976,-94.460785
0.022999286651611328,17.442289113998413,37.048347767936995,700000,2.8975822925567627,-102.06594913059143,-138.450471749534,0.25300025939941406,100,-0.42068984878182114,0.0136235105,14.281497478485107,69,1255.0519344806671,17.71928882598877,-45.657616017891954,-89.15613
0.018972396850585938,17.558008909225464,21.52732212831343,710000,2.979192018508911,-57.58568225501586,-122.76822122134307,0.2370009422302246,100,-26.310473798034764,0.014980476,14.318100214004517,70,1272.8789155483246,17.813982248306274,-21.237658471919286,-19.000427
0.018998146057128906,17.60549306869507,3.028046895069045,720000,3.067230224609375,-48.95050130119596,-56.25706525865372,0.2409985065460205,100,-39.38538719521118,0.00764465,14.220066785812378,71,1290.758404493332,17.866490602493286,-16.451686300429444,0.4275444
0.017977476119995117,18.003768920898438,2.7739047568012998,730000,3.040663242340088,-49.097347472181006,-55.98666327556913,0.24199748039245605,100,-41.49022142350818,-0.002186682,14.677939653396606,72,1309.037174463272,18.26676893234253,-16.545812732149052,-6.114505
0.02199840545654297,17.16898274421692,3.072183863658109,740000,2.912888288497925,-48.68504563284422,-55.7683119558342,0.23599839210510254,100,-40.83703404940548,0.00629679,13.974197387695312,73,1326.4781539440155,17.427979469299316,-16.26385951703376,-44.384224
0.026000261306762695,17.54098153114319,2.749249872720664,750000,2.9981322288513184,-47.37095785461402,-54.07620727572462,0.2370007038116455,100,-40.26215370425585,0.0018694825,14.277500629425049,74,1344.2951364517212,17.803982496261597,-15.540838273084569,-5.2357874
0.021996736526489258,17.950982093811035,2.9787010236939437,760000,3.0443997383117676,-47.22397496730221,-53.95996394913287,0.24100279808044434,100,-38.51107701474735,0.02529596,14.644968748092651,75,1362.5251159667969,18.21698021888733,-15.479334777507686,-0.06648347
0.01799941062927246,17.618982315063477,3.2163813252632565,770000,3.0085039138793945,-46.717698520147536,-53.57647666100983,0.2390000820159912,100,-38.34051035294824,-0.015150696,14.322161674499512,76,1380.415096282959,17.876981258392334,-15.229148794292726,-0.02499784
0.025997638702392578,17.052981853485107,2.7385215775472154,780000,2.940899133682251,-46.89517081924848,-53.11961803565771,0.24000000953674316,100,-40.2401075709328,-0.024733007,13.843133211135864,77,1397.7470755577087,17.318979501724243,-15.310143165135205,-0.03553052
0.02396845817565918,18.046759366989136,3.1562424113246434,790000,3.0665345191955566,-47.71704842630612,-53.79310026758391,0.24300169944763184,100,-39.34857948521216,0.018256104,14.713507652282715,78,1416.0738055706024,18.31472897529602,-15.709467416113325,0.015403125
0.01999950408935547,17.203982830047607,3.157838574447974,800000,2.9408633708953857,-47.182926881291124,-54.08893144352664,0.2369983196258545,100,-38.450857423352055,0.011717676,13.998143672943115,79,1433.5487842559814,17.46198058128357,-15.460614861027455,0.011804688
0.025032520294189453,17.97803282737732,3.035268853523228,810000,3.0667800903320312,-46.80413543179842,-54.23971915443312,0.23996758460998535,100,-39.363725868269206,-0.006955603,14.654714345932007,80,1451.8038167953491,18.243032932281494,-15.276875287235955,-0.008843054
0.017963886260986328,17.938769817352295,3.2452563328036197,820000,3.024754524230957,-46.983698388836736,-53.998497749640634,0.24499917030334473,100,-39.15510505161772,0.022104675,14.65078592300415,81,1470.018548488617,18.202733278274536,-15.363408183182806,0.012561255
0.02097153663635254,17.29001212120056,2.9132518996715087,830000,2.9532699584960938,-47.21951911641625,-53.48145433921875,0.2369980812072754,100,-39.256249980152546,0.005769922,14.03439450263977,82,1487.5805282592773,17.548981189727783,-15.463233772381987,-0.001869104
0.025999069213867188,17.15598487854004,3.046997825531231,840000,3.028799295425415,-46.28738733765067,-53.20851355996965,0.24499940872192383,100,-38.95545219687246,0.0094537595,13.873307228088379,83,1505.021509885788,17.427982091903687,-15.040553643425694,0.008141821
0.019964218139648438,17.53901767730713,3.0641563178936484,850000,2.9776828289031982,-47.3304019560381,-53.47710311994341,0.2369992733001709,100,-40.44353577428948,0.009875781,14.296497344970703,84,1522.830489397049,17.79698133468628,-15.543931574412218,0.0060346434
0.020972013473510742,17.611958742141724,3.1602132403180785,860000,3.106321096420288,-47.25956733853141,-54.383146667568134,0.25299644470214844,100,-38.37406476161926,0.011306689,14.241183280944824,85,1540.7304453849792,17.886955976486206,-15.493982916765123,0.007938818
0.02399921417236328,17.43163514137268,3.023048653205287,870000,3.0994718074798584,-47.665750207539205,-54.35583874870527,0.23599934577941895,100,-38.95070698230845,-0.009176953,14.080120325088501,86,1558.4350800514221,17.692636251449585,-15.685325308735505,-0.010436133
0.01797342300415039,17.802000761032104,3.2732774489376117,880000,3.0624537467956543,-46.96565775036844,-52.99104625179699,0.24500083923339844,100,-38.717413826622334,-0.02411477,14.478758096694946,87,1576.5140562057495,18.065974712371826,-15.345443610064136,-0.026543774
0.023996829986572266,18.023982286453247,2.7415435185079735,890000,3.0496108531951904,-47.467986855038326,-53.17408605187224,0.2370009422302246,100,-39.866879101489786,0.0065014646,14.714494228363037,88,1594.8130357265472,18.284980058670044,-15.598373914764615,0.0055182497
0.019973039627075195,17.3330078125,2.756686460292685,900000,3.0238163471221924,-46.77845466177003,-52.522995560796794,0.24300122261047363,100,-38.84624537379886,0.016725702,14.06998586654663,89,1612.4220168590546,17.596981525421143,-15.259319729572725,0.011931933
0.021998882293701172,17.294981956481934,2.907310774383948,910000,2.9682259559631348,-47.10620874352766,-54.73261504151032,0.24200057983398438,100,-39.89689081563493,-0.015539234,14.076159000396729,90,1629.9939968585968,17.559981107711792,-15.407285962850573,-0.02114851
0.020970821380615234,17.29047727584839,3.2782980156014743,920000,3.0354676246643066,-47.53762985982212,-54.17354078957807,0.23999786376953125,100,-39.279981279371476,0.0036017762,13.999935626983643,91,1647.5594420433044,17.55244517326355,-15.631399141222646,-0.0074361605
0.02196192741394043,17.261014461517334,3.0510698308960413,930000,3.0926198959350586,-46.943947126681635,-55.1028018416415,0.24599766731262207,100,-38.682040935711115,-0.00943247,13.905068159103394,92,1665.1024215221405,17.529980421066284,-15.336199360411861,-0.014188403
0.020999670028686523,17.62598419189453,2.9630773859419963,940000,3.078765630722046,-47.32358603594649,-54.588153055260946,0.24199533462524414,100,-39.38899843491156,0.0011935058,14.226604700088501,93,1683.0044016838074,17.888979196548462,-15.524827798178626,0.0005842773
0.018002748489379883,17.401981353759766,3.260166565425396,950000,3.077596664428711,-47.155783788869805,-52.89009118477063,0.2389965057373047,100,-39.18514994462122,0.024584303,14.037388324737549,94,1700.6763830184937,17.65998148918152,-15.44292833639866,0.02255018
0.021966934204101562,17.496792554855347,2.988960597876252,960000,3.092301607131958,-47.73433634471878,-53.75737962643498,0.23199677467346191,100,-39.56785939341568,-0.009972018,14.12444281578064,95,1718.4411413669586,17.7517569065094,-15.69923781931089,-0.011276611
0.019002199172973633,17.806849002838135,2.5656588396518405,970000,3.0102322101593018,-47.08584759706939,-52.79867563401244,0.2429962158203125,100,-40.143238876621375,-0.0011817077,14.515036821365356,96,1736.5229902267456,18.06984782218933,-15.423445123113773,-0.0023723205
0.018971681594848633,17.5890109539032,2.954997659669121,980000,2.9859156608581543,-46.74304902925054,-54.319677757434896,0.23799848556518555,100,-38.73565428770596,-0.0015403626,14.322747230529785,97,1754.3829712867737,17.846981048583984,-15.26802872901357,-0.0018004302
0.028998851776123047,18.07124352455139,3.013636261512577,990000,3.1178314685821533,-46.60161015115632,-53.58488193003195,0.23900103569030762,100,-39.18699100469087,-0.00067651365,14.672112226486206,98,1772.7362139225006,18.340243577957153,-15.182347701113025,-0.0042588133
0.019003629684448242,17.73472309112549,3.654095436553021,1000000,3.0614519119262695,-46.70720810341322,-53.32712736180361,0.2369983196258545,100,-36.79735496526095,-0.023044586,14.396892786026001,99,1790.7399368286133,17.99072504043579,-15.233548951984995,-0.028895874
0.01900029182434082,18.15285634994507,3.181670949532263,1010000,3.058234214782715,-47.08310569075753,-53.55924844975475,0.24400067329406738,100,-38.624698025674114,-0.0047783996,14.83103322982788,100,1809.170788526535,18.418853759765625,-15.420684499013682,-0.005253113
0.018001079559326172,17.911001443862915,3.1528572846740874,1020000,3.029679775238037,-46.35697385436263,-53.836895277399314,0.23999786376953125,100,-38.71901078941212,0.0017762451,14.613892078399658,101,1827.3527898788452,18.170000553131104,-15.06045599806857,-0.00082553714
0.02099895477294922,17.249983549118042,2.838446942284395,1030000,2.999786138534546,-47.28887594006514,-53.41470775730273,0.24500226974487305,100,-40.279364605808475,0.0051134275,13.972245693206787,102,1844.8847696781158,17.51897931098938,-15.517026663328085,0.0020943421
0.018999099731445312,18.477152585983276,3.020446053926142,1040000,3.162191867828369,-46.83179549158214,-52.89312973562343,0.24799895286560059,100,-37.74101720829849,0.0060718902,15.03817892074585,103,1863.642920255661,18.746151447296143,-15.275535525592026,0.0055055665
0.02200150489807129,18.02798080444336,3.305965480882955,1050000,3.0257368087768555,-47.513241992023666,-53.6280336993393,0.24000000953674316,100,-39.26963084654286,-0.020632947,14.664523601531982,104,1881.9459025859833,18.289982318878174,-15.600503372000713,-0.025094079
0.01896834373474121,17.770743370056152,3.273846022522866,1060000,3.0200531482696533,-47.20820263617227,-53.23001905085988,0.2409987449645996,100,-38.974080676467494,-0.006973892,14.479290962219238,105,1899.990611076355,18.03170943260193,-15.472684026643948,-0.012341643
0.01896381378173828,17.66336703300476,3.2989959049766853,1070000,3.130814552307129,-46.91118179240814,-53.915917141890716,0.24299979209899902,100,-38.55347262311473,0.012369287,14.271597623825073,106,1917.9289419651031,17.925330638885498,-15.350531813787422,0.0115202395
0.02497410774230957,17.223005771636963,2.983527209876488,1080000,3.0515074729919434,-47.22660363649288,-52.86248436253593,0.2500007152557373,100,-38.646811024076044,-0.026146954,13.904224395751953,107,1935.4409222602844,17.49898099899292,-15.499134847924454,-0.029041614
0.02299952507019043,17.237982749938965,3.0368127194628856,1090000,3.01084303855896,-47.38597367370707,-53.430684515072876,0.26000165939331055,100,-40.33761276497423,-0.0048227785,13.962301969528198,108,1952.974904537201,17.520983934402466,-15.573191524687429,-0.008264637
0.02496790885925293,18.044764280319214,3.015143335100195,1100000,3.0635833740234375,-47.03921116377897,-52.130646358352635,0.24900078773498535,100,-39.35663956711792,0.005446454,14.712525367736816,109,1971.3086347579956,18.320732593536377,-15.373827133418699,0.003201288
0.025000572204589844,17.946155786514282,2.7138193655086496,1110000,3.1346147060394287,-46.9499904301799,-53.8362328576843,0.24999713897705078,100,-38.206959314363466,0.01591288,14.534509658813477,110,1989.545790195465,18.224154710769653,-15.343712540628298,0.013675171
0.01799917221069336,17.881421089172363,2.971568842634587,1120000,3.0293710231781006,-47.0710432480213,-53.35222900744826,0.2499988079071045,100,-39.495930412273054,-0.014167859,14.591400384902954,111,2007.7091772556305,18.150388717651367,-15.410503603245079,-0.015492029
0.02297520637512207,17.83373522758484,3.3808597894928787,1130000,3.0431511402130127,-46.691184839275884,-53.96207087338492,0.2540013790130615,100,-38.69903549720468,-0.02308128,14.533092498779297,112,2025.8318898677826,18.110711812973022,-15.21636824551084,-0.024028568
0.022999286651611328,17.20298433303833,2.852647294234279,1140000,2.9770889282226562,-47.05535096586627,-53.870666863657895,0.24899888038635254,100,-39.06334260125388,0.024922198,13.950240850448608,113,2043.3198716640472,17.474982500076294,-15.398734487601319,0.021801699
0.023967504501342773,17.227014780044556,2.933355788519436,1150000,3.038485527038574,-47.22600809581127,-55.46331294423087,0.27900075912475586,100,-38.94109442998528,0.013005826,13.900973081588745,114,2060.862854719162,17.529983043670654,-15.477154951109704,0.009849553
0.018999338150024414,17.81277322769165,3.210486605031877,1160000,3.024341583251953,-46.79526686475236,-52.930309042552764,0.2799980640411377,100,-39.09771249524696,0.007999652,14.46531629562378,115,2078.9886260032654,18.113771200180054,-15.273593207963792,0.007299463
0.024995088577270508,17.25998568534851,3.1221594517209423,1170000,2.9562063217163086,-46.64504977978335,-53.34898463809081,0.253997802734375,100,-39.402769306753946,0.012113046,14.03164553642273,116,2096.5416078567505,17.540981769561768,-15.216982705122087,0.008216196
0.021976947784423828,17.709829330444336,3.235361124239346,1180000,3.0250754356384277,-47.03655848264516,-54.56110890419575,0.25299668312072754,100,-37.60109919486072,0.010347357,14.431521654129028,117,2114.5394039154053,17.98579692840576,-15.395687309916,0.010572907
0.01999521255493164,17.39098334312439,3.619372756695318,1190000,2.998443841934204,-47.041483625547606,-53.59362503801793,0.2570013999938965,100,-38.9866670895596,0.0030734618,14.101911783218384,118,2132.2203867435455,17.66898250579834,-15.392158617744194,-0.0049112793
0.023973703384399414,17.348060131072998,3.031713505902926,1200000,2.9959638118743896,-46.647511060864964,-52.96464821046853,0.26800036430358887,100,-38.301983144985215,0.0062172,14.07803463935852,119,2149.8724205493927,17.640034198760986,-15.195351428694348,0.0030942506
0.018970251083374023,17.315013885498047,2.663684891013203,1210000,3.0610029697418213,-47.12701386537865,-54.50919003411228,0.25300049781799316,100,-38.072018899059486,-0.0142214475,13.96884536743164,120,2167.4714052677155,17.586984634399414,-15.443159184310915,-0.014002307
0.02598428726196289,18.106586456298828,3.2205567433689417,1220000,3.126132011413574,-46.885216614400804,-54.282709419855294,0.2539992332458496,100,-38.57061219139701,0.007292261,14.712619066238403,121,2185.870974779129,18.38656997680664,-15.32043549744496,0.0063286745
0.018969058990478516,17.59759759902954,2.7696827727475783,1230000,3.085942029953003,-46.8835269923779,-53.60804194210619,0.25499844551086426,100,-39.73172605211126,0.0076656737,14.24771499633789,122,2203.7555401325226,17.871565103530884,-15.308957104448858,0.006285449
0.01800084114074707,17.90689754486084,2.795988863042327,1240000,3.057295322418213,-46.69230816508263,-54.323974493278165,0.25700902938842773,100,-40.047919608485145,-0.0012208496,14.583720922470093,123,2221.952418088913,18.184876680374146,-15.236609786859779,-0.0038361328
0.01796436309814453,18.2640163898468,2.7810547252145867,1250000,3.119077682495117,-46.65729596872945,-52.09147435875602,0.2610001564025879,100,-39.067279885927476,0.009548084,14.867413520812988,124,2240.5083882808685,18.54398202896118,-15.211394592914221,0.0074142213
0.025998830795288086,17.275983333587646,3.4124871777185897,1260000,2.951630115509033,-46.848484916501505,-53.61784006347074,0.2570013999938965,100,-37.66983751118079,0.0058237915,14.044968605041504,125,2258.0803713798523,17.55898356437683,-15.299905252017982,-0.006408905
0.02099919319152832,17.31498432159424,2.890077030247814,1270000,3.004762649536133,-46.851985546139275,-54.07861886082116,0.2609994411468506,100,-38.4879009549462,-0.018505506,14.006373405456543,126,2275.689352750778,17.596982955932617,-15.297994688656411,-0.026297143
0.020961284637451172,18.017897367477417,3.260935520697263,1280000,3.0241894721984863,-47.008680527014874,-53.22226243508631,0.2609996795654297,100,-39.80451484771782,-0.020111157,14.725343465805054,127,2294.0642096996307,18.299858331680298,-15.366726116035474,-0.026235241
0.018998384475708008,17.369983434677124,3.103278574650183,1290000,3.021671772003174,-46.605488151388855,-54.06259523593263,0.25699949264526367,100,-38.07682315460652,-0.004869922,14.07239580154419,128,2311.7231912612915,17.645981311798096,-15.18211832814685,-0.008532569
0.024998903274536133,18.07301902770996,3.292716266875481,1300000,3.080432415008545,-46.81285123177339,-53.444445960397644,0.2519843578338623,100,-38.90458770547025,0.006465332,14.727534770965576,129,2330.0862090587616,18.351016759872437,-15.272808330149937,-0.0016390625
0.019968271255493164,17.404574394226074,3.432028743390759,1310000,2.963949203491211,-46.6567520949203,-53.03879535178034,0.2589991092681885,100,-38.74042602958149,-0.026401836,14.174988508224487,130,2347.782752752304,17.683541774749756,-15.203875069446543,-0.032750525
0.019963979721069336,18.0577335357666,2.974660222682528,1320000,3.105832815170288,-47.05381717940735,-53.110944894216736,0.25699877738952637,100,-38.7164807992608,-0.010064295,14.681106805801392,131,2366.1304502487183,18.335697174072266,-15.39564452619139,-0.009501422
0.024999141693115234,17.380983352661133,3.015787252801367,1330000,3.0499625205993652,-46.91440832276978,-53.725322904800315,0.2570009231567383,100,-38.59379784710261,0.0048525576,14.077835083007812,132,2383.807433128357,17.66498303413391,-15.325930304639986,-0.00022122802
0.020996570587158203,17.891616582870483,2.702405545466785,1340000,3.0546202659606934,-47.087368722115336,-53.54436532342723,0.26000046730041504,100,-39.64033437683184,-0.0037983397,14.604564905166626,133,2401.99404668808,18.173613786697388,-15.40519056491081,-0.004778125
0.02399730682373047,17.919984340667725,3.1478300307465656,1350000,3.0795888900756836,-46.53769356948734,-54.66134534905273,0.26400160789489746,100,-39.22699939068785,0.009560693,14.561115980148315,134,2420.2140300273895,18.207983255386353,-15.128862663639632,0.006923291
0.023001432418823242,18.217090368270874,3.1004063327418154,1360000,3.145533561706543,-47.15035165435879,-54.486905075382154,0.2559986114501953,100,-39.25299666455923,0.0045647947,14.806548833847046,135,2438.7231209278107,18.496090412139893,-15.451664110906707,0.0038446046
0.018999576568603516,17.348984718322754,2.974261582391738,1370000,2.920570135116577,-47.13465034200867,-53.2557503930455,0.2579987049102783,100,-39.846882633116174,0.008384583,14.145458221435547,136,2456.3631031513214,17.62698245048523,-15.437794379211976,0.006703958
0.02699899673461914,17.54089665412903,3.09684275836632,1380000,3.0482935905456543,-47.16609894037976,-55.31092274173287,0.2540013790130615,100,-38.867678693150545,-0.028641608,14.188581705093384,137,2474.1979994773865,17.822898864746094,-15.447900512213037,-0.029563397
0.024995088577270508,17.51198649406433,3.206002606401329,1390000,3.0645458698272705,-46.77718789831196,-53.690732823730904,0.26199889183044434,100,-38.690711835497744,-0.007829566,14.191195011138916,138,2492.0109798908234,17.79997992515564,-15.258966556341479,-0.019097291
0.02200174331665039,17.9918954372406,2.939461860379956,1400000,3.0245773792266846,-47.3266422217019,-53.61248274170039,0.2629995346069336,100,-39.12646620366907,0.015737988,14.679122686386108,139,2510.3008766174316,18.276896715164185,-15.540855038018515,0.006536014
0.022997617721557617,17.343982934951782,2.983086907485256,1410000,2.884334087371826,-46.71543973615323,-52.86991771529674,0.2550051212310791,100,-39.63101543833564,-0.019632373,14.196720361709595,140,2527.935861825943,17.62198567390442,-15.203835286620881,-0.018554296
0.019997596740722656,17.319982528686523,3.0654518828773165,1420000,2.9396371841430664,-47.04508043370755,-53.43335362096259,0.2690012454986572,100,-38.973705132865135,0.0047423346,14.116403818130493,141,2545.5588397979736,17.609980583190918,-15.40180443292008,0.004070063
0.017968416213989258,17.80388116836548,3.3164808475182346,1430000,3.033640146255493,-46.802962611618014,-53.34202004822502,0.2630014419555664,100,-38.56785316601616,0.03193395,14.516643762588501,142,2563.6566915512085,18.084851026535034,-15.298513639945375,0.027620953
0.021998167037963867,17.45898199081421,3.5165993265482722,1440000,3.0756301879882812,-47.01224925999498,-54.499818879917235,0.2550015449523926,100,-38.83366680268826,0.0077937376,14.130347490310669,143,2581.4046728610992,17.735981702804565,-15.377220198286558,0.0056498293
0.018970966339111328,17.48301362991333,2.9062730450904457,1450000,3.083141565322876,-46.90248640903742,-53.672998685264794,0.2579972743988037,100,-39.4937046035772,-0.0039633545,14.13110613822937,144,2599.1796543598175,17.76198148727417,-15.35075932201804,-0.0046470887
0.018968820571899414,18.07388162612915,2.9962864996248766,1460000,3.031486988067627,-46.76944138939203,-52.77959504805586,0.2559983730316162,100,-39.757773256662844,-0.006824834,14.770236253738403,145,2617.542505264282,18.349849939346313,-15.265226579082267,-0.008794479
0.02500009536743164,18.164528369903564,3.1077416375458156,1470000,3.090428113937378,-47.071640145328004,-52.68857374014815,0.26799941062927246,100,-40.115221504591645,-0.026546424,14.808785438537598,146,2636.0120329856873,18.45752787590027,-15.4054925659656,-0.027328528
0.02699899673461914,18.11879801750183,2.740402971834622,1480000,3.084599494934082,-46.64074997049637,-52.56276890108235,0.25300097465515137,100,-39.73392510113769,-0.021129992,14.78287959098816,147,2654.422827243805,18.3987979888916,-15.21180357391749,-0.022966309
0.02499675750732422,17.626982927322388,3.319337801443166,1490000,2.988842010498047,-46.97292726343062,-53.67323987868145,0.2540004253387451,100,-39.01505659983431,0.019609295,14.323804378509521,148,2672.3438081741333,17.90798258781433,-15.366672111397381,0.008312494
0.0189974308013916,17.99631953239441,2.710473084400897,1500000,3.07281494140625,-46.97388673294614,-53.33593979756725,0.25500011444091797,100,-39.53067329518601,-0.0005184448,14.658438444137573,149,2690.6271250247955,18.27031707763672,-15.374126968883694,0.00062231446
0.025000572204589844,17.433013916015625,3.6391661101708017,1510000,3.0370121002197266,-46.99355712508963,-54.983552585545944,0.2579681873321533,100,-37.311128593955196,0.014055377,14.126063108444214,150,2708.356107234955,17.715982675552368,-15.381660825668039,0.011975244
0.04699850082397461,17.25898504257202,3.2839016749726744,1520000,2.984049081802368,-47.04663717905085,-53.281652789402514,0.3189976215362549,100,-38.19404735691442,0.0014103965,14.016433477401733,151,2725.9930896759033,17.62498116493225,-15.395119907781343,-0.0011597557
0.02596569061279297,18.03081178665161,3.191302331894963,1530000,3.1078035831451416,-47.652851622832074,-54.43617937179963,0.36699986457824707,100,-39.24390689339266,-0.0012491699,14.672164916992188,152,2744.428866624832,18.42377734184265,-15.696106323520867,-0.0060082152
0.017999649047851562,18.055978059768677,2.970631999074712,1540000,3.0440337657928467,-47.106019589171375,-54.465925465030224,0.25500059127807617,100,-39.115744064426714,0.02199292,14.742285251617432,153,2762.7798476219177,18.330979108810425,-15.424770606648282,0.016863208
0.019030094146728516,18.018983602523804,2.8949946590532027,1550000,3.109050750732422,-47.26153656061774,-53.40259188970942,0.25096750259399414,100,-37.95888364226765,-0.0029315369,14.635881900787354,154,2781.0818264484406,18.288981199264526,-15.4927082374434,-0.008667505
0.024999618530273438,18.236870288848877,2.745951572558997,1560000,3.0500235557556152,-47.62005557157808,-53.0202053705798,0.2589993476867676,100,-40.10355039645902,0.022978064,14.9205482006073,155,2799.6156969070435,18.521868228912354,-15.683832262307199,0.021311063
0.020998477935791016,18.42192530632019,3.201449543403807,1570000,3.1033425331115723,-46.21430973012882,-53.613699445078055,0.2539999485015869,100,-39.186560700335356,-0.015016427,15.048497438430786,156,2818.3266220092773,18.697925090789795,-14.991798261865744,-0.018526068
0.018000125885009766,18.073620557785034,3.1442827316685236,1580000,3.0876054763793945,-47.024871609212575,-54.03810271482602,0.2589998245239258,100,-39.92620768861575,-0.019078014,14.7351815700531,157,2836.6912410259247,18.351620197296143,-15.38011920867609,-0.02332351
0.020965099334716797,18.251262664794922,2.8693910996652456,1590000,3.0715644359588623,-47.37509507086126,-53.251503456233074,0.2760004997253418,100,-40.41712683861609,-0.008030511,14.867422819137573,158,2855.252470254898,18.54922890663147,-15.543985038845841,-0.0077768005
0.01896953582763672,18.006933212280273,3.25766678480181,1600000,3.10162353515625,-46.86494854673381,-52.9586502358622,0.2559988498687744,100,-39.557789852989224,-0.00079019775,14.626926183700562,159,2873.546369791031,18.281901597976685,-15.30074913516774,-0.0018757142
0.017999887466430664,18.126863956451416,3.3676293741817633,1610000,3.0891079902648926,-46.76543271346719,-53.78129348476731,0.2689976692199707,100,-38.38685673674529,0.008594726,14.755159854888916,160,2891.973230600357,18.41486167907715,-15.261445438596946,0.0030682618
0.019999027252197266,17.49201774597168,3.4896186857698885,1620000,2.933561086654663,-46.6920850632929,-54.40589794668133,0.2610135078430176,100,-38.705099036828656,-0.012514575,14.29575777053833,161,2909.759229183197,17.77399969100952,-15.205943062730404,-0.012171057
0.025998592376708984,17.36198592185974,2.88296250232624,1630000,2.9913623332977295,-46.99179359470698,-53.16375441065288,0.259000301361084,100,-39.827365624855936,0.005162053,14.10709023475647,162,2927.4191970825195,17.646984815597534,-15.356855716672037,0.0039925505
0.018000125885009766,17.2739839553833,2.9025597956676483,1640000,2.9641306400299072,-46.60524634551514,-52.948649592051915,0.25099778175354004,100,-39.397255337078754,-0.0030487976,14.059305667877197,163,2944.977177619934,17.544980764389038,-15.181399801475179,-0.0069382996
0.018964529037475586,18.11770510673523,2.955016846397612,1650000,3.081841230392456,-47.16350380070812,-53.32623396738283,0.25899791717529297,100,-39.34707830051463,0.0016046448,14.773530960083008,164,2963.3858466148376,18.395667552947998,-15.470288907143907,0.00066379854
0.022997617721557617,17.328981637954712,3.0122666547960004,1660000,2.932935953140259,-47.38000467777251,-53.02697184901966,0.26900243759155273,100,-39.62995562622924,0.013050244,14.12013053894043,165,2981.0208303928375,17.621981859207153,-15.55968838430361,0.009543311
0.022998332977294922,17.374982595443726,2.8808002057606514,1670000,2.880577802658081,-46.621535116218205,-53.26674094809132,0.2689993381500244,100,-39.0538602266395,-0.016416235,14.235145092010498,166,2998.701810836792,17.666980266571045,-15.192920659777114,-0.017577417
0.024976015090942383,18.346775770187378,2.8638056113600485,1680000,3.0971055030822754,-46.61484891853072,-52.37478128015197,0.2559995651245117,100,-38.85853110947101,0.022533985,14.96103048324585,167,3017.342562675476,18.628751277923584,-15.17869784947878,0.022117577
0.05399656295776367,17.516985416412354,3.3429009596368586,1690000,3.065922498703003,-47.371243983141376,-54.751319055465004,0.317000150680542,100,-39.51738549622048,-0.016054682,14.198724508285522,168,3035.245545864105,17.8899827003479,-15.551305676917147,-0.020386284
0.02299785614013672,17.744983434677124,2.9105352045383563,1700000,3.04494047164917,-47.20339521539681,-53.97689317738311,0.2589995861053467,100,-39.52811813977367,-0.01913413,14.387539625167847,169,3053.288524866104,18.029980182647705,-15.477746869646271,-0.021112537
0.024969100952148438,17.607013702392578,3.2299661691144266,1710000,3.1006109714508057,-46.18350471837984,-53.547093180745065,0.26599955558776855,100,-38.1623949985465,-0.0073539796,14.247044086456299,170,3071.1995089054108,17.89898180961609,-14.956273156437733,-0.0071605467
0.019967079162597656,17.589015007019043,2.6764693701925224,1720000,3.1059885025024414,-47.12844186133474,-53.308836934868566,0.2570023536682129,100,-39.33733451788676,0.011174195,14.22981309890747,171,3089.0784919261932,17.866985321044922,-15.454284089591122,0.008667517
0.018967628479003906,17.63001537322998,3.1553891363529623,1730000,3.0777089595794678,-46.95465009016714,-54.30525271585485,0.259000301361084,100,-39.02088720722904,0.007438736,14.263978242874146,172,3106.9984719753265,17.90798330307007,-15.343468575285728,0.0030375978
0.01796722412109375,18.148287057876587,3.4502434033583307,1740000,3.109675645828247,-46.74768899340798,-53.506220413946124,0.25899815559387207,100,-38.67141414384719,-0.004664868,14.758278846740723,173,3125.43772482872,18.426252126693726,-15.266218496173874,-0.010822559
0.02499985694885254,17.41498351097107,2.7161796109340033,1750000,3.0824475288391113,-47.40497815589272,-52.405911164360816,0.25499749183654785,100,-38.99761523500528,0.0043971925,14.047491312026978,174,3143.1457059383392,17.69498085975647,-15.583358461108192,0.0026266724
0.026973247528076172,18.017009735107422,3.325616655240634,1760000,3.096036672592163,-46.10931765412261,-52.45438066407593,0.2629983425140381,100,-38.4762693677361,-0.008179785,14.648921966552734,175,3161.4656891822815,18.306981325149536,-14.938454953170579,-0.011197095
0.020961999893188477,18.06372332572937,2.8145163700040237,1770000,3.0733420848846436,-47.150947362770395,-54.193412637256955,0.41899919509887695,100,-38.38732382447391,0.02621089,14.732892990112305,176,3179.982373714447,18.504685878753662,-15.443350800855592,0.022091687
0.019998788833618164,17.6179838180542,3.0801133556514433,1780000,2.9700613021850586,-46.543995758578205,-54.428060246768446,0.26400041580200195,100,-36.82063561989081,-0.00562749,14.366948127746582,177,3197.8973553180695,17.90198302268982,-15.158715353139888,-0.0075330078
0.02496790885925293,18.367894172668457,2.90105624014409,1790000,3.1480352878570557,-47.43312355391467,-53.492330526374786,0.27499961853027344,100,-39.264363105007384,0.011121936,14.94318175315857,178,3216.579214811325,18.668861389160156,-15.571969618373236,0.0074305483
0.02596426010131836,17.825079679489136,3.0939230969508014,1800000,3.0279791355133057,-46.9195189017504,-54.31625210018408,0.25400257110595703,100,-39.12947827036883,0.0029805603,14.53700304031372,179,3234.6972649097443,18.10604977607727,-15.335666842334017,0.0025587035
0.017968416213989258,17.570017099380493,2.834816639188613,1810000,2.9286692142486572,-47.043103901623006,-53.764265357113615,0.2559998035430908,100,-40.16485845902209,-0.009676105,14.319535970687866,180,3252.554248571396,17.843985319137573,-15.39335038019341,-0.016361883
0.026000261306762695,18.116397619247437,3.4050453525792554,1820000,3.0944294929504395,-46.568643281552184,-54.671586729278594,0.2579977512359619,100,-38.851350510700534,-0.0153102055,14.772548198699951,181,3270.9676425457,18.401395797729492,-15.158558582711605,-0.018195849
0.023976802825927734,17.486011266708374,3.2027240810621667,1830000,2.9641494750976562,-46.8807191994579,-53.02735014887367,0.24899864196777344,100,-39.41077786161815,0.009028743,14.251430988311768,182,3288.7406256198883,17.760984182357788,-15.316061711141005,0.004986304
0.02499675750732422,18.253201961517334,3.259708512894546,1840000,3.1033413410186768,-47.00949159098997,-53.299014878629535,0.2540004253387451,100,-38.84357222636825,-0.029572302,14.876841306686401,183,3307.28582406044,18.532199144363403,-15.383672309094942,-0.030165002
0.023999691009521484,17.321986198425293,3.3599103642800108,1850000,2.993610382080078,-47.01613996339919,-53.552830932103404,0.2569997310638428,100,-39.30478314048889,0.01445967,14.052433490753174,184,3324.9018094539642,17.602985620498657,-15.366905649493582,0.01117922
0.02500009536743164,18.384518146514893,3.1401022310978677,1860000,3.1275455951690674,-46.987178250528174,-53.36035266533153,0.2589986324310303,100,-38.85323620805429,-0.00268908,14.988731622695923,185,3343.5833270549774,18.668516874313354,-15.390254812510818,-0.0055015646
0.020974397659301758,17.597506284713745,2.9285581902161364,1870000,2.9641149044036865,-47.253781490652436,-53.61088526482056,0.2539989948272705,100,-39.211325814173875,-0.0134777585,14.371885776519775,186,3361.469804048538,17.87447714805603,-15.485929977126819,-0.01608003
0.02599787712097168,17.391987800598145,3.1327365418917466,1880000,3.094569444656372,-47.19363767587703,-55.68653286358949,0.256000280380249,100,-38.02763553338347,0.02757679,14.041277885437012,187,3379.1557896137238,17.673985958099365,-15.454338239252115,0.025173351
0.01999831199645996,18.073296546936035,2.911947962356916,1890000,3.09131121635437,-47.02929248101808,-53.53384885805464,0.2569999694824219,100,-39.6134767902465,0.012097602,14.7036292552948,188,3397.5190827846527,18.350294828414917,-15.38317875138239,0.0021064086
0.018969297409057617,18.114933490753174,2.8226196700293964,1900000,3.0636677742004395,-47.02315545159769,-53.28172001240071,0.25499844551086426,100,-39.336363902558645,0.004267322,14.791763067245483,189,3415.92298412323,18.390899181365967,-15.405074213382061,0.003013916
0.024005651473999023,17.451049089431763,2.715744210369751,1910000,2.9925878047943115,-47.27734201334546,-52.68692647565181,0.25496840476989746,100,-38.973555886278334,0.001498001,14.193058252334595,190,3433.6660063266754,17.731024026870728,-15.503502670830375,-0.00039245302
0.019001245498657227,18.21779465675354,3.2064719442055294,1920000,3.067143440246582,-46.087253290119314,-52.82282826638396,0.25899815559387207,100,-39.26735926092284,0.024244385,14.833829879760742,191,3452.1747999191284,18.49579405784607,-14.933753512392691,0.02026886
0.023967981338500977,17.65709900856018,2.805463585406656,1930000,3.0387115478515625,-47.0106322783921,-53.29887049915074,0.257000207901001,100,-38.786828238588846,-0.016349658,14.353105068206787,192,3470.124866962433,17.938067197799683,-15.391311710080677,-0.01845597
0.021997690200805664,17.74192500114441,3.368434497760447,1940000,3.1234090328216553,-47.419855017637474,-54.31327181565017,0.2590014934539795,100,-39.18996971423117,-0.02769779,14.34544563293457,193,3488.1617906093597,18.023924350738525,-15.572979713716508,-0.030679235
0.023001432418823242,18.113996982574463,2.90236451629193,1950000,3.07936954498291,-47.44233032562355,-54.211589059091885,0.2649965286254883,100,-40.012980215885165,0.0033914763,14.761220932006836,194,3506.576785802841,18.401994943618774,-15.584788716583418,0.0013819656
0.02597188949584961,17.427013874053955,3.175455376820724,1960000,3.0502021312713623,-46.97040984648889,-53.59084783460814,0.26099634170532227,100,-39.55776451113091,-0.019555189,14.11052393913269,195,3524.304770231247,17.71498417854309,-15.365347915536045,-0.020659875
0.029999971389770508,17.57353138923645,3.3860055980405708,1970000,3.037088394165039,-46.641995403941024,-54.61317871321409,0.30399632453918457,100,-39.04913077537609,0.012540351,14.241714239120483,196,3542.2252988815308,17.907527685165405,-15.204015904341208,0.009571121
0.01900029182434082,18.16074252128601,3.036689860607691,1980000,3.0353147983551025,-46.86087055168674,-52.814428977060295,0.266998291015625,100,-39.359824680560116,-0.036573537,14.862088680267334,197,3560.6860404014587,18.447739124298096,-15.311636127796072,-0.04009199
0.02199554443359375,17.599010229110718,3.4005587373277426,1990000,2.933227777481079,-47.330688873406345,-54.700076651003364,0.2819693088531494,100,-38.51596882228852,0.01979255,14.394214868545532,198,3578.6040155887604,17.90297508239746,-15.524695297784294,0.010842912
0.019031047821044922,17.70898699760437,3.0342079449392196,2000000,3.095203161239624,-46.95751532770043,-53.35483148202977,0.3229656219482422,100,-39.512757690126605,-0.012303101,14.35796308517456,199,3596.6679973602295,18.050983667373657,-15.36342601109013,-0.030416552
0.019997835159301758,17.429986000061035,3.157184484155857,2010000,2.9314825534820557,-47.0393394497272,-54.057502994638874,0.2560000419616699,100,-39.692251346070826,-0.003281604,14.22652268409729,200,3614.3869812488556,17.705983877182007,-15.388278181982077,-0.009256726
0.017968177795410156,18.20623469352722,2.9725753464014275,2020000,3.1117000579833984,-47.60025985705586,-54.0934096283807,0.2559990882873535,100,-38.73648140364073,-0.009936961,14.831501483917236,201,3632.8801832199097,18.480201959609985,-15.667933442649616,-0.01777611
0.018032550811767578,18.03691554069519,3.2105337621193843,2030000,3.1168301105499268,-46.75831655764574,-52.497190582826185,0.25696539878845215,100,-39.11340938190296,0.0049951905,14.622716903686523,202,3651.2040977478027,18.31191349029541,-15.255052990516763,-0.0004900757
0.02297186851501465,17.692015886306763,3.1217843725498287,2040000,3.0223336219787598,-46.683248628250496,-52.91828687896786,0.2539966106414795,100,-38.99292230181331,-0.013840869,14.384822130203247,203,3669.187082052231,17.96998429298401,-15.218679243566394,-0.020665564
0.01999831199645996,17.519986629486084,3.1174951285557166,2050000,3.1026618480682373,-47.279777191907584,-53.68366074034031,0.26200056076049805,100,-39.1449584927577,-0.009009574,14.143200159072876,204,3687.0020666122437,17.801985502243042,-15.515643780796236,-0.011723303
0.026000499725341797,18.24414038658142,3.101402385755316,2060000,3.095615863800049,-46.54586584246903,-53.410541405294644,0.2909996509552002,100,-38.44511150672853,-0.0015301269,14.862116575241089,205,3705.575206041336,18.561140537261963,-15.15192243469572,-0.0066578123
0.02399730682373047,18.20574140548706,3.0444245167784607,2070000,3.1200807094573975,-47.01186687440852,-53.23426240345927,0.2729980945587158,100,-38.99058184147306,0.006619702,14.819226026535034,206,3724.0909430980682,18.50373888015747,-15.384933483106256,0.0060869874
0.0260012149810791,17.495984077453613,2.9090753605308626,2080000,2.9389455318450928,-46.80810241254798,-53.329548640679384,0.2969973087310791,100,-39.26977380307319,-0.002199182,14.275526285171509,207,3741.922927379608,17.819985151290894,-15.273690813153054,-0.006497937
0.025974273681640625,18.091008186340332,2.956494664648752,2090000,3.082219123840332,-47.046675465707516,-53.23972163653676,0.2700037956237793,100,-38.668324569488995,0.009028808,14.738363027572632,208,3760.3239133358,18.387985706329346,-15.397728392088936,0.0039717164
0.02596902847290039,18.106676816940308,2.9585972938096403,2100000,3.110964059829712,-46.65931896931852,-53.900680437410465,0.2870008945465088,100,-40.03791920764898,-0.00012955323,14.709062576293945,209,3778.7575583457947,18.421648025512695,-15.196476395675145,-0.006053186
0.018999099731445312,17.65098524093628,3.0608454320045153,2110000,2.9905731678009033,-46.946365018918506,-53.50483880793809,0.29399991035461426,100,-39.022462598900255,-0.009237287,14.39640736579895,210,3796.735540866852,17.96398425102234,-15.380346218462453,-0.012346106
0.01896524429321289,18.417673349380493,3.0848614155226195,2120000,3.221446990966797,-47.051206513752774,-52.89070675441443,0.2599959373474121,100,-38.75800018423552,-0.00031157228,14.914742231369019,211,3815.4471774101257,18.69763684272766,-15.384506934975928,-0.004791272
0.018034696578979492,17.65568780899048,3.162576648190635,2130000,2.9813456535339355,-46.52467930242419,-53.5394729182532,0.25396060943603516,100,-39.1769382432424,0.0046313293,14.413033485412598,212,3833.3878614902496,17.927683115005493,-15.148354775257603,0.005690137
0.01996755599975586,17.499879837036133,2.901544550047429,2140000,3.006260633468628,-46.64345379703438,-54.75574809963646,0.2650008201599121,100,-39.089981521194105,0.007762671,14.172996044158936,213,3851.184710264206,17.7848482131958,-15.18217506357126,-0.0010488281
0.019002914428710938,18.11794662475586,3.0769632796727016,2150000,3.085850954055786,-46.74415530679009,-54.035472803877,0.2619965076446533,100,-39.14524598675393,0.024755348,14.750023603439331,214,3869.598653078079,18.400943994522095,-15.24052356802335,-0.0006171997
0.019995927810668945,17.51890254020691,3.2267981488015725,2160000,2.968425989151001,-46.986608925053226,-53.32323092548114,0.26000046730041504,100,-39.00113069946292,0.016647285,14.284444808959961,215,3887.4115529060364,17.799898624420166,-15.375060587365072,0.0013823913
0.024997711181640625,17.972795963287354,3.2239861797438483,2170000,3.0886759757995605,-46.960704342367535,-53.87542159508743,0.37000274658203125,100,-38.202899985434144,-0.0005044189,14.634098291397095,216,3905.7923493385315,18.367796421051025,-15.366256551742035,0.0008816894
0.018997669219970703,17.592987775802612,2.3944250941988767,2180000,3.0345635414123535,-47.2987940395968,-52.291723747241875,0.2609989643096924,100,-39.67748782112599,-0.0013497864,14.279459476470947,217,3923.6793310642242,17.873984336853027,-15.508910035790082,-0.0028126831
0.020969629287719727,18.148181438446045,3.1661238436609067,2190000,3.0365583896636963,-47.32079753198766,-54.91205814685028,0.2589988708496094,100,-39.472011436959036,-0.020724725,14.845184087753296,218,3942.1204812526703,18.428149938583374,-15.528854066416631,-0.026894141
0.021029949188232422,18.109033823013306,3.2584139942102586,2200000,3.0725836753845215,-48.06053360118339,-54.15439306175887,0.25496745109558105,100,-37.34710572590845,-0.0017246337,14.790012836456299,219,3960.5175120830536,18.38503122329712,-15.871679532661998,-0.002697583
0.018964052200317383,18.103793382644653,2.8992676782434903,2210000,2.999324321746826,-47.69468060347644,-53.83551234809106,0.25699806213378906,100,-38.62599431915287,-0.013545407,14.808559894561768,220,3978.9102675914764,18.380755186080933,-15.709471253384585,-0.021055125
0.02499985694885254,17.438984394073486,2.859071997899249,2220000,2.949772357940674,-47.39746344121851,-54.583051478690166,0.25500035285949707,100,-39.36009357348728,0.00018771972,14.230481624603271,221,3996.644252061844,17.720983743667603,-15.562312031917367,-0.00085058593
0.018968582153320312,17.490286350250244,3.059568772744676,2230000,3.0678870677948,-46.2695484646174,-52.70074093404029,0.257997989654541,100,-39.37701639986914,-0.01826609,14.151319742202759,222,4014.424502849579,17.767252922058105,-15.009354913152112,-0.02209912
0.01899886131286621,17.475985527038574,3.0241844518552203,2240000,3.065310001373291,-46.756790214621475,-54.224642298210185,0.2519979476928711,100,-39.2249346806563,0.007598938,14.141538619995117,223,4032.1834869384766,17.74698233604431,-15.236876460267716,0.0010446899
0.019999027252197266,18.165194511413574,2.854241219959781,2250000,3.1047446727752686,-47.091756522509925,-53.799937885122034,0.25800108909606934,100,-39.55956136221619,-0.001070462,14.75191354751587,224,4050.638682126999,18.44319462776184,-15.414269059505003,-0.0012186493
0.020000219345092773,17.425984382629395,2.73279683767016,2260000,3.0705578327178955,-46.297123384311035,-52.068037524223534,0.2570013999938965,100,-39.31624665853709,0.025426434,14.074458360671997,225,4068.3546664714813,17.702986001968384,-15.022841133057494,0.024564477
0.023999691009521484,17.458985805511475,3.123067975327255,2270000,3.0052378177642822,-46.62413193192988,-54.57567037178424,0.2579989433288574,100,-39.021699005467426,-0.0055002808,14.18381118774414,226,4086.1106486320496,17.7429838180542,-15.188796350449051,-0.013483618
0.024001598358154297,17.928637742996216,2.9151121220450835,2280000,2.9852468967437744,-47.16105533065299,-53.16413703727429,0.25499653816223145,100,-38.99473286491869,0.0191854,14.669360160827637,227,4104.3312866687775,18.2076358795166,-15.451477352930747,0.008837073
0.019001245498657227,18.038098573684692,3.2646556176991495,2290000,3.1097795963287354,-47.269110027591935,-53.41736251098999,0.25699663162231445,100,-38.569465445004035,0.010460058,14.648944854736328,228,4122.6593561172485,18.31506657600403,-15.500314153105826,0.0074854493
0.02500152587890625,17.8179874420166,2.8692187384713113,2300000,3.0986454486846924,-47.539174444196824,-53.13304905367326,0.25699901580810547,100,-39.37501738738878,0.031297248,14.430649518966675,229,4140.772342443466,18.10098695755005,-15.641496472918949,0.011922339
0.019030094146728516,17.495984077453613,2.836882886747611,2310000,3.139716386795044,-47.25402087495738,-53.45828991352223,0.25899767875671387,100,-38.818855384431096,-0.001204779,14.08928656578064,230,4158.562325000763,17.776983499526978,-15.465925132120473,-0.009438379
0.02399611473083496,18.100987195968628,3.0358423637462453,2320000,3.08852219581604,-47.09317083632212,-52.94843443357958,0.30500197410583496,100,-39.36766135142077,-0.017515302,14.715765476226807,231,4177.005309581757,18.429985284805298,-15.43085750413501,-0.031635124
0.023958444595336914,17.609027862548828,2.9242040820499016,2330000,3.1198513507843018,-46.91512072500954,-52.95022324186699,0.25699853897094727,100,-39.86396557223203,0.017083108,14.204335451126099,232,4194.90829205513,17.889984846115112,-15.330757851970954,0.0024356567
0.021956682205200195,18.0000262260437,3.06153949081078,2340000,3.0969467163085938,-46.69863686549082,-53.365513139535686,0.26400065422058105,100,-39.54907880535828,-0.0020635682,14.630868673324585,233,4213.207274913788,18.285983562469482,-15.247592481224284,-0.009275317
0.021000146865844727,18.198266983032227,2.8513638319178196,2350000,3.1449358463287354,-46.439649951675975,-52.874007050911075,0.25300168991088867,100,-38.40359274928009,0.043055627,14.80104660987854,234,4231.693544149399,18.474269151687622,-15.099394233152095,0.028323315
0.018998384475708008,18.065927028656006,3.1026953075901567,2360000,3.0911967754364014,-46.93191477957967,-53.579894793141975,0.2689998149871826,100,-39.51322776002874,-0.0021283936,14.669420957565308,235,4250.061468839645,18.35492730140686,-15.353161403062673,0.00041518555
0.02399897575378418,17.558984756469727,3.3466688796315327,2370000,3.0819640159606934,-46.839383182836,-53.35615178280328,0.28600215911865234,100,-39.86016495602769,-0.0033359863,14.194989919662476,236,4267.944453954697,17.869985342025757,-15.267698152108347,-0.0058423094
0.024968385696411133,18.221901178359985,2.6109187867724737,2380000,3.1068456172943115,-46.90623682608082,-53.27144823461825,0.2570004463195801,100,-39.94960009707204,0.014736395,14.846306562423706,237,4286.462323665619,18.504870414733887,-15.34686170418752,0.009686261
0.025968074798583984,18.19447922706604,2.7274472315153955,2390000,3.124582290649414,-46.99580972405651,-52.6806233880778,0.2729983329772949,100,-39.40643550320161,-0.002657373,14.787546396255493,238,4305.009770870209,18.494447946548462,-15.365379856017238,-0.0059948484
0.01795792579650879,17.994540214538574,3.2761000209145132,2400000,3.0700299739837646,-46.968934817051476,-53.860861685976445,0.27900028228759766,100,-38.60988835360533,0.012405212,14.665167331695557,239,4323.313269853592,18.29149842262268,-15.3425425155041,0.002094629
0.01800084114074707,18.40447735786438,3.0667665926473204,2410000,3.1367380619049072,-46.93180531273093,-53.43864375087663,0.30700039863586426,100,-39.01765551801843,0.008593219,15.00248384475708,240,4342.05574798584,18.72947859764099,-15.335690648166372,-0.0022659241
0.01999974250793457,17.664984226226807,2.900475179830353,2420000,2.963716745376587,-47.11573278833174,-52.93124760804094,0.2539987564086914,100,-39.43795475080969,0.011886835,14.445316076278687,241,4360.008729696274,17.938982725143433,-15.42940349991769,0.0043034544
0.024968624114990234,18.082478046417236,3.0708194845915053,2430000,3.0967845916748047,-46.36163610074798,-54.14992717198552,0.2590014934539795,100,-38.52199116334628,0.0031949584,14.716080904006958,242,4378.388176679611,18.367448091506958,-15.066900103555488,-0.002004779
0.023962020874023438,17.578023672103882,3.0695642238202687,2440000,3.1191511154174805,-46.547800490664514,-52.81998591588426,0.9709985256195068,100,-39.10449932126278,-0.0015306381,14.192413330078125,243,4396.974159240723,18.572984218597412,-15.15950260063653,-0.004148764
0.024999618530273438,18.30535864830017,3.298951614399466,2450000,3.151364326477051,-46.92640130206577,-52.99077267222306,0.2590000629425049,100,-38.573111866762225,0.0013262696,14.878763437271118,244,4415.578516960144,18.58935832977295,-15.321963972673778,-0.0057557006
0.02099609375,18.214452743530273,3.2379338703735723,2460000,3.0139501094818115,-47.13244770299273,-55.023922673332045,0.2650001049041748,100,-39.31054969453369,-0.024218993,14.910749197006226,245,4434.091966152191,18.50044894218445,-15.439224169197791,-0.027090939
0.0199737548828125,17.975476026535034,2.7299727818555173,2470000,3.1516056060791016,-47.0065692137204,-54.42602041802701,0.2519974708557129,100,-39.15293890679935,-0.01852345,14.460524320602417,246,4452.353414297104,18.24744725227356,-15.352690519327039,-0.019490674
0.02299642562866211,17.813401699066162,2.7682928577240693,2480000,3.187577962875366,-47.447743873055835,-53.76081718965099,0.26799988746643066,100,-38.92773937655524,0.0058672484,14.340785026550293,247,4470.470812320709,18.104398012161255,-15.583534059533669,-0.0013872925
0.027030467987060547,18.24576210975647,2.7180928163317337,2490000,3.125623941421509,-47.016014210357135,-53.214194539787286,0.257000207901001,100,-39.88722392192488,-0.00082993467,14.847765445709229,248,4489.01557469368,18.530760288238525,-15.360429673611263,-0.015530875
0.023029565811157227,17.504803895950317,2.970326565330945,2500000,2.99285888671875,-47.05590151065553,-55.232457795602336,0.25597095489501953,100,-38.15218958322253,-0.027842738,14.22495985031128,249,4506.812378883362,17.784803867340088,-15.399047989366977,-0.03781018
0.024000883102416992,17.316983222961426,2.902577185489884,2510000,2.9166831970214844,-46.94634933999328,-52.52304341344528,0.2650003433227539,100,-39.369612344570484,0.01599076,14.122403383255005,250,4524.431362628937,17.605984449386597,-15.35924130981291,0.017740313
0.023026466369628906,17.392796516418457,3.4923086271388444,2520000,2.964374303817749,-47.10076199048224,-53.22146915206502,0.2549705505371094,100,-39.41351233010754,-0.0027097657,14.169189929962158,251,4542.1161568164825,17.671794414520264,-15.43595764473276,-0.004788904
0.025000333786010742,18.495316743850708,3.2748721795061653,2530000,3.1847283840179443,-46.98069583755823,-54.20686602916081,0.2520003318786621,100,-39.192375691263685,-0.0038974732,15.051262140274048,252,4560.902471542358,18.773316383361816,-15.364163005144057,-0.0050549377
0.0619661808013916,17.834169149398804,3.4536675730072925,2540000,3.0067617893218994,-47.162344116627175,-54.28973361314104,1.5230023860931396,100,-39.13637497221844,-0.012683469,14.572094202041626,253,4580.334608078003,19.42013716697693,-15.427550975754752,-0.018810632
0.05899548530578613,17.878989458084106,3.3286802412849896,2550000,3.0687475204467773,-46.57336829328337,-53.38907337556423,2.382997512817383,100,-39.32241621098965,-0.018288648,14.547574758529663,254,4600.675588607788,20.324982404708862,-15.171905468339709,-0.024222657
0.22297048568725586,18.664146661758423,2.926130590918727,2560000,3.1274447441101074,-46.819769483655485,-54.89454854908719,0.8219976425170898,100,-38.889500521489126,0.006711429,15.194586992263794,255,4620.43675661087,19.711143255233765,-15.299571770925311,0.0034031768
0.027001380920410156,17.55198383331299,3.437650109609503,2570000,2.9808926582336426,-46.68400065317479,-53.87477654470603,0.2540013790130615,100,-37.57979491532266,0.0025203247,14.30981707572937,256,4638.283742189407,17.833983421325684,-15.212939333813509,-0.002649945
0.13702726364135742,18.89468741416931,3.5049078932448547,2580000,3.070835590362549,-47.09427882594745,-53.05843019721745,1.8069672584533691,100,-38.722078088845386,0.008627954,14.876457929611206,257,4659.136423110962,20.83968186378479,-15.414141317782928,0.0002144043
0.06300020217895508,17.93829345703125,2.899218613656329,2590000,3.030933380126953,-47.392110995358706,-53.32478857176708,1.777998924255371,100,-37.9734104872535,-0.004938325,14.64182710647583,258,4678.933715105057,19.781291246414185,-15.559088906874187,-0.015076616
0.06203055381774902,18.450214624404907,2.879160416956108,2600000,3.152019739151001,-46.66809703839559,-52.08647222138451,1.8009669780731201,100,-39.04849127244027,-0.011185962,15.013168096542358,259,4699.26392865181,20.314213275909424,-15.223829652528732,-0.018603405
0.027024030685424805,18.441951513290405,3.369258395514957,2610000,3.184657335281372,-47.55104186717699,-54.675584885711686,0.8199753761291504,100,-40.38083812335757,-0.0010973266,14.982935667037964,260,4718.570878505707,19.289950370788574,-15.63820007947076,-0.02836958
0.06400060653686523,17.800519227981567,3.145293656753083,2620000,3.1233949661254883,-47.56063186335483,-55.03828399492774,1.744997262954712,100,-38.71824513559319,-0.0127950255,14.407113313674927,261,4738.193395376205,19.610517024993896,-15.648553190390132,-0.018739797
0.06699705123901367,18.098912715911865,3.542282903239726,2630000,3.202397108078003,-46.64659531491663,-53.72726080091423,1.6940019130706787,100,-39.6201513663452,-0.025203954,14.619454860687256,262,4758.068305969238,19.859911680221558,-15.185010167630034,-0.034194365
0.07095623016357422,18.7165265083313,3.1861604839653763,2640000,3.222118854522705,-47.06246696295455,-54.642001806937316,1.6279990673065186,100,-40.11920011527388,0.005959009,15.193438529968262,263,4778.501827716827,20.41752338409424,-15.406624626029803,0.0041863527
0.06299567222595215,18.326988220214844,3.14193674156454,2650000,3.1936042308807373,-46.657466475995165,-53.31414091744226,1.553999662399292,100,-38.48295051646887,0.007660272,14.868872880935669,264,4798.461812257767,19.943983554840088,-15.20338898771739,-0.0018325683
0.06496596336364746,18.34101891517639,3.11857858398907,2660000,3.1534171104431152,-46.74726056216846,-53.93015606019791,1.5579981803894043,100,-38.22362487611729,0.0013235596,14.915757894515991,265,4818.4417951107025,19.963983058929443,-15.251156599753132,-0.0019183838
0.07299661636352539,18.107911348342896,3.32226648481157,2670000,3.1142914295196533,-46.711683723139814,-55.52026396461751,1.5009973049163818,100,-39.65774003399094,0.0073620607,14.702589750289917,266,4838.140702486038,19.68290662765503,-15.215491064014634,0.0049889036
0.0599973201751709,18.152396202087402,2.7701095320497724,2680000,3.201756238937378,-47.785660935000834,-54.27315938039028,1.612966775894165,100,-39.83875655201099,-0.02173977,14.660991907119751,267,4857.982064962387,19.82536029815674,-15.75030171687322,-0.025919605
0.13496613502502441,18.347127676010132,2.3151091106112727,2690000,3.0950677394866943,-46.84723880261347,-52.9924255039424,1.5129976272583008,100,-37.926297032201674,-0.003770166,14.920398712158203,268,4878.001158237457,19.998090267181396,-15.2980348691986,-0.009004034
0.13701629638671875,18.71227788925171,2.889402740864309,2700000,3.167039632797241,-46.5868537407027,-54.109021549636644,1.67899751663208,100,-38.89395176743767,0.0039041871,15.277318477630615,269,4898.55645442009,20.52929401397705,-15.179423768284106,-0.0033885865
0.08299827575683594,18.56779909133911,3.089414214733882,2710000,3.2152936458587646,-47.10169181008752,-54.343335622041295,1.7049996852874756,100,-39.7604371666681,-0.004142908,15.067600727081299,270,4918.9292504787445,20.356797218322754,-15.42547272770174,-0.010119073
0.06699800491333008,18.549588918685913,2.743909203081757,2720000,3.186967611312866,-46.88740274336306,-54.34795906243232,1.7159984111785889,100,-38.95586277969884,0.008000891,15.081737041473389,271,4939.279808282852,20.333559036254883,-15.304063681041855,0.008121899
0.02800154685974121,18.714422464370728,2.446011985112036,2730000,3.2215473651885986,-47.16779899887902,-52.81634245120525,0.25499916076660156,100,-39.90060358389462,-0.0059913695,15.218373775482178,272,4958.296230792999,18.999420166015625,-15.444661342569855,-0.013400513
0.022996902465820312,18.09598731994629,3.376584847993662,2740000,3.0827975273132324,-47.153100564548055,-53.92197330456254,0.26599907875061035,100,-38.59017986568339,0.009145947,14.740191459655762,273,4976.6942138671875,18.38598322868347,-15.448486950606096,0.006857257
0.023957014083862305,17.543986320495605,3.203374924748896,2750000,3.130544424057007,-47.33342310555672,-54.14738866134361,0.2550008296966553,100,-39.2485729985741,0.0016934716,14.152605533599854,274,4994.5342009067535,17.824986696243286,-15.52564840467654,-0.0013938843
0.020998001098632812,18.186985731124878,3.0219953374536277,2760000,3.0738391876220703,-47.220031758598914,-53.1128409653638,0.2569997310638428,100,-39.463667506281794,9.199829e-05,14.830140113830566,275,5013.011185407639,18.464983463287354,-15.483244736845574,-0.0011906188
0.025000810623168945,17.66998529434204,3.267203658880547,2770000,3.081346273422241,-47.08590036857906,-53.69326468667119,0.2539994716644287,100,-40.20766337813046,0.0155781,14.332676887512207,276,5030.973172426224,17.94898557662964,-15.406583349860899,0.009318665
0.026999711990356445,18.26074457168579,2.620333267677526,2780000,3.132455348968506,-46.56413370429525,-52.68191020249638,0.25500059127807617,100,-39.28034315575848,-0.011985241,14.89293360710144,277,5049.52991437912,18.543742418289185,-15.181322910383845,-0.011667215
0.025966405868530273,17.620020151138306,2.5115954581969175,2790000,3.096531629562378,-46.76032034801349,-53.46309996532105,0.2579989433288574,100,-38.915584371570446,-0.010757977,14.258424997329712,278,5067.447897434235,17.905982732772827,-15.248140336313735,-0.016332824
0.0189974308013916,18.429651260375977,2.92110917083272,2800000,3.1726322174072266,-47.03146693666394,-53.86150530442529,0.2570016384124756,100,-39.57695371299936,0.01944882,14.93910264968872,279,5086.16654920578,18.70664930343628,-15.394329632327938,0.020801138
0.021999597549438477,18.316776514053345,2.9952803849516125,2810000,3.1816186904907227,-47.426543392680706,-53.29302631381859,0.2559690475463867,100,-39.116914333635386,0.0046210205,14.84766936302185,280,5104.776293516159,18.596745014190674,-15.568909747321898,0.0015599304
0.022000789642333984,18.176953077316284,3.0856220976690736,2820000,3.1408164501190186,-47.33562509678862,-53.102902560358864,0.25500035285949707,100,-39.4371619023537,0.01605353,14.78192925453186,281,5123.243247509003,18.453954219818115,-15.524068682730078,0.011939094
0.01900005340576172,18.30508589744568,2.7657627777808966,2830000,3.1250011920928955,-46.981598030394515,-53.04213070641431,0.2539982795715332,100,-40.65990115479264,0.022560095,14.920655727386475,282,5141.834328889847,18.578084230422974,-15.362975101751907,0.011024292
0.025997638702392578,17.926899671554565,3.1162412465252958,2840000,3.0635435581207275,-47.514479838078344,-53.299931398513124,0.27500152587890625,100,-39.92974419180654,0.002113086,14.612146377563477,283,5160.075227022171,18.227898836135864,-15.620552520094716,0.0017728028
0.02399921417236328,17.599987506866455,3.2819819172575393,2850000,3.0526726245880127,-47.197162601166546,-53.803383752272914,0.256000280380249,100,-39.34207262786737,-0.011108994,14.268358707427979,284,5177.96821141243,17.879987001419067,-15.466833314370426,-0.015283627
0.018998146057128906,18.046987533569336,3.404013985328284,2860000,3.0549633502960205,-46.99075795092436,-53.64861912185705,0.2569999694824219,100,-39.14822535264612,0.010407745,14.729056119918823,285,5196.303196668625,18.322985649108887,-15.366862737184203,0.006060907
0.022002458572387695,18.17966914176941,2.941232914252075,2870000,3.030304193496704,-47.16108310981314,-53.286378882056,0.25499725341796875,100,-37.65285878401978,-0.0007708008,14.891104936599731,286,5214.772865772247,18.456668853759766,-15.456242463027174,-0.0051906737
0.024962663650512695,18.142168045043945,3.158740183617782,2880000,3.11716365814209,-46.78728744065808,-54.60456027372291,0.2560007572174072,100,-39.27585569950615,-0.014619806,14.754870653152466,287,5233.211008071899,18.42614221572876,-15.270711688359262,-0.01615835
0.021999835968017578,18.24900484085083,2.853339018217096,2890000,3.2031259536743164,-46.95492178613604,-52.61761524150829,0.2609992027282715,100,-39.274959505906395,-0.0043633883,14.803692817687988,288,5251.758011341095,18.535002946853638,-15.339842810258304,-0.013042663
0.02396678924560547,18.31842303276062,2.6737836501285424,2900000,3.138906478881836,-46.92257574271642,-53.32816375445347,0.2540006637573242,100,-39.2566594313788,0.009819113,14.895565032958984,289,5270.368400096893,18.598387956619263,-15.353105220272493,0.010536524
0.020000219345092773,18.230910301208496,3.2386189592247363,2910000,3.0511724948883057,-47.247490989763,-54.76406458389309,0.2669992446899414,100,-38.6315381363236,0.011252191,14.866577625274658,290,5288.898310661316,18.51790976524353,-15.504926527660857,-0.0034002105
0.022996902465820312,17.764286994934082,3.2842807180192333,2920000,3.0754477977752686,-46.64989924416773,-53.73335256331445,0.27300095558166504,100,-39.31034501980187,-0.0009780059,14.436429262161255,291,5306.97159576416,18.060284852981567,-15.197393792250054,-0.008937967
0.023972511291503906,18.48515033721924,3.0287280145274087,2930000,3.161904811859131,-47.23997269310794,-55.15552311959875,0.2559981346130371,100,-39.90448266506226,-0.017524365,15.067080736160278,292,5325.750714540482,18.76611876487732,-15.490646670104907,-0.029845044
0.018999576568603516,17.8737952709198,3.0811332114467582,2940000,3.1177632808685303,-47.3128548058575,-53.219761646467575,0.2689993381500244,100,-39.61148680868897,0.0019061341,14.47569990158081,293,5343.9255084991455,18.161794185638428,-15.534425743170864,-0.0012765961
0.025999069213867188,18.21998620033264,2.978420753899952,2950000,3.045928955078125,-46.59903937227858,-52.895406253222674,0.256000280380249,100,-38.83735413163579,0.011331909,14.926044940948486,294,5362.4404945373535,18.50298500061035,-15.178060321177389,0.008955298
0.025002717971801758,18.52642321586609,3.4189281735576937,2960000,3.138887882232666,-46.96026932574617,-54.57891502365765,0.2539987564086914,100,-38.76964516762563,0.015964149,15.125741720199585,295,5381.2609186172485,18.807422399520874,-15.338714222158986,0.00628186
0.026999235153198242,18.0359845161438,2.8782086720363127,2970000,3.0111193656921387,-46.768253021377234,-53.15480522216775,0.26200270652770996,100,-39.126107431169935,0.0073668137,14.737690925598145,296,5399.598903179169,18.324986457824707,-15.270478071732727,0.0018520126
0.018997907638549805,18.24462389945984,2.8006908867191393,2980000,3.051652431488037,-47.4301591611272,-54.74991418457545,0.27700042724609375,100,-38.455482145229865,-0.0024717804,14.93467092514038,297,5418.152524471283,18.541622161865234,-15.581724110220385,-0.0052835112
0.026004552841186523,18.082626581192017,3.0315024169283356,2990000,3.009856939315796,-47.42701578298968,-54.59061314264811,0.27296924591064453,100,-38.72444337871894,-0.017381616,14.805055856704712,298,5436.547124385834,18.381600379943848,-15.582325696688594,-0.017690845
0.01898336410522461,17.97300124168396,3.662979911599513,3000000,3.141218900680542,-47.551119701525316,-54.56168290340388,0.2570013999938965,100,-39.20851092360537,0.018844495,14.578643798828125,299,5454.809109926224,18.24898600578308,-15.65253201706756,0.0056214477
